sale_line_id,transaction_id,sale_datetime,product_id,quantity,unit_selling_price,unit_cost,discount_mmk,payment_method
SL0000001,T000001,2026-06-01 18:56:00,P001,2,9400.0,7950,0,Cash
SL0000002,T000001,2026-06-01 18:56:00,P009,3,9500.0,7150,0,Cash
SL0000003,T000002,2026-06-01 15:22:00,P018,2,11000.0,7950,0,KBZPay
SL0000004,T000002,2026-06-01 15:22:00,P024,2,5650.0,4800,0,Cash
SL0000005,T000002,2026-06-01 15:22:00,P035,2,10250.0,8150,0,Cash
SL0000006,T000003,2026-06-01 15:50:00,P999,1,6900.0,5900,0,Cash
SL0000007,T000003,2026-06-01 15:50:00,P008,2,1450.0,1200,0,Cash
SL0000008,T000004,2026-06-01 18:37:00,P037,1,4650.0,3300,0,Cash
SL0000009,T000005,2026-06-01 09:14:00,P011,2,5600.0,4100,0,Cash
SL0000010,T000006,2026-06-01 17:31:00,P026,1,8650.0,7250,0,WavePay
SL0000011,T000007,2026-06-01 10:39:00,P015,2,1050.0,750,0,Cash
SL0000012,T000008,2026-06-01 16:28:00,P018,2,11000.0,7950,0,Cash
SL0000013,T000008,2026-06-01 16:28:00,P038,1,4500.0,3300,0,Cash
SL0000014,T000009,2026-06-01 20:24:00,P017,-2,8050.0,6850,0,KBZPay
SL0000015,T000010,2026-06-01 08:55:00,P002,2,9700.0,7950,0,Cash
SL0000016,T000010,2026-06-01 08:55:00,P037,1,4650.0,3300,0,Cash
SL0000017,T000011,2026-06-01 11:21:00,P024,1,5650.0,4800,0,Cash
SL0000018,T000012,2026-06-01 12:35:00,P033,1,550.0,450,0,Cash
SL0000019,T000012,2026-06-01 12:35:00,P003,1,7250.0,5200,0,KBZPay
SL0000020,T000012,2026-06-01 12:35:00,P030,1,9850.0,8500,0,Cash
SL0000021,T000013,2026-06-01 19:01:00,P014,1,10450.0,8900,0,Cash
SL0000022,T000014,2026-06-01 07:48:00,P035,1,10250.0,8150,0,cash
SL0000023,T000015,2026-06-01 11:36:00,P007,4,2750.0,2400,0,KBZPay
SL0000024,T000016,2026-06-01 13:58:00,P027,1,600.0,500,0,KBZPay
SL0000025,T000017,2026-06-01 11:43:00,P035,3,10250.0,8150,0,Cash
SL0000026,T000017,2026-06-01 11:43:00,P030,1,9850.0,8500,0,Cash
SL0000027,T000018,2026-06-01 07:18:00,P007,1,2750.0,2400,0,Cash
SL0000028,T000018,2026-06-01 07:18:00,P039,1,9350.0,7550,0,Cash
SL0000029,T000019,2026-06-01 14:18:00,P003,1,7250.0,5200,0,Cash
SL0000030,T000020,2026-06-01 17:15:00,P038,1,4500.0,3300,0,Cash
SL0000031,T000021,2026-06-01 13:34:00,P011,2,5600.0,4100,0,WavePay
SL0000032,T000021,2026-06-01 13:34:00,P003,1,7250.0,5200,0,Cash
SL0000033,T000022,2026-06-01 19:20:00,P034,1,6900.0,5900,0,Cash
SL0000034,T000023,2026-06-01 16:32:00,P020,1,9600.0,7050,0,Cash
SL0000035,T000024,2026-06-01 12:46:00,P001,1,,7950,0,KBZPay
SL0000036,T000025,2026-06-01 15:01:00,P020,1,9600.0,7050,0,Cash
SL0000037,T000026,2026-06-01 17:41:00,P022,2,8800.0,7450,0,Cash
SL0000038,T000027,2026-06-01 13:57:00,P003,4,7250.0,5200,0,Cash
SL0000039,T000028,2026-06-01 12:30:00,P024,1,5650.0,4800,0,Cash
SL0000040,T000029,2026-06-02 17:43:00,P038,1,4500.0,3300,0,Cash
SL0000041,T000030,2026-06-02 12:02:00,P026,1,8650.0,7250,0,Cash
SL0000042,T000031,2026-06-02 09:54:00,P029,1,9250.0,7400,0,Cash
SL0000043,T000032,2026-06-02 07:20:00,P007,1,2750.0,2400,0,Cash
SL0000044,T000033,2026-06-02 17:55:00,P017,2,8050.0,6850,0,WavePay
SL0000045,T000033,2026-06-02 17:55:00,P024,2,5650.0,4800,0,Cash
SL0000046,T000034,2026-06-02 11:59:00,P008,1,1450.0,1200,0,KBZPay
SL0000047,T000034,2026-06-02 11:59:00,P018,1,11000.0,7950,0,KBZPay
SL0000048,T000035,2026-06-02 19:28:00,P033,1,550.0,450,0,Cash
SL0000049,T000036,2026-06-02 19:56:00,P033,1,550.0,450,0,Cash
SL0000050,T000037,2026-06-02 15:02:00,P014,1,10450.0,8900,0,Cash
SL0000051,T000038,2026-06-02 11:23:00,P012,1,9800.0,8800,500,KBZPay
SL0000052,T000039,2026-06-02 13:15:00,P024,1,5650.0,4800,0,WavePay
SL0000053,T000040,2026-06-02 10:43:00,P011,1,5600.0,4100,0,Cash
SL0000054,T000041,2026-06-02 14:50:00,P024,3,5650.0,4800,0,WavePay
SL0000055,T000041,2026-06-02 14:50:00,P008,2,1450.0,1200,0,Cash
SL0000056,T000042,2026-06-02 17:17:00,P034,1,6900.0,5900,0,Cash
SL0000057,T000042,2026-06-02 17:17:00,P024,1,5650.0,4800,0,Cash
SL0000058,T000042,2026-06-02 17:17:00,P020,1,9600.0,7050,0,Cash
SL0000059,T000043,2026-06-02 13:02:00,P006,1,6750.0,4750,0,Cash
SL0000060,T000043,2026-06-02 13:02:00,P008,1,1450.0,1200,0,Cash
SL0000061,T000043,2026-06-02 13:02:00,P026,1,8650.0,7250,0,Cash
SL0000062,T000044,2026-06-02 12:00:00,P020,1,9600.0,7050,0,Cash
SL0000063,T000045,2026-06-02 12:33:00,P028,1,950.0,750,0,KBZPay
SL0000064,T000045,2026-06-02 12:33:00,P010,1,7200.0,5600,0,KBZPay
SL0000065,T000045,2026-06-02 12:33:00,P015,1,1050.0,750,0,WavePay
SL0000066,T000046,2026-06-02 09:05:00,P026,1,8650.0,7250,450,Cash
SL0000067,T000047,2026-06-02 14:50:00,P010,1,7200.0,5600,0,Cash
SL0000068,T000047,2026-06-02 14:50:00,P039,1,9350.0,7550,0,Cash
SL0000069,T000048,2026-06-02 12:16:00,P038,1,4500.0,3300,0,Cash
SL0000070,T000049,2026-06-02 12:08:00,P018,1,11000.0,7950,0,Cash
SL0000071,T000049,2026-06-02 12:08:00,P014,2,10450.0,8900,0,KBZPay
SL0000072,T000049,2026-06-02 12:08:00,P028,1,950.0,750,50,Cash
SL0000073,T000050,2026-06-02 17:17:00,P035,1,10250.0,8150,500,KBZPay
SL0000074,T000051,2026-06-02 12:30:00,P037,3,4650.0,3300,0,Cash
SL0000075,T000051,2026-06-02 12:30:00,P015,1,1050.0,750,0,Cash
SL0000076,T000052,2026-06-02 19:55:00,P033,1,550.0,450,0,WavePay
SL0000077,T000052,2026-06-02 19:55:00,P014,1,10450.0,8900,0,Cash
SL0000078,T000053,2026-06-02 16:03:00,P007,2,2750.0,2400,0,Cash
SL0000079,T000054,2026-06-02 17:30:00,P024,2,5650.0,4800,550,Cash
SL0000080,T000055,2026-06-02 18:37:00,P039,1,9350.0,7550,0,Cash
SL0000081,T000055,2026-06-02 18:37:00,P012,1,9800.0,8800,0,Cash
SL0000082,T000056,2026-06-02 10:50:00,P038,3,4500.0,3300,0,WavePay
SL0000083,T000056,2026-06-02 10:50:00,P014,1,10450.0,8900,0,WavePay
SL0000084,T000057,2026-06-02 09:04:00,P004,4,2300.0,1700,0,Cash
SL0000085,T000058,2026-06-02 13:32:00,P037,1,4650.0,3300,0,WavePay
SL0000086,T000059,2026-06-02 16:09:00,P021,1,10450.0,8200,0,WavePay
SL0000087,T000059,2026-06-02 16:09:00,P005,2,8700.0,6300,850,KBZPay
SL0000088,T000060,2026-06-02 15:30:00,P005,1,8700.0,6300,0,Cash
SL0000089,T000061,2026-06-02 18:16:00,P034,2,6900.0,5900,0,Cash
SL0000090,T000061,2026-06-02 18:16:00,P038,2,4500.0,3300,0,Cash
SL0000091,T000062,2026-06-02 18:10:00,P018,1,11000.0,7950,0,Cash
SL0000092,T000063,2026-06-03 15:29:00,P015,1,1050.0,750,0,Cash
SL0000093,T000063,2026-06-03 15:29:00,P004,2,2300.0,1700,0,WavePay
SL0000094,T000064,2026-06-03 11:31:00,P003,1,7250.0,5200,0,KBZPay
SL0000095,T000065,2026-06-03 08:23:00,P039,1,9350.0,7550,0,Cash
SL0000096,T000066,2026-06-03 10:38:00,P002,1,9700.0,7950,0,KBZPay
SL0000097,T000067,2026-06-03 09:51:00,P033,2,550.0,450,0,KBZPay
SL0000098,T000067,2026-06-03 09:51:00,P004,1,2300.0,1700,0,Cash
SL0000099,T000068,2026-06-03 08:05:00,P021,1,10450.0,8200,0,Cash
SL0000100,T000069,2026-06-03 09:39:00,P005,1,8700.0,6300,0,Cash
SL0000101,T000069,2026-06-03 09:39:00,P027,1,600.0,500,0,Cash
SL0000102,T000069,2026-06-03 09:39:00,P037,1,4650.0,3300,0,Cash
SL0000103,T000070,2026-06-03 21:30:00,P025,2,2450.0,2150,0,KBZPay
SL0000104,T000070,2026-06-03 21:30:00,P031,1,6800.0,4750,0,WavePay
SL0000105,T000071,2026-06-03 12:54:00,P033,1,550.0,450,0,Cash
SL0000106,T000072,2026-06-03 14:19:00,P011,1,5600.0,4100,0,Cash
SL0000107,T000073,2026-06-03 12:16:00,P027,1,600.0,500,0,Cash
SL0000108,T000074,2026-06-03 16:51:00,P021,1,10450.0,8200,0,Cash
SL0000109,T000075,2026-06-03 14:40:00,P039,1,9350.0,7550,0,Cash
SL0000110,T000076,2026-06-03 08:56:00,P010,1,7200.0,5600,0,Cash
SL0000111,T000076,2026-06-03 08:56:00,P033,1,550.0,450,0,WavePay
SL0000112,T000077,2026-06-03 12:00:00,P039,1,9350.0,7550,0,KBZPay
SL0000113,T000078,2026-06-03 15:40:00,P039,2,9350.0,7550,0,Cash
SL0000114,T000078,2026-06-03 15:40:00,P038,2,4500.0,3300,0,Cash
SL0000115,T000078,2026-06-03 15:40:00,P026,1,8650.0,7250,450,WavePay
SL0000116,T000079,2026-06-03 21:20:00,P005,1,8700.0,6300,0,Cash
SL0000117,T000079,2026-06-03 21:20:00,P037,1,4650.0,3300,0,Cash
SL0000118,T000080,2026-06-03 13:02:00,P034,2,6900.0,5900,0,Cash
SL0000119,T000081,2026-06-03 18:04:00,P026,1,8650.0,7250,0,Cash
SL0000120,T000081,2026-06-03 18:04:00,P036,3,6250.0,4350,0,Cash
SL0000121,T000081,2026-06-03 18:04:00,P034,1,6900.0,5900,0,Cash
SL0000122,T000082,2026-06-03 21:11:00,P012,1,9800.0,8800,0,Cash
SL0000123,T000083,2026-06-03 16:27:00,P009,1,9500.0,7150,0,WavePay
SL0000124,T000084,2026-06-04 14:31:00,P027,1,600.0,500,0,Cash
SL0000125,T000085,2026-06-04 13:09:00,P024,3,5650.0,4800,0,Cash
SL0000126,T000085,2026-06-04 13:09:00,P003,1,7250.0,5200,0,Cash
SL0000127,T000086,2026-06-04 10:57:00,P014,2,10450.0,8900,0,Cash
SL0000128,T000086,2026-06-04 10:57:00,P039,1,9350.0,7550,0,Cash
SL0000129,T000087,2026-06-04 13:53:00,P018,1,11000.0,7950,0,Cash
SL0000130,T000088,2026-06-04 09:20:00,P022,1,8800.0,7450,0,Cash
SL0000131,T000088,2026-06-04 09:20:00,P037,1,4650.0,3300,0,KBZPay
SL0000132,T000089,2026-06-04 14:24:00,P021,2,10450.0,8200,0,Cash
SL0000133,T000089,2026-06-04 14:24:00,P032,1,10850.0,8500,0,Cash
SL0000134,T000090,2026-06-04 10:54:00,P015,1,1050.0,750,0,Cash
SL0000135,T000090,2026-06-04 10:54:00,P014,1,10450.0,8900,0,Cash
SL0000136,T000091,2026-06-04 13:45:00,P024,1,5650.0,4800,0,Cash
SL0000137,T000091,2026-06-04 13:45:00,P030,1,9850.0,8500,0,Cash
SL0000138,T000092,2026-06-04 13:37:00,P038,1,4500.0,3300,0,Cash
SL0000139,T000092,2026-06-04 13:37:00,P015,2,1050.0,750,0,Cash
SL0000140,T000093,2026-06-04 12:47:00,P020,1,9600.0,7050,0,Cash
SL0000141,T000094,2026-06-04 17:57:00,P020,1,9600.0,7050,0,WavePay
SL0000142,T000095,2026-06-04 14:17:00,P015,2,1050.0,750,0,Cash
SL0000143,T000096,2026-06-04 10:34:00,P023,1,7800.0,6250,400,WavePay
SL0000144,T000097,2026-06-04 17:52:00,P035,1,10250.0,8150,0,Cash
SL0000145,T000098,2026-06-04 10:05:00,P035,1,10250.0,8150,0,Cash
SL0000146,T000098,2026-06-04 10:05:00,P038,1,4500.0,3300,0,Cash
SL0000147,T000099,2026-06-04 11:58:00,P012,1,9800.0,8800,0,KBZPay
SL0000148,T000100,2026-06-04 16:17:00,P032,3,10850.0,8500,0,Cash
SL0000149,T000100,2026-06-04 16:17:00,P012,2,9800.0,8800,0,WavePay
SL0000150,T000101,2026-06-04 10:09:00,P024,4,5650.0,4800,0,Cash
SL0000151,T000102,2026-06-04 07:39:00,P023,1,7800.0,6250,0,KBZPay
SL0000152,T000102,2026-06-04 07:39:00,P024,1,5650.0,4800,0,Cash
SL0000153,T000103,2026-06-04 12:09:00,P033,1,550.0,450,0,KBZPay
SL0000154,T000104,2026-06-04 09:21:00,P014,1,10450.0,8900,0,Cash
SL0000155,T000104,2026-06-04 09:21:00,P034,2,6900.0,5900,0,Cash
SL0000156,T000105,2026-06-04 12:43:00,P013,2,8950.0,6450,0,WavePay
SL0000157,T000106,2026-06-04 16:22:00,P024,2,5650.0,4800,0,KBZPay
SL0000158,T000107,2026-06-04 10:25:00,P025,1,2450.0,2150,0,Cash
SL0000159,T000108,2026-06-04 20:24:00,P030,2,9850.0,8500,1000,Cash
SL0000160,T000109,2026-06-04 11:52:00,P030,1,9850.0,8500,0,Cash
SL0000161,T000110,2026-06-04 07:08:00,P028,1,950.0,750,0,Cash
SL0000162,T000111,2026-06-04 21:38:00,P021,3,10450.0,8200,0,WavePay
SL0000163,T000112,2026-06-04 16:35:00,P015,1,1050.0,750,0,Cash
SL0000164,T000113,2026-06-04 10:19:00,P009,1,9500.0,7150,0,Cash
SL0000165,T000113,2026-06-04 10:19:00,P006,1,6750.0,4750,0,Cash
SL0000166,T000114,2026-06-05 10:43:00,P012,1,9800.0,8800,0,WavePay
SL0000167,T000115,2026-06-05 11:22:00,P005,1,8700.0,6300,0,Cash
SL0000168,T000116,2026-06-05 13:28:00,P037,1,4650.0,3300,0,Cash
SL0000169,T000117,2026-06-05 13:12:00,P006,1,6750.0,4750,0,Cash
SL0000170,T000117,2026-06-05 13:12:00,P020,1,9600.0,7050,0,Cash
SL0000171,T000117,2026-06-05 13:12:00,P026,1,8650.0,7250,0,Cash
SL0000172,T000118,2026-06-05 21:10:00,P034,1,6900.0,5900,0,Cash
SL0000173,T000118,2026-06-05 21:10:00,P007,1,2750.0,2400,0,Cash
SL0000174,T000118,2026-06-05 21:10:00,P015,1,1050.0,750,50,Cash
SL0000175,T000119,2026-06-05 16:20:00,P008,1,1450.0,1200,0,Cash
SL0000176,T000119,2026-06-05 16:20:00,P012,1,9800.0,8800,500,Cash
SL0000177,T000119,2026-06-05 16:20:00,P015,3,1050.0,750,0,KBZPay
SL0000178,T000120,2026-06-05 09:48:00,P038,1,4500.0,3300,0,Cash
SL0000179,T000120,2026-06-05 09:48:00,P016,1,10700.0,8500,0,Cash
SL0000180,T000121,2026-06-05 11:16:00,P006,2,6750.0,4750,0,KBZPay
SL0000181,T000121,2026-06-05 11:16:00,P030,1,9850.0,8500,0,Cash
SL0000182,T000122,2026-06-05 13:13:00,P012,1,9800.0,8800,0,Cash
SL0000183,T000122,2026-06-05 13:13:00,P039,2,9350.0,7550,0,Cash
SL0000184,T000122,2026-06-05 13:13:00,P038,1,4500.0,3300,0,Cash
SL0000185,T000123,2026-06-05 13:55:00,P039,1,9350.0,7550,0,WavePay
SL0000186,T000124,2026-06-05 17:59:00,P010,1,7200.0,5600,0,Cash
SL0000187,T000124,2026-06-05 17:59:00,P012,1,9800.0,8800,0,KBZPay
SL0000188,T000125,2026-06-05 17:56:00,P024,1,5650.0,4800,0,KBZPay
SL0000189,T000125,2026-06-05 17:56:00,P029,2,9250.0,7400,0,Cash
SL0000190,T000125,2026-06-05 17:56:00,P005,1,8700.0,6300,0,KBZPay
SL0000191,T000126,2026-06-05 16:33:00,P018,1,11000.0,7950,0,Cash
SL0000192,T000127,2026-06-05 07:31:00,P021,1,10450.0,8200,0,Cash
SL0000193,T000128,2026-06-05 21:08:00,P002,1,9700.0,7950,0,KBZPay
SL0000194,T000128,2026-06-05 21:08:00,P008,1,1450.0,1200,50,KBZPay
SL0000195,T000129,2026-06-05 14:11:00,P009,2,9500.0,7150,0,KBZPay
SL0000196,T000130,2026-06-05 20:57:00,P021,1,10450.0,8200,0,Cash
SL0000197,T000131,2026-06-05 11:24:00,P033,4,550.0,450,0,Cash
SL0000198,T000132,2026-06-05 14:45:00,P009,1,9500.0,7150,0,Cash
SL0000199,T000132,2026-06-05 14:45:00,P016,1,10700.0,8500,0,Cash
SL0000200,T000133,2026-06-05 18:33:00,P005,1,8700.0,6300,0,Cash
SL0000201,T000134,2026-06-05 14:08:00,P014,2,10450.0,8900,0,Cash
SL0000202,T000134,2026-06-05 14:08:00,P025,2,2450.0,2150,0,KBZPay
SL0000203,T000135,2026-06-05 09:16:00,P019,1,3050.0,2500,0,Cash
SL0000204,T000136,2026-06-05 14:45:00,P027,1,600.0,500,0,KBZPay
SL0000205,T000136,2026-06-05 14:45:00,P038,1,4500.0,3300,0,KBZPay
SL0000206,T000137,2026-06-05 12:39:00,P024,1,5650.0,4800,0,Cash
SL0000207,T000138,2026-06-05 12:42:00,P007,1,2750.0,2400,0,Cash
SL0000208,T000138,2026-06-05 12:42:00,P003,3,7250.0,5200,0,KBZPay
SL0000209,T000139,2026-06-05 18:17:00,P005,1,8700.0,6300,0,Cash
SL0000210,T000139,2026-06-05 18:17:00,P030,2,9850.0,8500,0,WavePay
SL0000211,T000140,2026-06-05 09:32:00,P014,1,10450.0,8900,0,Cash
SL0000212,T000140,2026-06-05 09:32:00,P019,1,3050.0,2500,0,Cash
SL0000213,T000141,2026-06-05 10:29:00,P026,1,8650.0,7250,0,Cash
SL0000214,T000142,2026-06-05 13:22:00,P007,2,2750.0,2400,0,Cash
SL0000215,T000143,2026-06-05 12:23:00,P020,2,9600.0,7050,950,Cash
SL0000216,T000143,2026-06-05 12:23:00,P014,1,10450.0,8900,0,KBZPay
SL0000217,T000144,2026-06-05 11:43:00,P033,1,550.0,450,0,Cash
SL0000218,T000145,2026-06-05 10:35:00,P018,1,11000.0,7950,0,Cash
SL0000219,T000146,2026-06-05 12:26:00,P011,1,5600.0,4100,300,Cash
SL0000220,T000147,2026-06-05 12:32:00,P015,1,1050.0,750,50,Cash
SL0000221,T000148,2026-06-05 21:40:00,P024,1,5650.0,4800,0,Cash
SL0000222,T000149,2026-06-05 12:23:00,P021,2,10450.0,8200,0,Cash
SL0000223,T000150,2026-06-05 20:29:00,P012,1,9800.0,8800,0,KBZPay
SL0000224,T000150,2026-06-05 20:29:00,P003,2,7250.0,5200,0,Cash
SL0000225,T000151,2026-06-05 07:51:00,P012,1,9800.0,8800,0,Cash
SL0000226,T000152,2026-06-05 13:14:00,P015,1,1050.0,750,0,KBZPay
SL0000227,T000153,2026-06-05 20:49:00,P026,1,8650.0,7250,0,Cash
SL0000228,T000154,2026-06-05 14:13:00,P008,1,1450.0,1200,0,WavePay
SL0000229,T000155,2026-06-05 18:26:00,P039,3,9350.0,7550,0,KBZPay
SL0000230,T000155,2026-06-05 18:26:00,P003,1,7250.0,5200,0,Cash
SL0000231,T000156,2026-06-05 07:42:00,P039,1,9350.0,7550,0,Cash
SL0000232,T000157,2026-06-06 13:33:00,P030,1,9850.0,8500,500,Cash
SL0000233,T000158,2026-06-06 21:25:00,P015,1,1050.0,750,0,Cash
SL0000234,T000159,2026-06-06 11:06:00,P039,1,9350.0,7550,0,Cash
SL0000235,T000160,2026-06-06 14:47:00,P015,1,1050.0,750,0,Cash
SL0000236,T000161,2026-06-06 11:02:00,P037,3,4650.0,3300,0,Cash
SL0000237,T000161,2026-06-06 11:02:00,P038,1,4500.0,3300,0,KBZPay
SL0000238,T000161,2026-06-06 11:02:00,P006,1,6750.0,4750,0,Cash
SL0000239,T000162,2026-06-06 14:38:00,P008,3,1450.0,1200,0,KBZPay
SL0000240,T000162,2026-06-06 14:38:00,P003,1,7250.0,5200,0,KBZPay
SL0000241,T000163,2026-06-06 16:47:00,P039,1,9350.0,7550,0,Cash
SL0000242,T000164,2026-06-06 21:24:00,P009,2,9500.0,7150,0,Cash
SL0000243,T000164,2026-06-06 21:24:00,P039,2,9350.0,7550,0,Cash
SL0000244,T000165,2026-06-06 13:59:00,P030,2,9850.0,8500,0,KBZPay
SL0000245,T000166,2026-06-06 16:49:00,P013,2,8950.0,6450,0,Cash
SL0000246,T000167,2026-06-06 17:32:00,P028,1,950.0,750,0,Cash
SL0000247,T000168,2026-06-06 10:28:00,P031,2,6800.0,4750,0,Cash
SL0000248,T000168,2026-06-06 10:28:00,P009,2,9500.0,7150,0,Cash
SL0000249,T000169,2026-06-06 12:35:00,P001,2,9400.0,7950,0,Cash
SL0000250,T000170,2026-06-06 17:09:00,P031,1,6800.0,4750,0,Cash
SL0000251,T000171,2026-06-06 07:26:00,P016,1,10700.0,8500,0,WavePay
SL0000252,T000171,2026-06-06 07:26:00,P015,2,1050.0,750,100,Cash
SL0000253,T000172,2026-06-06 13:08:00,P034,1,6900.0,5900,0,Cash
SL0000254,T000172,2026-06-06 13:08:00,P012,1,9800.0,8800,0,KBZPay
SL0000255,T000173,2026-06-06 15:33:00,P014,2,10450.0,8900,0,Cash
SL0000256,T000174,2026-06-06 10:44:00,P038,2,4500.0,3300,0,Cash
SL0000257,T000175,2026-06-06 18:13:00,P026,1,8650.0,7250,0,Cash
SL0000258,T000176,2026-06-06 16:58:00,P004,1,2300.0,1700,0,KBZPay
SL0000259,T000177,2026-06-06 07:09:00,P003,1,7250.0,5200,0,WavePay
SL0000260,T000177,2026-06-06 07:09:00,P030,1,9850.0,8500,0,Cash
SL0000261,T000177,2026-06-06 07:09:00,P039,1,9350.0,7550,0,KBZPay
SL0000262,T000178,2026-06-06 15:47:00,P038,3,4500.0,3300,0,Cash
SL0000263,T000179,2026-06-06 08:05:00,P034,2,6900.0,5900,0,KBZPay
SL0000264,T000179,2026-06-06 08:05:00,P011,1,5600.0,4100,0,Cash
SL0000265,T000180,2026-06-06 11:00:00,P014,1,10450.0,8900,0,KBZPay
SL0000266,T000180,2026-06-06 11:00:00,P006,2,6750.0,4750,0,Cash
SL0000267,T000181,2026-06-06 15:18:00,P020,2,9600.0,7050,0,Cash
SL0000268,T000182,2026-06-06 16:52:00,P012,1,9800.0,8800,500,Cash
SL0000269,T000183,2026-06-06 14:31:00,P028,1,950.0,750,0,Cash
SL0000270,T000183,2026-06-06 14:31:00,P017,1,8050.0,6850,0,WavePay
SL0000271,T000184,2026-06-06 10:19:00,P026,1,8650.0,7250,450,KBZPay
SL0000272,T000185,2026-06-06 10:22:00,P010,1,7200.0,5600,0,Cash
SL0000273,T000185,2026-06-06 10:22:00,P020,1,9600.0,7050,0,Cash
SL0000274,T000186,2026-06-06 13:13:00,P035,1,10250.0,8150,0,Cash
SL0000275,T000187,2026-06-06 15:16:00,P024,3,5650.0,4800,0,WavePay
SL0000276,T000188,2026-06-06 17:36:00,P024,2,5650.0,4800,0,Cash
SL0000277,T000188,2026-06-06 17:36:00,P003,3,7250.0,5200,1100,Cash
SL0000278,T000189,2026-06-06 07:10:00,P020,1,9600.0,7050,0,WavePay
SL0000279,T000189,2026-06-06 07:10:00,P006,1,6750.0,4750,0,Cash
SL0000280,T000189,2026-06-06 07:10:00,P021,1,10450.0,8200,0,Cash
SL0000281,T000190,2026-06-06 17:51:00,P012,1,9800.0,8800,500,WavePay
SL0000282,T000191,2026-06-06 18:33:00,P005,1,8700.0,6300,0,Cash
SL0000283,T000192,2026-06-06 14:54:00,P003,2,7250.0,5200,0,Cash
SL0000284,T000192,2026-06-06 14:54:00,P026,3,8650.0,7250,0,Cash
SL0000285,T000192,2026-06-06 14:54:00,P028,1,950.0,750,0,KBZPay
SL0000286,T000193,2026-06-06 17:18:00,P024,1,5650.0,4800,0,Cash
SL0000287,T000193,2026-06-06 17:18:00,P038,1,4500.0,3300,0,Cash
SL0000288,T000194,2026-06-06 10:15:00,P027,1,600.0,500,0,Cash
SL0000289,T000195,2026-06-06 14:28:00,P020,1,9600.0,7050,0,WavePay
SL0000290,T000196,2026-06-07 15:30:00,P030,1,9850.0,8500,0,Cash
SL0000291,T000197,2026-06-07 21:03:00,P033,1,550.0,450,0,Cash
SL0000292,T000197,2026-06-07 21:03:00,P027,1,600.0,500,0,Cash
SL0000293,T000197,2026-06-07 21:03:00,P015,1,1050.0,750,0,Cash
SL0000294,T000198,2026-06-07 18:09:00,P014,1,10450.0,8900,0,Cash
SL0000295,T000199,2026-06-07 12:12:00,P025,2,2450.0,2150,0,Cash
SL0000296,T000199,2026-06-07 12:12:00,P034,2,6900.0,5900,700,Cash
SL0000297,T000200,2026-06-07 15:28:00,P007,2,2750.0,2400,0,Cash
SL0000298,T000201,2026-06-07 15:42:00,P027,4,600.0,500,0,Cash
SL0000299,T000201,2026-06-07 15:42:00,P020,1,9600.0,7050,0,Cash
SL0000300,T000202,2026-06-07 14:57:00,P008,1,1450.0,1200,0,Cash
SL0000301,T000202,2026-06-07 14:57:00,P026,1,8650.0,7250,0,Cash
SL0000302,T000202,2026-06-07 14:57:00,P014,1,10450.0,8900,0,Cash
SL0000303,T000203,2026-06-07 14:14:00,P015,1,1050.0,750,0,Cash
SL0000304,T000203,2026-06-07 14:14:00,P024,1,5650.0,4800,0,Cash
SL0000305,T000204,2026-06-07 07:04:00,P011,1,5600.0,4100,0,WavePay
SL0000306,T000205,2026-06-07 18:20:00,P031,4,6800.0,4750,0,Cash
SL0000307,T000206,2026-06-07 08:08:00,P014,1,10450.0,8900,0,Cash
SL0000308,T000207,2026-06-07 20:22:00,P004,2,2300.0,1700,0,KBZPay
SL0000309,T000207,2026-06-07 20:22:00,P020,1,9600.0,7050,0,Cash
SL0000310,T000208,2026-06-07 20:28:00,P026,1,8650.0,7250,0,Cash
SL0000311,T000209,2026-06-07 08:32:00,P037,1,4650.0,3300,0,Cash
SL0000312,T000209,2026-06-07 08:32:00,P024,1,5650.0,4800,0,Cash
SL0000313,T000210,2026-06-07 13:16:00,P036,1,6250.0,4350,0,WavePay
SL0000314,T000211,2026-06-07 12:48:00,P024,1,5650.0,4800,0,Cash
SL0000315,T000211,2026-06-07 12:48:00,P008,2,1450.0,1200,0,Cash
SL0000316,T000211,2026-06-07 12:48:00,P033,3,550.0,450,0,Cash
SL0000317,T000212,2026-06-07 21:57:00,P004,1,2300.0,1700,0,KBZPay
SL0000318,T000212,2026-06-07 21:57:00,P038,2,4500.0,3300,0,WavePay
SL0000319,T000212,2026-06-07 21:57:00,P024,1,5650.0,4800,0,Cash
SL0000320,T000213,2026-06-07 12:20:00,P003,1,7250.0,5200,0,Cash
SL0000321,T000213,2026-06-07 12:20:00,P020,2,9600.0,7050,0,Cash
SL0000322,T000214,2026-06-07 10:00:00,P009,4,9500.0,7150,0,KBZPay
SL0000323,T000215,2026-06-07 14:08:00,P009,1,9500.0,7150,0,KBZPay
SL0000324,T000216,2026-06-07 13:20:00,P012,1,9800.0,8800,500,KBZPay
SL0000325,T000217,2026-06-07 16:30:00,P039,1,9350.0,7550,450,Cash
SL0000326,T000218,2026-06-07 12:15:00,P033,2,550.0,450,0,Cash
SL0000327,T000218,2026-06-07 12:15:00,P031,1,6800.0,4750,0,Cash
SL0000328,T000219,2026-06-07 21:05:00,P026,2,8650.0,7250,0,Cash
SL0000329,T000219,2026-06-07 21:05:00,P025,1,2450.0,2150,0,Cash
SL0000330,T000220,2026-06-07 14:13:00,P024,1,5650.0,4800,0,Cash
SL0000331,T000221,2026-06-07 13:42:00,P024,1,5650.0,4800,0,Cash
SL0000332,T000221,2026-06-07 13:42:00,P031,1,6800.0,4750,0,Cash
SL0000333,T000221,2026-06-07 13:42:00,P008,1,1450.0,1200,0,KBZPay
SL0000334,T000222,2026-06-07 14:32:00,P006,1,6750.0,4750,0,Cash
SL0000335,T000223,2026-06-07 09:21:00,P004,1,2300.0,1700,0,Cash
SL0000336,T000223,2026-06-07 09:21:00,P020,1,9600.0,7050,0,Cash
SL0000337,T000224,2026-06-07 15:50:00,P018,1,11000.0,7950,0,KBZPay
SL0000338,T000224,2026-06-07 15:50:00,P017,1,8050.0,6850,0,Cash
SL0000339,T000224,2026-06-07 15:50:00,P005,1,8700.0,6300,0,Cash
SL0000340,T000225,2026-06-07 11:31:00,P039,1,9350.0,7550,0,Cash
SL0000341,T000226,2026-06-07 15:13:00,P024,1,5650.0,4800,0,KBZPay
SL0000342,T000227,2026-06-07 10:37:00,P019,1,3050.0,2500,0,KBZPay
SL0000343,T000227,2026-06-07 10:37:00,P020,1,9600.0,7050,0,Cash
SL0000344,T000227,2026-06-07 10:37:00,P005,3,8700.0,6300,0,Cash
SL0000345,T000228,2026-06-07 08:44:00,P011,1,5600.0,4100,0,Cash
SL0000346,T000228,2026-06-07 08:44:00,P004,1,2300.0,1700,0,KBZPay
SL0000347,T000229,2026-06-07 10:57:00,P005,2,8700.0,6300,0,KBZPay
SL0000348,T000230,2026-06-07 07:18:00,P034,1,6900.0,5900,0,WavePay
SL0000349,T000231,2026-06-07 16:28:00,P012,2,9800.0,8800,0,KBZPay
SL0000350,T000231,2026-06-07 16:28:00,P015,1,1050.0,750,0,Cash
SL0000351,T000232,2026-06-07 13:07:00,P020,3,9600.0,7050,0,Cash
SL0000352,T000233,2026-06-07 15:13:00,P039,1,9350.0,7550,0,Cash
SL0000353,T000234,2026-06-07 15:08:00,P028,1,950.0,750,0,KBZPay
SL0000354,T000234,2026-06-07 15:08:00,P039,1,9350.0,7550,450,Cash
SL0000355,T000234,2026-06-07 15:08:00,P008,1,1450.0,1200,0,Cash
SL0000356,T000235,2026-06-08 15:44:00,P012,1,9800.0,8800,0,Cash
SL0000357,T000236,2026-06-08 12:25:00,P026,1,8650.0,7250,0,Cash
SL0000358,T000236,2026-06-08 12:25:00,P033,2,550.0,450,50,Cash
SL0000359,T000236,2026-06-08 12:25:00,P039,2,9350.0,7550,0,KBZPay
SL0000360,T000237,2026-06-08 16:52:00,P037,2,4650.0,3300,0,Cash
SL0000361,T000237,2026-06-08 16:52:00,P038,1,4500.0,3300,0,WavePay
SL0000362,T000238,2026-06-08 09:31:00,P005,1,8700.0,6300,0,Cash
SL0000363,T000239,2026-06-08 12:56:00,P037,1,4650.0,3300,0,Cash
SL0000364,T000239,2026-06-08 12:56:00,P038,2,4500.0,3300,0,Cash
SL0000365,T000240,2026-06-08 13:53:00,P034,1,6900.0,5900,350,Cash
SL0000366,T000241,2026-06-08 15:13:00,P029,1,9250.0,7400,0,KBZPay
SL0000367,T000242,2026-06-08 15:24:00,P019,1,3050.0,2500,0,KBZPay
SL0000368,T000243,2026-06-08 17:30:00,P035,1,10250.0,8150,0,Cash
SL0000369,T000244,2026-06-08 07:44:00,P014,1,10450.0,8900,0,KBZPay
SL0000370,T000244,2026-06-08 07:44:00,P019,1,3050.0,2500,0,Cash
SL0000371,T000245,2026-06-08 11:25:00,P034,1,6900.0,5900,0,WavePay
SL0000372,T000245,2026-06-08 11:25:00,P029,1,9250.0,7400,0,WavePay
SL0000373,T000245,2026-06-08 11:25:00,P033,1,550.0,450,0,Cash
SL0000374,T000246,2026-06-08 15:56:00,P030,1,9850.0,8500,0,WavePay
SL0000375,T000247,2026-06-08 17:09:00,P012,1,9800.0,8800,0,Cash
SL0000376,T000248,2026-06-08 11:57:00,P024,1,5650.0,4800,0,Cash
SL0000377,T000248,2026-06-08 11:57:00,P013,1,8950.0,6450,0,Cash
SL0000378,T000249,2026-06-08 17:25:00,P009,1,9500.0,7150,0,Cash
SL0000379,T000250,2026-06-08 14:08:00,P033,1,550.0,450,0,KBZPay
SL0000380,T000250,2026-06-08 14:08:00,P018,1,11000.0,7950,0,Cash
SL0000381,T000250,2026-06-08 14:08:00,P006,1,6750.0,4750,0,KBZPay
SL0000382,T000251,2026-06-08 07:50:00,P039,1,9350.0,7550,0,KBZPay
SL0000383,T000252,2026-06-08 07:15:00,P015,2,1050.0,750,100,Cash
SL0000384,T000253,2026-06-08 21:10:00,P034,4,6900.0,5900,0,Cash
SL0000385,T000254,2026-06-08 12:10:00,P011,1,5600.0,4100,0,Cash
SL0000386,T000254,2026-06-08 12:10:00,P015,1,1050.0,750,0,Cash
SL0000387,T000255,2026-06-08 07:04:00,P007,2,2750.0,2400,0,Cash
SL0000388,T000256,2026-06-08 11:23:00,P006,1,6750.0,4750,0,Cash
SL0000389,T000257,2026-06-08 13:53:00,P028,1,950.0,750,50,Cash
SL0000390,T000257,2026-06-08 13:53:00,P011,2,5600.0,4100,0,Cash
SL0000391,T000257,2026-06-08 13:53:00,P033,1,550.0,450,0,Cash
SL0000392,T000258,2026-06-08 17:02:00,P024,1,5650.0,4800,0,WavePay
SL0000393,T000259,2026-06-08 14:14:00,P005,2,8700.0,6300,0,WavePay
SL0000394,T000260,2026-06-08 11:55:00,P006,1,6750.0,4750,0,Cash
SL0000395,T000260,2026-06-08 11:55:00,P019,2,3050.0,2500,0,WavePay
SL0000396,T000261,2026-06-08 11:33:00,P013,1,8950.0,6450,0,Cash
SL0000397,T000262,2026-06-08 09:51:00,P012,1,9800.0,8800,500,Cash
SL0000398,T000262,2026-06-08 09:51:00,P016,3,10700.0,8500,0,Cash
SL0000399,T000263,2026-06-08 16:59:00,P025,1,2450.0,2150,0,Cash
SL0000400,T000264,2026-06-08 17:17:00,P018,3,11000.0,7950,0,Cash
SL0000401,T000265,2026-06-08 07:11:00,P003,1,7250.0,5200,0,Cash
SL0000402,T000266,2026-06-08 07:57:00,P029,1,9250.0,7400,0,Cash
SL0000403,T000267,2026-06-08 09:35:00,P020,1,9600.0,7050,0,KBZPay
SL0000404,T000268,2026-06-08 19:19:00,P027,1,600.0,500,0,Cash
SL0000405,T000269,2026-06-08 08:12:00,P024,1,5650.0,4800,0,KBZPay
SL0000406,T000270,2026-06-08 10:38:00,P035,2,10250.0,8150,0,Cash
SL0000407,T000270,2026-06-08 10:38:00,P033,1,550.0,450,0,Cash
SL0000408,T000271,2026-06-08 13:03:00,P020,1,9600.0,7050,0,Cash
SL0000409,T000271,2026-06-08 13:03:00,P030,1,9850.0,8500,0,WavePay
SL0000410,T000272,2026-06-09 13:45:00,P014,1,10450.0,8900,0,KBZPay
SL0000411,T000273,2026-06-09 08:01:00,P030,1,9850.0,8500,0,Cash
SL0000412,T000273,2026-06-09 08:01:00,P037,3,4650.0,3300,0,Cash
SL0000413,T000274,2026-06-09 15:04:00,P010,1,7200.0,5600,0,KBZPay
SL0000414,T000275,2026-06-09 10:39:00,P032,1,10850.0,8500,0,KBZPay
SL0000415,T000275,2026-06-09 10:39:00,P005,1,8700.0,6300,0,KBZPay
SL0000416,T000276,2026-06-09 11:52:00,P018,3,11000.0,7950,0,Cash
SL0000417,T000277,2026-06-09 17:38:00,P021,1,10450.0,8200,500,Cash
SL0000418,T000277,2026-06-09 17:38:00,P036,1,6250.0,4350,0,WavePay
SL0000419,T000278,2026-06-09 09:59:00,P036,1,6250.0,4350,0,Cash
SL0000420,T000278,2026-06-09 09:59:00,P037,1,4650.0,3300,0,Cash
SL0000421,T000279,2026-06-09 15:24:00,P017,2,8050.0,6850,0,KBZPay
SL0000422,T000279,2026-06-09 15:24:00,P009,1,9500.0,7150,0,Cash
SL0000423,T000280,2026-06-09 12:53:00,P015,2,1050.0,750,0,KBZPay
SL0000424,T000281,2026-06-09 13:39:00,P003,3,7250.0,5200,0,KBZPay
SL0000425,T000282,2026-06-09 10:23:00,P015,1,1050.0,750,0,WavePay
SL0000426,T000283,2026-06-09 12:17:00,P037,1,4650.0,3300,0,Cash
SL0000427,T000284,2026-06-09 11:01:00,P007,1,2750.0,2400,0,KBZPay
SL0000428,T000285,2026-06-09 18:06:00,P028,1,950.0,750,0,Cash
SL0000429,T000286,2026-06-09 15:42:00,P019,1,3050.0,2500,0,Cash
SL0000430,T000287,2026-06-09 10:31:00,P022,1,8800.0,7450,0,Cash
SL0000431,T000288,2026-06-09 14:20:00,P039,1,9350.0,7550,0,Cash
SL0000432,T000289,2026-06-09 12:36:00,P020,1,9600.0,7050,0,Cash
SL0000433,T000290,2026-06-09 16:27:00,P039,3,9350.0,7550,0,Cash
SL0000434,T000290,2026-06-09 16:27:00,P002,1,9700.0,7950,0,WavePay
SL0000435,T000290,2026-06-09 16:27:00,P006,1,6750.0,4750,0,Cash
SL0000436,T000291,2026-06-09 17:57:00,P038,2,4500.0,3300,0,Cash
SL0000437,T000292,2026-06-09 13:04:00,P013,2,8950.0,6450,0,KBZPay
SL0000438,T000293,2026-06-10 13:06:00,P012,1,9800.0,8800,0,Cash
SL0000439,T000294,2026-06-10 16:51:00,P020,1,9600.0,7050,0,WavePay
SL0000440,T000295,2026-06-10 07:56:00,P018,1,11000.0,7950,0,Cash
SL0000441,T000295,2026-06-10 07:56:00,P020,2,9600.0,7050,0,Cash
SL0000442,T000295,2026-06-10 07:56:00,P032,1,10850.0,8500,0,Cash
SL0000443,T000296,2026-06-10 14:27:00,P006,1,6750.0,4750,0,Cash
SL0000444,T000297,2026-06-10 11:50:00,P005,3,8700.0,6300,0,WavePay
SL0000445,T000297,2026-06-10 11:50:00,P003,2,7250.0,5200,0,Cash
SL0000446,T000297,2026-06-10 11:50:00,P015,2,1050.0,750,0,Cash
SL0000447,T000298,2026-06-10 11:19:00,P003,3,7250.0,5200,0,Cash
SL0000448,T000298,2026-06-10 11:19:00,P002,2,9700.0,7950,0,WavePay
SL0000449,T000298,2026-06-10 11:19:00,P033,1,550.0,450,0,Cash
SL0000450,T000299,2026-06-10 12:11:00,P014,1,10450.0,8900,0,Cash
SL0000451,T000300,2026-06-10 21:45:00,P024,1,5650.0,4800,0,KBZPay
SL0000452,T000301,2026-06-10 15:57:00,P015,1,1050.0,750,0,KBZPay
SL0000453,T000301,2026-06-10 15:57:00,P034,1,6900.0,5900,0,Cash
SL0000454,T000302,2026-06-10 17:33:00,P037,1,4650.0,3300,0,Cash
SL0000455,T000302,2026-06-10 17:33:00,P024,3,5650.0,4800,0,Cash
SL0000456,T000303,2026-06-10 12:09:00,P026,1,8650.0,7250,0,Cash
SL0000457,T000303,2026-06-10 12:09:00,P039,1,9350.0,7550,0,Cash
SL0000458,T000303,2026-06-10 12:09:00,P010,1,7200.0,5600,0,Cash
SL0000459,T000304,2026-06-10 09:25:00,P002,1,9700.0,7950,0,Cash
SL0000460,T000305,2026-06-10 07:19:00,P016,3,10700.0,8500,0,KBZPay
SL0000461,T000306,2026-06-10 15:17:00,P034,1,6900.0,5900,0,Cash
SL0000462,T000307,2026-06-10 21:06:00,P031,2,6800.0,4750,0,Cash
SL0000463,T000308,2026-06-10 12:50:00,P003,1,7250.0,5200,0,Cash
SL0000464,T000308,2026-06-10 12:50:00,P039,2,9350.0,7550,0,WavePay
SL0000465,T000308,2026-06-10 12:50:00,P034,1,6900.0,5900,0,Cash
SL0000466,T000309,2026-06-10 12:08:00,P038,1,4500.0,3300,0,Cash
SL0000467,T000309,2026-06-10 12:08:00,P030,1,9850.0,8500,0,WavePay
SL0000468,T000309,2026-06-10 12:08:00,P006,1,6750.0,4750,350,Cash
SL0000469,T000310,2026-06-10 12:01:00,P018,1,11000.0,7950,0,Cash
SL0000470,T000310,2026-06-10 12:01:00,P008,1,1450.0,1200,0,Cash
SL0000471,T000311,2026-06-10 20:40:00,P016,3,10700.0,8500,0,Cash
SL0000472,T000312,2026-06-10 11:59:00,P013,1,8950.0,6450,0,WavePay
SL0000473,T000313,2026-06-10 12:17:00,P035,1,10250.0,8150,0,Cash
SL0000474,T000313,2026-06-10 12:17:00,P020,1,9600.0,7050,0,Cash
SL0000475,T000314,2026-06-10 08:44:00,P003,3,7250.0,5200,0,Cash
SL0000476,T000315,2026-06-10 14:39:00,P028,1,950.0,750,0,KBZPay
SL0000477,T000315,2026-06-10 14:39:00,P038,1,4500.0,3300,0,KBZPay
SL0000478,T000316,2026-06-10 10:37:00,P005,1,8700.0,6300,0,KBZPay
SL0000479,T000317,2026-06-10 16:40:00,P026,1,8650.0,7250,0,Cash
SL0000480,T000317,2026-06-10 16:40:00,P037,1,4650.0,3300,0,WavePay
SL0000481,T000317,2026-06-10 16:40:00,P024,1,5650.0,4800,0,KBZPay
SL0000482,T000318,2026-06-10 09:33:00,P020,1,9600.0,7050,0,KBZPay
SL0000483,T000319,2026-06-10 11:45:00,P039,2,9350.0,7550,0,Cash
SL0000484,T000319,2026-06-10 11:45:00,P007,1,2750.0,2400,0,KBZPay
SL0000485,T000319,2026-06-10 11:45:00,P030,1,9850.0,8500,0,Cash
SL0000486,T000320,2026-06-10 13:28:00,P037,1,4650.0,3300,0,Cash
SL0000487,T000321,2026-06-10 18:09:00,P030,1,9850.0,8500,0,Cash
SL0000488,T000322,2026-06-10 12:21:00,P002,1,9700.0,7950,0,Cash
SL0000489,T000323,2026-06-10 07:24:00,P015,2,1050.0,750,0,Cash
SL0000490,T000324,2026-06-10 07:43:00,P006,1,6750.0,4750,0,KBZPay
SL0000491,T000325,2026-06-10 13:28:00,P028,1,950.0,750,0,Cash
SL0000492,T000326,2026-06-10 14:19:00,P039,1,9350.0,7550,0,Cash
SL0000493,T000326,2026-06-10 14:19:00,P028,2,950.0,750,0,Cash
SL0000494,T000327,2026-06-10 16:37:00,P034,1,6900.0,5900,0,Cash
SL0000495,T000328,2026-06-10 07:10:00,P025,1,2450.0,2150,0,Cash
SL0000496,T000329,2026-06-11 12:32:00,P028,4,950.0,750,0,KBZPay
SL0000497,T000329,2026-06-11 12:32:00,P021,1,10450.0,8200,0,KBZPay
SL0000498,T000330,2026-06-11 10:44:00,P026,1,8650.0,7250,0,KBZPay
SL0000499,T000331,2026-06-11 08:15:00,P033,1,550.0,450,50,Cash
SL0000500,T000332,2026-06-11 11:59:00,P033,1,550.0,450,0,Cash
SL0000501,T000332,2026-06-11 11:59:00,P003,2,7250.0,5200,0,KBZPay
SL0000502,T000333,2026-06-11 17:41:00,P016,1,10700.0,8500,0,Cash
SL0000503,T000334,2026-06-11 11:28:00,P011,1,5600.0,4100,0,Cash
SL0000504,T000334,2026-06-11 11:28:00,P010,1,7200.0,5600,0,Cash
SL0000505,T000335,2026-06-11 16:48:00,P037,2,4650.0,3300,0,Cash
SL0000506,T000336,2026-06-11 13:54:00,P017,3,8050.0,6850,0,Cash
SL0000507,T000336,2026-06-11 13:54:00,P011,3,5600.0,4100,0,KBZPay
SL0000508,T000336,2026-06-11 13:54:00,P037,1,4650.0,3300,0,WavePay
SL0000509,T000337,2026-06-11 18:08:00,P018,1,11000.0,7950,0,Cash
SL0000510,T000338,2026-06-11 09:20:00,P015,1,1050.0,750,50,Cash
SL0000511,T000338,2026-06-11 09:20:00,P008,2,1450.0,1200,150,Cash
SL0000512,T000339,2026-06-11 17:04:00,P010,1,7200.0,5600,0,Cash
SL0000513,T000340,2026-06-11 08:34:00,P020,1,9600.0,7050,500,Cash
SL0000514,T000341,2026-06-11 12:07:00,P026,1,8650.0,7250,0,Cash
SL0000515,T000342,2026-06-11 15:53:00,P035,1,10250.0,8150,0,KBZPay
SL0000516,T000343,2026-06-11 16:47:00,P003,1,7250.0,5200,0,KBZPay
SL0000517,T000344,2026-06-11 16:20:00,P006,1,6750.0,4750,0,KBZPay
SL0000518,T000344,2026-06-11 16:20:00,P015,1,1050.0,750,0,Cash
SL0000519,T000345,2026-06-11 13:23:00,P039,1,9350.0,7550,0,KBZPay
SL0000520,T000345,2026-06-11 13:23:00,P027,2,600.0,500,0,Cash
SL0000521,T000346,2026-06-11 17:18:00,P031,1,6800.0,4750,0,Cash
SL0000522,T000347,2026-06-11 12:15:00,P020,1,9600.0,7050,0,Cash
SL0000523,T000348,2026-06-11 13:16:00,P013,1,8950.0,6450,0,Cash
SL0000524,T000349,2026-06-11 17:17:00,P030,1,9850.0,8500,0,Cash
SL0000525,T000350,2026-06-11 16:43:00,P015,1,1050.0,750,0,Cash
SL0000526,T000351,2026-06-11 12:05:00,P005,1,8700.0,6300,0,Cash
SL0000527,T000352,2026-06-11 11:57:00,P039,2,9350.0,7550,0,WavePay
SL0000528,T000352,2026-06-11 11:57:00,P016,4,10700.0,8500,0,Cash
SL0000529,T000353,2026-06-11 13:56:00,P003,1,7250.0,5200,0,Cash
SL0000530,T000354,2026-06-11 10:34:00,P020,1,9600.0,7050,0,Cash
SL0000531,T000354,2026-06-11 10:34:00,P016,2,10700.0,8500,0,Cash
SL0000532,T000355,2026-06-11 07:57:00,P003,2,7250.0,5200,0,Cash
SL0000533,T000356,2026-06-11 11:41:00,P035,1,10250.0,8150,0,Cash
SL0000534,T000357,2026-06-11 10:13:00,P015,2,1050.0,750,0,Cash
SL0000535,T000358,2026-06-11 07:52:00,P033,2,550.0,450,0,KBZPay
SL0000536,T000359,2026-06-11 16:15:00,P034,1,6900.0,5900,0,Cash
SL0000537,T000359,2026-06-11 16:15:00,P033,1,550.0,450,0,Cash
SL0000538,T000359,2026-06-11 16:15:00,P040,1,6800.0,5650,0,Cash
SL0000539,T000360,2026-06-11 14:31:00,P004,3,2300.0,1700,0,Cash
SL0000540,T000360,2026-06-11 14:31:00,P020,2,9600.0,7050,0,WavePay
SL0000541,T000361,2026-06-11 17:00:00,P025,1,2450.0,2150,100,Cash
SL0000542,T000362,2026-06-11 11:16:00,P005,1,8700.0,6300,0,Cash
SL0000543,T000363,2026-06-11 15:58:00,P027,1,600.0,500,0,KBZPay
SL0000544,T000363,2026-06-11 15:58:00,P020,2,9600.0,7050,0,Cash
SL0000545,T000364,2026-06-11 14:19:00,P020,1,9600.0,7050,0,Cash
SL0000546,T000365,2026-06-12 14:32:00,P020,1,9600.0,7050,0,Cash
SL0000547,T000365,2026-06-12 14:32:00,P029,1,9250.0,7400,0,Cash
SL0000548,T000366,2026-06-12 13:02:00,P018,1,11000.0,7950,0,Cash
SL0000549,T000367,2026-06-12 10:54:00,P038,1,4500.0,3300,0,Cash
SL0000550,T000368,2026-06-12 20:25:00,P036,1,6250.0,4350,0,KBZPay
SL0000551,T000369,2026-06-12 16:25:00,P016,2,10700.0,8500,0,Cash
SL0000552,T000370,2026-06-12 08:56:00,P027,2,600.0,500,0,Cash
SL0000553,T000370,2026-06-12 08:56:00,P028,1,950.0,750,0,Cash
SL0000554,T000371,2026-06-12 18:06:00,P008,1,1450.0,1200,0,Cash
SL0000555,T000371,2026-06-12 18:06:00,P034,1,6900.0,5900,0,Cash
SL0000556,T000372,2026-06-12 14:37:00,P034,1,6900.0,5900,0,Cash
SL0000557,T000373,2026-06-12 18:00:00,P035,1,10250.0,8150,0,Cash
SL0000558,T000374,2026-06-12 15:31:00,P021,1,10450.0,8200,0,Cash
SL0000559,T000374,2026-06-12 15:31:00,P015,2,1050.0,750,0,Cash
SL0000560,T000374,2026-06-12 15:31:00,P008,1,1450.0,1200,0,Cash
SL0000561,T000375,2026-06-12 13:55:00,P037,2,4650.0,3300,0,WavePay
SL0000562,T000376,2026-06-12 14:20:00,P011,3,5600.0,4100,0,Cash
SL0000563,T000376,2026-06-12 14:20:00,P005,1,8700.0,6300,0,Cash
SL0000564,T000376,2026-06-12 14:20:00,P020,1,9600.0,7050,0,Cash
SL0000565,T000377,2026-06-12 16:56:00,P003,1,7250.0,5200,0,Cash
SL0000566,T000377,2026-06-12 16:56:00,P016,1,10700.0,8500,0,Cash
SL0000567,T000377,2026-06-12 16:56:00,P006,3,6750.0,4750,1000,WavePay
SL0000568,T000378,2026-06-12 18:59:00,P036,1,6250.0,4350,0,Cash
SL0000569,T000379,2026-06-12 12:24:00,P020,1,9600.0,7050,0,Cash
SL0000570,T000380,2026-06-12 15:12:00,P039,1,9350.0,7550,0,KBZPay
SL0000571,T000380,2026-06-12 15:12:00,P012,1,9800.0,8800,0,Cash
SL0000572,T000381,2026-06-12 11:41:00,P032,1,10850.0,8500,0,Cash
SL0000573,T000382,2026-06-12 19:53:00,P008,1,1450.0,1200,0,WavePay
SL0000574,T000383,2026-06-12 12:21:00,P027,1,600.0,500,0,Cash
SL0000575,T000384,2026-06-12 13:25:00,P020,1,9600.0,7050,0,Cash
SL0000576,T000384,2026-06-12 13:25:00,P011,1,5600.0,4100,0,Cash
SL0000577,T000384,2026-06-12 13:25:00,P005,1,8700.0,6300,0,Cash
SL0000578,T000385,2026-06-12 14:35:00,P002,2,9700.0,7950,0,Cash
SL0000579,T000386,2026-06-12 10:52:00,P021,2,10450.0,8200,0,Cash
SL0000580,T000387,2026-06-12 08:48:00,P033,1,550.0,450,0,Cash
SL0000581,T000388,2026-06-12 20:33:00,P020,1,9600.0,7050,0,WavePay
SL0000582,T000389,2026-06-12 16:03:00,P020,1,9600.0,7050,0,Cash
SL0000583,T000390,2026-06-13 14:54:00,P035,1,10250.0,8150,0,WavePay
SL0000584,T000391,2026-06-13 07:16:00,P008,1,1450.0,1200,0,KBZPay
SL0000585,T000392,2026-06-13 11:16:00,P007,3,2750.0,2400,0,KBZPay
SL0000586,T000392,2026-06-13 11:16:00,P039,2,9350.0,7550,0,Cash
SL0000587,T000392,2026-06-13 11:16:00,P017,1,8050.0,6850,0,Cash
SL0000588,T000393,2026-06-13 17:43:00,P020,1,9600.0,7050,500,KBZPay
SL0000589,T000394,2026-06-13 08:51:00,P020,2,9600.0,7050,950,Cash
SL0000590,T000395,2026-06-13 11:02:00,P025,1,2450.0,2150,0,Cash
SL0000591,T000396,2026-06-13 18:32:00,P022,3,8800.0,7450,0,Cash
SL0000592,T000397,2026-06-13 16:25:00,P015,2,1050.0,750,0,WavePay
SL0000593,T000398,2026-06-13 14:34:00,P011,1,5600.0,4100,0,KBZPay
SL0000594,T000399,2026-06-13 16:07:00,P008,1,1450.0,1200,50,KBZPay
SL0000595,T000399,2026-06-13 16:07:00,P005,1,8700.0,6300,0,Cash
SL0000596,T000400,2026-06-13 20:06:00,P012,1,9800.0,8800,0,Cash
SL0000597,T000401,2026-06-13 11:32:00,P031,1,6800.0,4750,0,Cash
SL0000598,T000402,2026-06-13 21:43:00,P002,1,9700.0,7950,0,Cash
SL0000599,T000403,2026-06-13 19:53:00,P011,1,5600.0,4100,0,Cash
SL0000600,T000404,2026-06-13 14:58:00,P006,1,6750.0,4750,0,Cash
SL0000601,T000404,2026-06-13 14:58:00,P033,1,550.0,450,0,Cash
SL0000602,T000404,2026-06-13 14:58:00,P015,2,1050.0,750,0,Cash
SL0000603,T000405,2026-06-13 14:20:00,P039,1,9350.0,7550,0,KBZPay
SL0000604,T000406,2026-06-13 07:12:00,P004,1,2300.0,1700,0,Cash
SL0000605,T000406,2026-06-13 07:12:00,P005,1,8700.0,6300,0,Cash
SL0000606,T000407,2026-06-13 07:54:00,P031,1,6800.0,4750,0,Cash
SL0000607,T000407,2026-06-13 07:54:00,P012,1,9800.0,8800,0,WavePay
SL0000608,T000408,2026-06-13 14:17:00,P034,1,6900.0,5900,0,KBZPay
SL0000609,T000408,2026-06-13 14:17:00,P006,1,6750.0,4750,0,Cash
SL0000610,T000408,2026-06-13 14:17:00,P015,1,1050.0,750,50,KBZPay
SL0000611,T000409,2026-06-13 17:05:00,P012,2,9800.0,8800,0,Cash
SL0000612,T000409,2026-06-13 17:05:00,P030,2,9850.0,8500,0,Cash
SL0000613,T000410,2026-06-13 10:52:00,P039,3,9350.0,7550,0,Cash
SL0000614,T000411,2026-06-13 10:52:00,P010,1,7200.0,5600,0,Cash
SL0000615,T000412,2026-06-13 10:27:00,P035,3,10250.0,8150,0,Cash
SL0000616,T000412,2026-06-13 10:27:00,P020,1,9600.0,7050,0,Cash
SL0000617,T000413,2026-06-13 13:31:00,P017,1,8050.0,6850,0,Cash
SL0000618,T000413,2026-06-13 13:31:00,P031,2,6800.0,4750,0,Cash
SL0000619,T000413,2026-06-13 13:31:00,P035,1,10250.0,8150,0,Cash
SL0000620,T000414,2026-06-13 07:26:00,P018,2,11000.0,7950,0,Cash
SL0000621,T000415,2026-06-13 10:42:00,P030,1,9850.0,8500,0,Cash
SL0000622,T000416,2026-06-13 11:18:00,P027,2,600.0,500,0,KBZPay
SL0000623,T000416,2026-06-13 11:18:00,P028,1,950.0,750,0,WavePay
SL0000624,T000417,2026-06-13 15:10:00,P024,1,5650.0,4800,0,Cash
SL0000625,T000418,2026-06-13 12:53:00,P004,2,2300.0,1700,0,Cash
SL0000626,T000419,2026-06-13 09:12:00,P015,1,1050.0,750,0,Cash
SL0000627,T000419,2026-06-13 09:12:00,P030,2,9850.0,8500,0,Cash
SL0000628,T000420,2026-06-13 17:07:00,P012,1,9800.0,8800,0,KBZPay
SL0000629,T000421,2026-06-13 10:57:00,P004,1,2300.0,1700,0,KBZPay
SL0000630,T000421,2026-06-13 10:57:00,P017,1,8050.0,6850,0,WavePay
SL0000631,T000422,2026-06-13 16:37:00,P025,1,2450.0,2150,0,Cash
SL0000632,T000423,2026-06-13 18:16:00,P013,2,8950.0,6450,0,Cash
SL0000633,T000424,2026-06-13 14:18:00,P020,2,9600.0,7050,0,KBZPay
SL0000634,T000425,2026-06-13 12:42:00,P015,1,1050.0,750,0,Cash
SL0000635,T000425,2026-06-13 12:42:00,P026,2,8650.0,7250,850,Cash
SL0000636,T000425,2026-06-13 12:42:00,P006,1,6750.0,4750,0,Cash
SL0000637,T000426,2026-06-13 14:11:00,P034,3,6900.0,5900,0,KBZPay
SL0000638,T000426,2026-06-13 14:11:00,P015,4,1050.0,750,0,WavePay
SL0000639,T000427,2026-06-13 20:10:00,P008,1,1450.0,1200,0,Cash
SL0000640,T000428,2026-06-13 10:18:00,P039,1,9350.0,7550,0,Cash
SL0000641,T000428,2026-06-13 10:18:00,P014,1,10450.0,8900,0,Cash
SL0000642,T000429,2026-06-13 10:44:00,P039,2,9350.0,7550,0,WavePay
SL0000643,T000430,2026-06-13 14:48:00,P006,2,6750.0,4750,0,Cash
SL0000644,T000430,2026-06-13 14:48:00,P040,1,6800.0,5650,0,Cash
SL0000645,T000431,2026-06-13 15:51:00,P020,1,9600.0,7050,0,Cash
SL0000646,T000432,2026-06-13 11:55:00,P010,1,7200.0,5600,0,Cash
SL0000647,T000433,2026-06-13 13:36:00,P024,1,5650.0,4800,0,Cash
SL0000648,T000434,2026-06-13 18:52:00,P038,1,4500.0,3300,0,Cash
SL0000649,T000435,2026-06-14 21:12:00,P037,1,4650.0,3300,0,Cash
SL0000650,T000436,2026-06-14 16:58:00,P020,1,9600.0,7050,0,WavePay
SL0000651,T000437,2026-06-14 15:51:00,P012,1,9800.0,8800,0,Cash
SL0000652,T000438,2026-06-14 21:34:00,P039,1,9350.0,7550,0,Cash
SL0000653,T000439,2026-06-14 21:35:00,P005,1,8700.0,6300,450,Cash
SL0000654,T000440,2026-06-14 18:51:00,P018,1,11000.0,7950,0,Cash
SL0000655,T000440,2026-06-14 18:51:00,P008,1,1450.0,1200,50,Cash
SL0000656,T000441,2026-06-14 21:59:00,P012,1,9800.0,8800,0,Cash
SL0000657,T000442,2026-06-14 11:00:00,P003,1,7250.0,5200,350,WavePay
SL0000658,T000442,2026-06-14 11:00:00,P026,3,8650.0,7250,0,Cash
SL0000659,T000443,2026-06-14 19:50:00,P027,3,600.0,500,0,Cash
SL0000660,T000444,2026-06-14 15:06:00,P026,1,8650.0,7250,0,KBZPay
SL0000661,T000444,2026-06-14 15:06:00,P040,1,6800.0,5650,0,Cash
SL0000662,T000445,2026-06-14 16:27:00,P011,1,5600.0,4100,0,Cash
SL0000663,T000445,2026-06-14 16:27:00,P012,1,9800.0,8800,0,KBZPay
SL0000664,T000446,2026-06-14 10:39:00,P009,2,9500.0,7150,0,Cash
SL0000665,T000447,2026-06-14 11:05:00,P020,1,9600.0,7050,0,Cash
SL0000666,T000447,2026-06-14 11:05:00,P029,1,9250.0,7400,0,Cash
SL0000667,T000448,2026-06-14 19:59:00,P023,2,7800.0,6250,0,Cash
SL0000668,T000448,2026-06-14 19:59:00,P024,1,5650.0,4800,0,KBZPay
SL0000669,T000449,2026-06-14 10:25:00,P014,1,10450.0,8900,500,Cash
SL0000670,T000450,2026-06-14 16:45:00,P036,1,6250.0,4350,0,Cash
SL0000671,T000450,2026-06-14 16:45:00,P008,1,1450.0,1200,0,KBZPay
SL0000672,T000451,2026-06-14 12:40:00,P033,1,550.0,450,0,Cash
SL0000673,T000452,2026-06-14 11:31:00,P031,2,6800.0,4750,0,KBZPay
SL0000674,T000453,2026-06-14 15:52:00,P008,1,1450.0,1200,0,Cash
SL0000675,T000453,2026-06-14 15:52:00,P039,2,9350.0,7550,0,Cash
SL0000676,T000454,2026-06-14 15:56:00,P011,2,5600.0,4100,0,Cash
SL0000677,T000455,2026-06-14 16:41:00,P021,1,10450.0,8200,0,KBZPay
SL0000678,T000455,2026-06-14 16:41:00,P030,1,9850.0,8500,0,KBZPay
SL0000679,T000456,2026-06-14 11:20:00,P033,1,550.0,450,0,KBZPay
SL0000680,T000456,2026-06-14 11:20:00,P026,1,8650.0,7250,0,Cash
SL0000681,T000456,2026-06-14 11:20:00,P020,1,9600.0,7050,0,Cash
SL0000682,T000457,2026-06-14 10:27:00,P024,1,5650.0,4800,300,WavePay
SL0000683,T000457,2026-06-14 10:27:00,P020,1,9600.0,7050,0,Cash
SL0000684,T000458,2026-06-14 08:11:00,P032,1,10850.0,8500,0,Cash
SL0000685,T000459,2026-06-14 13:50:00,P011,2,5600.0,4100,0,Cash
SL0000686,T000459,2026-06-14 13:50:00,P024,1,5650.0,4800,0,Cash
SL0000687,T000460,2026-06-14 11:17:00,P024,1,5650.0,4800,300,KBZPay
SL0000688,T000460,2026-06-14 11:17:00,P015,2,1050.0,750,0,Cash
SL0000689,T000460,2026-06-14 11:17:00,P028,1,950.0,750,0,KBZPay
SL0000690,T000461,2026-06-14 14:32:00,P007,1,2750.0,2400,0,Cash
SL0000691,T000462,2026-06-14 18:48:00,P008,1,1450.0,1200,0,Cash
SL0000692,T000463,2026-06-14 17:09:00,P033,1,550.0,450,0,Cash
SL0000693,T000463,2026-06-14 17:09:00,P030,2,9850.0,8500,0,KBZPay
SL0000694,T000463,2026-06-14 17:09:00,P024,1,5650.0,4800,0,Cash
SL0000695,T000464,2026-06-14 13:12:00,P020,2,9600.0,7050,0,WavePay
SL0000696,T000465,2026-06-14 21:11:00,P020,4,9600.0,7050,0,KBZPay
SL0000697,T000465,2026-06-14 21:11:00,P015,1,1050.0,750,0,Cash
SL0000698,T000466,2026-06-14 15:56:00,P024,1,5650.0,4800,0,Cash
SL0000699,T000467,2026-06-14 07:10:00,P037,1,4650.0,3300,0,Cash
SL0000700,T000468,2026-06-14 18:49:00,P034,1,6900.0,5900,0,Cash
SL0000701,T000468,2026-06-14 18:49:00,P020,1,9600.0,7050,0,Cash
SL0000702,T000468,2026-06-14 18:49:00,P039,1,9350.0,7550,0,Cash
SL0000703,T000469,2026-06-14 19:34:00,P008,1,1450.0,1200,0,Cash
SL0000704,T000469,2026-06-14 19:34:00,P006,2,6750.0,4750,0,Cash
SL0000705,T000470,2026-06-14 10:06:00,P015,1,1050.0,750,0,Cash
SL0000706,T000471,2026-06-14 11:03:00,P033,1,550.0,450,0,Cash
SL0000707,T000472,2026-06-14 21:37:00,P020,2,9600.0,7050,0,KBZPay
SL0000708,T000473,2026-06-14 15:17:00,P003,1,7250.0,5200,0,KBZPay
SL0000709,T000473,2026-06-14 15:17:00,P039,1,9350.0,7550,0,Cash
SL0000710,T000473,2026-06-14 15:17:00,P005,1,8700.0,6300,0,KBZPay
SL0000711,T000474,2026-06-14 17:38:00,P015,1,1050.0,750,50,WavePay
SL0000712,T000475,2026-06-14 15:00:00,P033,1,550.0,450,0,Cash
SL0000713,T000476,2026-06-14 17:52:00,P039,2,9350.0,7550,0,Cash
SL0000714,T000477,2026-06-14 17:11:00,P019,1,3050.0,2500,0,WavePay
SL0000715,T000477,2026-06-14 17:11:00,P038,1,4500.0,3300,0,KBZPay
SL0000716,T000477,2026-06-14 17:11:00,P012,2,9800.0,8800,0,Cash
SL0000717,T000478,2026-06-15 16:42:00,P008,1,1450.0,1200,0,Cash
SL0000718,T000478,2026-06-15 16:42:00,P003,1,7250.0,5200,0,KBZPay
SL0000719,T000479,2026-06-15 13:41:00,P038,1,4500.0,3300,0,Cash
SL0000720,T000480,2026-06-15 10:59:00,P011,1,5600.0,4100,0,WavePay
SL0000721,T000481,2026-06-15 16:37:00,P024,3,5650.0,4800,0,Cash
SL0000722,T000482,2026-06-15 11:58:00,P003,1,7250.0,5200,0,KBZPay
SL0000723,T000483,2026-06-15 18:55:00,P027,2,600.0,500,0,Cash
SL0000724,T000483,2026-06-15 18:55:00,P008,2,1450.0,1200,0,Cash
SL0000725,T000484,2026-06-15 11:48:00,P030,1,9850.0,8500,0,Cash
SL0000726,T000485,2026-06-15 13:01:00,P011,2,5600.0,4100,0,WavePay
SL0000727,T000485,2026-06-15 13:01:00,P006,2,6750.0,4750,0,Cash
SL0000728,T000486,2026-06-15 12:43:00,P005,1,8700.0,6300,0,Cash
SL0000729,T000487,2026-06-15 12:01:00,P027,4,600.0,500,0,Cash
SL0000730,T000487,2026-06-15 12:01:00,P024,2,5650.0,4800,0,Cash
SL0000731,T000487,2026-06-15 12:01:00,P015,1,1050.0,750,0,Cash
SL0000732,T000488,2026-06-15 07:13:00,P026,1,8650.0,7250,0,Cash
SL0000733,T000488,2026-06-15 07:13:00,P005,1,8700.0,6300,0,Cash
SL0000734,T000489,2026-06-15 07:27:00,P002,1,9700.0,7950,0,Cash
SL0000735,T000490,2026-06-15 15:12:00,P028,1,950.0,750,0,WavePay
SL0000736,T000491,2026-06-15 13:23:00,P032,1,10850.0,8500,0,WavePay
SL0000737,T000492,2026-06-15 10:31:00,P037,1,4650.0,3300,250,Cash
SL0000738,T000492,2026-06-15 10:31:00,P011,1,5600.0,4100,0,Cash
SL0000739,T000492,2026-06-15 10:31:00,P026,1,8650.0,7250,0,Cash
SL0000740,T000493,2026-06-15 15:21:00,P008,3,1450.0,1200,0,Cash
SL0000741,T000494,2026-06-15 13:12:00,P031,1,6800.0,4750,0,Cash
SL0000742,T000494,2026-06-15 13:12:00,P009,4,9500.0,7150,0,Cash
SL0000743,T000495,2026-06-15 14:51:00,P003,1,7250.0,5200,0,Cash
SL0000744,T000496,2026-06-15 17:31:00,P022,1,8800.0,7450,0,Cash
SL0000745,T000496,2026-06-15 17:31:00,P012,2,9800.0,8800,0,Cash
SL0000746,T000497,2026-06-15 21:19:00,P003,2,7250.0,5200,0,Cash
SL0000747,T000497,2026-06-15 21:19:00,P039,1,9350.0,7550,0,WavePay
SL0000748,T000498,2026-06-15 14:52:00,P038,2,4500.0,3300,0,Cash
SL0000749,T000499,2026-06-15 09:08:00,P034,3,6900.0,5900,0,Cash
SL0000750,T000500,2026-06-15 20:28:00,P016,4,10700.0,8500,0,Cash
SL0000751,T000501,2026-06-15 12:33:00,P029,1,9250.0,7400,0,Cash
SL0000752,T000502,2026-06-15 15:30:00,P020,1,9600.0,7050,0,KBZPay
SL0000753,T000503,2026-06-15 17:18:00,P024,4,5650.0,4800,0,KBZPay
SL0000754,T000504,2026-06-15 10:41:00,P013,1,8950.0,6450,0,Cash
SL0000755,T000505,2026-06-15 09:56:00,P034,1,6900.0,5900,0,Cash
SL0000756,T000505,2026-06-15 09:56:00,P002,1,9700.0,7950,0,Cash
SL0000757,T000505,2026-06-15 09:56:00,P038,1,4500.0,3300,0,Cash
SL0000758,T000506,2026-06-15 21:10:00,P024,2,5650.0,4800,0,Cash
SL0000759,T000507,2026-06-15 09:45:00,P037,1,4650.0,3300,0,Cash
SL0000760,T000508,2026-06-15 21:04:00,P034,1,6900.0,5900,0,Cash
SL0000761,T000508,2026-06-15 21:04:00,P003,1,7250.0,5200,350,Cash
SL0000762,T000509,2026-06-15 12:31:00,P030,1,9850.0,8500,0,KBZPay
SL0000763,T000510,2026-06-15 17:02:00,P034,2,6900.0,5900,0,Cash
SL0000764,T000510,2026-06-15 17:02:00,P023,1,7800.0,6250,0,Cash
SL0000765,T000511,2026-06-16 14:31:00,P008,1,1450.0,1200,0,Cash
SL0000766,T000512,2026-06-16 12:39:00,P016,1,10700.0,8500,0,Cash
SL0000767,T000512,2026-06-16 12:39:00,P014,3,10450.0,8900,0,KBZPay
SL0000768,T000513,2026-06-16 12:41:00,P028,2,950.0,750,0,Cash
SL0000769,T000514,2026-06-16 15:49:00,P030,1,9850.0,8500,0,Cash
SL0000770,T000514,2026-06-16 15:49:00,P038,1,4500.0,3300,0,Cash
SL0000771,T000515,2026-06-16 10:33:00,P007,1,2750.0,2400,0,Cash
SL0000772,T000515,2026-06-16 10:33:00,P014,1,10450.0,8900,0,Cash
SL0000773,T000515,2026-06-16 10:33:00,P002,1,9700.0,7950,0,Cash
SL0000774,T000516,2026-06-16 15:36:00,P022,1,8800.0,7450,0,KBZPay
SL0000775,T000517,2026-06-16 19:05:00,P024,1,5650.0,4800,0,Cash
SL0000776,T000518,2026-06-16 11:06:00,P003,1,7250.0,5200,0,Cash
SL0000777,T000519,2026-06-16 12:52:00,P002,1,9700.0,7950,500,Cash
SL0000778,T000520,2026-06-16 09:17:00,P020,3,9600.0,7050,1450,Cash
SL0000779,T000521,2026-06-16 11:15:00,P015,1,1050.0,750,0,Cash
SL0000780,T000522,2026-06-16 16:59:00,P006,1,6750.0,4750,0,Cash
SL0000781,T000522,2026-06-16 16:59:00,P008,3,1450.0,1200,0,Cash
SL0000782,T000522,2026-06-16 16:59:00,P018,1,11000.0,7950,0,Cash
SL0000783,T000523,2026-06-16 11:18:00,P007,1,2750.0,2400,0,Cash
SL0000784,T000524,2026-06-16 14:18:00,P006,1,6750.0,4750,350,Cash
SL0000785,T000525,2026-06-16 13:20:00,P039,1,9350.0,7550,0,Cash
SL0000786,T000525,2026-06-16 13:20:00,P026,1,8650.0,7250,0,Cash
SL0000787,T000525,2026-06-16 13:20:00,P031,1,6800.0,4750,0,Cash
SL0000788,T000526,2026-06-16 15:45:00,P020,2,9600.0,7050,0,Cash
SL0000789,T000526,2026-06-16 15:45:00,P015,1,1050.0,750,0,KBZPay
SL0000790,T000527,2026-06-16 19:05:00,P037,1,4650.0,3300,0,Cash
SL0000791,T000528,2026-06-16 10:10:00,P035,1,10250.0,8150,0,KBZPay
SL0000792,T000529,2026-06-16 11:22:00,P021,2,10450.0,8200,0,Cash
SL0000793,T000530,2026-06-16 13:21:00,P012,1,9800.0,8800,0,Cash
SL0000794,T000530,2026-06-16 13:21:00,P030,1,9850.0,8500,500,KBZPay
SL0000795,T000531,2026-06-16 18:53:00,P020,1,9600.0,7050,0,Cash
SL0000796,T000531,2026-06-16 18:53:00,P006,1,6750.0,4750,350,WavePay
SL0000797,T000532,2026-06-16 10:45:00,P016,1,10700.0,8500,0,Cash
SL0000798,T000533,2026-06-16 14:53:00,P014,1,10450.0,8900,0,Cash
SL0000799,T000534,2026-06-16 12:08:00,P009,3,9500.0,7150,0,WavePay
SL0000800,T000535,2026-06-16 17:17:00,P039,2,9350.0,7550,0,Cash
SL0000801,T000535,2026-06-16 17:17:00,P020,1,9600.0,7050,0,Cash
SL0000802,T000535,2026-06-16 17:17:00,P009,1,9500.0,7150,0,KBZPay
SL0000803,T000536,2026-06-16 14:40:00,P021,1,10450.0,8200,0,Cash
SL0000804,T000537,2026-06-16 19:59:00,P020,1,9600.0,7050,0,Cash
SL0000805,T000537,2026-06-16 19:59:00,P024,1,5650.0,4800,0,Cash
SL0000806,T000538,2026-06-16 09:12:00,P025,2,2450.0,2150,0,Cash
SL0000807,T000539,2026-06-16 11:21:00,P027,1,600.0,500,0,Cash
SL0000808,T000539,2026-06-16 11:21:00,P032,1,10850.0,8500,0,Cash
SL0000809,T000540,2026-06-16 11:25:00,P005,1,8700.0,6300,0,Cash
SL0000810,T000541,2026-06-16 07:55:00,P033,1,550.0,450,0,Cash
SL0000811,T000542,2026-06-16 13:02:00,P016,3,10700.0,8500,0,KBZPay
SL0000812,T000542,2026-06-16 13:02:00,P005,1,8700.0,6300,0,Cash
SL0000813,T000542,2026-06-16 13:02:00,P015,1,1050.0,750,0,KBZPay
SL0000814,T000543,2026-06-16 09:21:00,P039,1,9350.0,7550,0,Cash
SL0000815,T000544,2026-06-16 07:11:00,P012,1,9800.0,8800,0,Cash
SL0000816,T000545,2026-06-17 15:56:00,P020,1,9600.0,7050,0,KBZPay
SL0000817,T000546,2026-06-17 12:47:00,P009,1,9500.0,7150,0,WavePay
SL0000818,T000547,2026-06-17 17:02:00,P006,1,6750.0,4750,0,WavePay
SL0000819,T000548,2026-06-17 18:16:00,P002,1,9700.0,7950,0,Cash
SL0000820,T000549,2026-06-17 08:40:00,P020,1,9600.0,7050,0,Cash
SL0000821,T000550,2026-06-17 15:31:00,P007,2,2750.0,2400,0,Cash
SL0000822,T000551,2026-06-17 21:34:00,P006,1,6750.0,4750,0,KBZPay
SL0000823,T000551,2026-06-17 21:34:00,P003,1,7250.0,5200,0,Cash
SL0000824,T000551,2026-06-17 21:34:00,P026,2,8650.0,7250,0,KBZPay
SL0000825,T000552,2026-06-17 17:12:00,P026,1,8650.0,7250,0,WavePay
SL0000826,T000552,2026-06-17 17:12:00,P039,2,9350.0,7550,0,Cash
SL0000827,T000553,2026-06-17 14:40:00,P027,1,600.0,500,0,KBZPay
SL0000828,T000553,2026-06-17 14:40:00,P014,1,10450.0,8900,0,Cash
SL0000829,T000554,2026-06-17 07:24:00,P008,1,1450.0,1200,0,Cash
SL0000830,T000554,2026-06-17 07:24:00,P009,2,9500.0,7150,0,Cash
SL0000831,T000555,2026-06-17 17:38:00,P039,4,9350.0,7550,0,Cash
SL0000832,T000556,2026-06-17 14:35:00,P001,1,9400.0,7950,0,KBZPay
SL0000833,T000557,2026-06-17 16:12:00,P039,1,9350.0,7550,0,Cash
SL0000834,T000557,2026-06-17 16:12:00,P026,1,8650.0,7250,0,KBZPay
SL0000835,T000558,2026-06-17 17:52:00,P030,2,9850.0,8500,0,Cash
SL0000836,T000558,2026-06-17 17:52:00,P038,1,4500.0,3300,0,Cash
SL0000837,T000559,2026-06-17 13:07:00,P034,1,6900.0,5900,0,Cash
SL0000838,T000560,2026-06-17 14:27:00,P037,3,4650.0,3300,0,Cash
SL0000839,T000561,2026-06-17 10:57:00,P003,1,7250.0,5200,0,Cash
SL0000840,T000562,2026-06-17 13:05:00,P030,1,9850.0,8500,0,Cash
SL0000841,T000562,2026-06-17 13:05:00,P038,2,4500.0,3300,0,Cash
SL0000842,T000563,2026-06-17 12:34:00,P002,1,9700.0,7950,0,Cash
SL0000843,T000563,2026-06-17 12:34:00,P024,2,5650.0,4800,0,KBZPay
SL0000844,T000564,2026-06-17 12:38:00,P002,1,9700.0,7950,0,KBZPay
SL0000845,T000564,2026-06-17 12:38:00,P030,3,9850.0,8500,1500,KBZPay
SL0000846,T000565,2026-06-17 15:49:00,P034,2,6900.0,5900,0,Cash
SL0000847,T000565,2026-06-17 15:49:00,P007,1,2750.0,2400,0,KBZPay
SL0000848,T000565,2026-06-17 15:49:00,P015,1,1050.0,750,0,Cash
SL0000849,T000566,2026-06-17 13:46:00,P033,2,550.0,450,0,WavePay
SL0000850,T000566,2026-06-17 13:46:00,P027,1,600.0,500,0,Cash
SL0000851,T000566,2026-06-17 13:46:00,P018,2,11000.0,7950,0,Cash
SL0000852,T000567,2026-06-17 16:43:00,P015,1,1050.0,750,0,Cash
SL0000853,T000567,2026-06-17 16:43:00,P014,1,10450.0,8900,0,KBZPay
SL0000854,T000568,2026-06-17 11:42:00,P024,3,5650.0,4800,0,Cash
SL0000855,T000569,2026-06-17 15:33:00,P030,1,9850.0,8500,0,Cash
SL0000856,T000570,2026-06-17 17:35:00,P017,1,8050.0,6850,0,Cash
SL0000857,T000571,2026-06-17 12:41:00,P003,2,7250.0,5200,0,WavePay
SL0000858,T000572,2026-06-17 11:51:00,P024,3,5650.0,4800,0,Cash
SL0000859,T000573,2026-06-17 14:41:00,P007,2,2750.0,2400,0,Cash
SL0000860,T000574,2026-06-17 07:12:00,P034,1,6900.0,5900,0,KBZPay
SL0000861,T000574,2026-06-17 07:12:00,P009,1,9500.0,7150,0,Cash
SL0000862,T000575,2026-06-17 21:12:00,P014,2,10450.0,8900,0,Cash
SL0000863,T000576,2026-06-17 16:41:00,P039,2,9350.0,7550,0,Cash
SL0000864,T000577,2026-06-17 10:54:00,P018,1,11000.0,7950,0,Cash
SL0000865,T000577,2026-06-17 10:54:00,P010,1,7200.0,5600,0,KBZPay
SL0000866,T000578,2026-06-17 16:45:00,P001,1,9400.0,7950,0,Cash
SL0000867,T000578,2026-06-17 16:45:00,P028,1,950.0,750,0,Cash
SL0000868,T000579,2026-06-17 13:46:00,P003,3,7250.0,5200,0,Cash
SL0000869,T000579,2026-06-17 13:46:00,P015,1,1050.0,750,0,Cash
SL0000870,T000580,2026-06-17 08:08:00,P037,1,4650.0,3300,0,Cash
SL0000871,T000581,2026-06-17 14:10:00,P002,1,9700.0,7950,0,Cash
SL0000872,T000581,2026-06-17 14:10:00,P012,3,9800.0,8800,0,Cash
SL0000873,T000582,2026-06-17 17:35:00,P008,1,1450.0,1200,0,Cash
SL0000874,T000583,2026-06-17 15:24:00,P015,1,1050.0,750,0,Cash
SL0000875,T000584,2026-06-17 08:57:00,P014,3,10450.0,8900,0,Cash
SL0000876,T000585,2026-06-18 20:46:00,P015,1,1050.0,750,0,WavePay
SL0000877,T000585,2026-06-18 20:46:00,P027,1,600.0,500,50,WavePay
SL0000878,T000586,2026-06-18 11:30:00,P028,1,950.0,750,0,Cash
SL0000879,T000587,2026-06-18 21:16:00,P015,1,1050.0,750,0,WavePay
SL0000880,T000588,2026-06-18 09:38:00,P012,1,9800.0,8800,0,Cash
SL0000881,T000588,2026-06-18 09:38:00,P020,2,9600.0,7050,0,Cash
SL0000882,T000588,2026-06-18 09:38:00,P028,1,950.0,750,0,Cash
SL0000883,T000589,2026-06-18 15:37:00,P037,1,4650.0,3300,0,Cash
SL0000884,T000589,2026-06-18 15:37:00,P034,2,6900.0,5900,0,Cash
SL0000885,T000590,2026-06-18 07:34:00,P005,1,8700.0,6300,0,Cash
SL0000886,T000591,2026-06-18 20:27:00,P005,1,8700.0,6300,0,Cash
SL0000887,T000592,2026-06-18 20:41:00,P030,2,9850.0,8500,0,Cash
SL0000888,T000593,2026-06-18 17:40:00,P039,3,9350.0,7550,0,Cash
SL0000889,T000594,2026-06-18 20:11:00,P036,1,6250.0,4350,0,Cash
SL0000890,T000595,2026-06-18 10:09:00,P024,1,5650.0,4800,0,Cash
SL0000891,T000596,2026-06-18 20:46:00,P037,1,4650.0,3300,0,Cash
SL0000892,T000597,2026-06-18 13:36:00,P032,1,10850.0,8500,0,Cash
SL0000893,T000598,2026-06-18 21:30:00,P020,1,9600.0,7050,0,KBZPay
SL0000894,T000599,2026-06-18 18:12:00,P022,1,8800.0,7450,0,WavePay
SL0000895,T000600,2026-06-18 15:53:00,P031,1,6800.0,4750,350,KBZPay
SL0000896,T000600,2026-06-18 15:53:00,P034,1,6900.0,5900,0,Cash
SL0000897,T000601,2026-06-18 19:54:00,P025,1,2450.0,2150,0,Cash
SL0000898,T000602,2026-06-18 12:51:00,P004,1,2300.0,1700,0,Cash
SL0000899,T000603,2026-06-18 11:05:00,P008,1,1450.0,1200,0,Cash
SL0000900,T000604,2026-06-18 19:14:00,P016,1,10700.0,8500,0,Cash
SL0000901,T000604,2026-06-18 19:14:00,P026,1,8650.0,7250,0,WavePay
SL0000902,T000605,2026-06-18 14:15:00,P003,2,7250.0,5200,700,KBZPay
SL0000903,T000606,2026-06-18 16:40:00,P020,2,9600.0,7050,0,Cash
SL0000904,T000606,2026-06-18 16:40:00,P008,1,1450.0,1200,0,KBZPay
SL0000905,T000607,2026-06-18 10:36:00,P020,1,9600.0,7050,0,Cash
SL0000906,T000607,2026-06-18 10:36:00,P003,1,7250.0,5200,0,Cash
SL0000907,T000608,2026-06-18 15:12:00,P012,1,9800.0,8800,0,WavePay
SL0000908,T000608,2026-06-18 15:12:00,P027,2,600.0,500,0,Cash
SL0000909,T000608,2026-06-18 15:12:00,P006,2,6750.0,4750,0,Cash
SL0000910,T000609,2026-06-18 15:16:00,P011,2,5600.0,4100,0,WavePay
SL0000911,T000609,2026-06-18 15:16:00,P033,1,550.0,450,0,WavePay
SL0000912,T000609,2026-06-18 15:16:00,P014,1,10450.0,8900,0,Cash
SL0000913,T000610,2026-06-18 10:21:00,P034,2,6900.0,5900,0,Cash
SL0000914,T000611,2026-06-18 15:51:00,P004,1,2300.0,1700,0,Cash
SL0000915,T000612,2026-06-18 11:09:00,P029,1,9250.0,7400,0,Cash
SL0000916,T000613,2026-06-18 11:13:00,P031,1,6800.0,4750,0,Cash
SL0000917,T000613,2026-06-18 11:13:00,P034,2,6900.0,5900,0,Cash
SL0000918,T000614,2026-06-18 09:59:00,P034,1,6900.0,5900,0,Cash
SL0000919,T000614,2026-06-18 09:59:00,P021,1,10450.0,8200,0,Cash
SL0000920,T000615,2026-06-18 18:17:00,P026,1,8650.0,7250,0,Cash
SL0000921,T000616,2026-06-18 13:04:00,P015,1,1050.0,750,0,Cash
SL0000922,T000616,2026-06-18 13:04:00,P027,1,600.0,500,0,Cash
SL0000923,T000617,2026-06-18 09:05:00,P008,1,1450.0,1200,0,Cash
SL0000924,T000618,2026-06-18 14:11:00,P038,1,4500.0,3300,0,Cash
SL0000925,T000619,2026-06-19 15:50:00,P024,2,5650.0,4800,0,Cash
SL0000926,T000620,2026-06-19 20:14:00,P020,1,9600.0,7050,0,Cash
SL0000927,T000621,2026-06-19 17:24:00,P033,1,550.0,450,0,KBZPay
SL0000928,T000622,2026-06-19 18:12:00,P025,1,2450.0,2150,0,KBZPay
SL0000929,T000623,2026-06-19 17:12:00,P002,1,9700.0,7950,0,KBZPay
SL0000930,T000624,2026-06-19 11:18:00,P037,1,4650.0,3300,0,Cash
SL0000931,T000625,2026-06-19 21:20:00,P019,2,3050.0,2500,0,Cash
SL0000932,T000626,2026-06-19 11:37:00,P007,1,2750.0,2400,0,Cash
SL0000933,T000627,2026-06-19 18:53:00,P037,1,4650.0,3300,0,Cash
SL0000934,T000628,2026-06-19 08:52:00,P006,1,6750.0,4750,0,KBZPay
SL0000935,T000628,2026-06-19 08:52:00,P030,1,9850.0,8500,0,Cash
SL0000936,T000629,2026-06-19 14:49:00,P015,1,1050.0,750,0,Cash
SL0000937,T000630,2026-06-19 16:47:00,P014,2,10450.0,8900,0,Cash
SL0000938,T000631,2026-06-19 15:48:00,P031,2,6800.0,4750,0,Cash
SL0000939,T000632,2026-06-19 20:03:00,P010,1,7200.0,5600,0,WavePay
SL0000940,T000632,2026-06-19 20:03:00,P020,2,9600.0,7050,0,Cash
SL0000941,T000633,2026-06-19 16:38:00,P014,1,10450.0,8900,0,Cash
SL0000942,T000633,2026-06-19 16:38:00,P038,2,4500.0,3300,450,KBZPay
SL0000943,T000633,2026-06-19 16:38:00,P025,2,2450.0,2150,0,KBZPay
SL0000944,T000634,2026-06-19 07:15:00,P020,1,9600.0,7050,0,KBZPay
SL0000945,T000634,2026-06-19 07:15:00,P028,1,950.0,750,0,KBZPay
SL0000946,T000635,2026-06-19 14:53:00,P019,1,3050.0,2500,0,Cash
SL0000947,T000635,2026-06-19 14:53:00,P025,1,2450.0,2150,0,KBZPay
SL0000948,T000636,2026-06-19 13:29:00,P002,1,9700.0,7950,0,Cash
SL0000949,T000637,2026-06-19 16:34:00,P021,1,10450.0,8200,0,Cash
SL0000950,T000637,2026-06-19 16:34:00,P016,1,10700.0,8500,0,WavePay
SL0000951,T000638,2026-06-19 14:32:00,P034,1,6900.0,5900,0,Cash
SL0000952,T000639,2026-06-19 07:12:00,P008,2,1450.0,1200,0,KBZPay
SL0000953,T000640,2026-06-19 17:13:00,P006,2,6750.0,4750,0,Cash
SL0000954,T000641,2026-06-19 20:13:00,P038,2,4500.0,3300,0,Cash
SL0000955,T000641,2026-06-19 20:13:00,P030,1,9850.0,8500,0,Cash
SL0000956,T000642,2026-06-19 18:00:00,P021,1,10450.0,8200,0,Cash
SL0000957,T000643,2026-06-19 17:39:00,P004,2,2300.0,1700,0,WavePay
SL0000958,T000644,2026-06-19 19:17:00,P020,3,9600.0,7050,0,Cash
SL0000959,T000645,2026-06-19 20:25:00,P011,1,5600.0,4100,0,Cash
SL0000960,T000646,2026-06-19 21:57:00,P031,1,6800.0,4750,0,Cash
SL0000961,T000647,2026-06-19 10:24:00,P024,2,5650.0,4800,0,Cash
SL0000962,T000648,2026-06-19 16:07:00,P011,1,5600.0,4100,0,KBZPay
SL0000963,T000648,2026-06-19 16:07:00,P031,1,6800.0,4750,0,Cash
SL0000964,T000649,2026-06-19 14:42:00,P037,1,4650.0,3300,0,KBZPay
SL0000965,T000650,2026-06-19 09:02:00,P006,1,6750.0,4750,0,WavePay
SL0000966,T000651,2026-06-19 08:51:00,P010,1,7200.0,5600,0,KBZPay
SL0000967,T000652,2026-06-19 09:57:00,P030,1,9850.0,8500,0,Cash
SL0000968,T000652,2026-06-19 09:57:00,P011,2,5600.0,4100,0,Cash
SL0000969,T000652,2026-06-19 09:57:00,P015,1,1050.0,750,0,Cash
SL0000970,T000653,2026-06-19 15:28:00,P027,1,600.0,500,0,Cash
SL0000971,T000654,2026-06-19 15:03:00,P013,1,8950.0,6450,450,Cash
SL0000972,T000655,2026-06-19 20:33:00,P017,1,8050.0,6850,0,KBZPay
SL0000973,T000655,2026-06-19 20:33:00,P026,2,8650.0,7250,0,Cash
SL0000974,T000656,2026-06-20 15:20:00,P034,1,6900.0,5900,0,Cash
SL0000975,T000657,2026-06-20 10:43:00,P029,1,9250.0,7400,0,Cash
SL0000976,T000658,2026-06-20 07:32:00,P026,1,8650.0,7250,0,Cash
SL0000977,T000658,2026-06-20 07:32:00,P002,1,9700.0,7950,0,Cash
SL0000978,T000659,2026-06-20 19:49:00,P015,1,1050.0,750,0,Cash
SL0000979,T000660,2026-06-20 08:03:00,P038,1,4500.0,3300,200,KBZPay
SL0000980,T000661,2026-06-20 18:52:00,P039,1,9350.0,7550,0,Cash
SL0000981,T000661,2026-06-20 18:52:00,P038,1,4500.0,3300,0,KBZPay
SL0000982,T000662,2026-06-20 12:40:00,P031,1,6800.0,4750,0,Cash
SL0000983,T000662,2026-06-20 12:40:00,P018,1,11000.0,7950,0,Cash
SL0000984,T000662,2026-06-20 12:40:00,P020,2,9600.0,7050,0,Cash
SL0000985,T000663,2026-06-20 07:33:00,P006,2,6750.0,4750,0,Cash
SL0000986,T000664,2026-06-20 15:01:00,P040,1,6800.0,5650,350,Cash
SL0000987,T000665,2026-06-20 13:16:00,P012,1,9800.0,8800,500,Cash
SL0000988,T000665,2026-06-20 13:16:00,P020,4,9600.0,7050,0,Cash
SL0000989,T000666,2026-06-20 18:20:00,P029,3,9250.0,7400,0,Cash
SL0000990,T000666,2026-06-20 18:20:00,P011,1,5600.0,4100,0,Cash
SL0000991,T000667,2026-06-20 12:10:00,P034,1,6900.0,5900,0,Cash
SL0000992,T000668,2026-06-20 16:02:00,P033,2,550.0,450,0,KBZPay
SL0000993,T000669,2026-06-20 13:51:00,P016,2,10700.0,8500,0,Cash
SL0000994,T000669,2026-06-20 13:51:00,P033,1,550.0,450,0,KBZPay
SL0000995,T000670,2026-06-20 17:36:00,P039,1,9350.0,7550,0,Cash
SL0000996,T000671,2026-06-20 10:39:00,P024,1,5650.0,4800,0,Cash
SL0000997,T000672,2026-06-20 19:52:00,P033,2,550.0,450,0,Cash
SL0000998,T000673,2026-06-20 17:03:00,P021,2,10450.0,8200,0,Cash
SL0000999,T000674,2026-06-20 10:57:00,P034,4,6900.0,5900,1400,Cash
SL0001000,T000674,2026-06-20 10:57:00,P039,3,9350.0,7550,0,Cash
SL0001001,T000675,2026-06-20 07:28:00,P030,3,9850.0,8500,0,Cash
SL0001002,T000675,2026-06-20 07:28:00,P003,1,7250.0,5200,0,Cash
SL0001003,T000676,2026-06-20 12:14:00,P031,1,6800.0,4750,0,Cash
SL0001004,T000677,2026-06-20 19:38:00,P014,1,10450.0,8900,0,KBZPay
SL0001005,T000678,2026-06-20 14:18:00,P022,1,8800.0,7450,0,Cash
SL0001006,T000679,2026-06-20 13:54:00,P013,2,8950.0,6450,0,KBZPay
SL0001007,T000679,2026-06-20 13:54:00,P002,2,9700.0,7950,0,Cash
SL0001008,T000680,2026-06-20 17:04:00,P015,3,1050.0,750,0,Cash
SL0001009,T000681,2026-06-20 15:52:00,P005,1,8700.0,6300,0,Cash
SL0001010,T000682,2026-06-20 11:05:00,P012,1,9800.0,8800,0,WavePay
SL0001011,T000683,2026-06-20 13:53:00,P005,1,8700.0,6300,0,KBZPay
SL0001012,T000684,2026-06-20 07:41:00,P012,1,9800.0,8800,0,WavePay
SL0001013,T000685,2026-06-20 15:53:00,P010,2,7200.0,5600,700,Cash
SL0001014,T000686,2026-06-20 21:16:00,P012,1,9800.0,8800,0,WavePay
SL0001015,T000687,2026-06-20 07:12:00,P003,2,7250.0,5200,0,Cash
SL0001016,T000687,2026-06-20 07:12:00,P020,2,9600.0,7050,950,Cash
SL0001017,T000688,2026-06-20 12:40:00,P024,2,5650.0,4800,550,KBZPay
SL0001018,T000688,2026-06-20 12:40:00,P008,2,1450.0,1200,0,Cash
SL0001019,T000689,2026-06-21 11:59:00,P015,1,1050.0,750,0,Cash
SL0001020,T000690,2026-06-21 11:15:00,P025,1,2450.0,2150,100,Cash
SL0001021,T000691,2026-06-21 16:42:00,P015,2,1050.0,750,0,Cash
SL0001022,T000691,2026-06-21 16:42:00,P024,1,5650.0,4800,0,KBZPay
SL0001023,T000692,2026-06-21 20:30:00,P013,1,8950.0,6450,450,KBZPay
SL0001024,T000692,2026-06-21 20:30:00,P015,1,1050.0,750,0,WavePay
SL0001025,T000692,2026-06-21 20:30:00,P016,3,10700.0,8500,0,WavePay
SL0001026,T000693,2026-06-21 12:11:00,P030,1,9850.0,8500,500,Cash
SL0001027,T000694,2026-06-21 12:43:00,P034,1,6900.0,5900,0,Cash
SL0001028,T000695,2026-06-21 14:10:00,P026,2,8650.0,7250,0,Cash
SL0001029,T000696,2026-06-21 07:56:00,P020,1,9600.0,7050,0,Cash
SL0001030,T000697,2026-06-21 15:41:00,P032,1,10850.0,8500,0,Cash
SL0001031,T000698,2026-06-21 14:50:00,P024,1,5650.0,4800,0,Cash
SL0001032,T000698,2026-06-21 14:50:00,P008,2,1450.0,1200,0,Cash
SL0001033,T000699,2026-06-21 14:49:00,P006,1,6750.0,4750,0,Cash
SL0001034,T000700,2026-06-21 21:25:00,P037,1,4650.0,3300,0,WavePay
SL0001035,T000701,2026-06-21 09:18:00,P020,1,9600.0,7050,0,Cash
SL0001036,T000701,2026-06-21 09:18:00,P002,2,9700.0,7950,950,Cash
SL0001037,T000701,2026-06-21 09:18:00,P022,2,8800.0,7450,0,Cash
SL0001038,T000702,2026-06-21 13:17:00,P002,1,9700.0,7950,0,Cash
SL0001039,T000702,2026-06-21 13:17:00,P011,1,5600.0,4100,0,Cash
SL0001040,T000703,2026-06-21 16:36:00,P008,1,1450.0,1200,0,Cash
SL0001041,T000703,2026-06-21 16:36:00,P027,1,600.0,500,0,Cash
SL0001042,T000704,2026-06-21 12:40:00,P030,1,9850.0,8500,0,Cash
SL0001043,T000705,2026-06-21 12:57:00,P020,1,9600.0,7050,0,Cash
SL0001044,T000706,2026-06-21 16:08:00,P020,2,9600.0,7050,950,Cash
SL0001045,T000707,2026-06-21 11:59:00,P008,1,1450.0,1200,0,Cash
SL0001046,T000707,2026-06-21 11:59:00,P020,2,9600.0,7050,0,Cash
SL0001047,T000708,2026-06-21 14:50:00,P020,1,9600.0,7050,0,Cash
SL0001048,T000709,2026-06-21 16:22:00,P031,1,6800.0,4750,0,Cash
SL0001049,T000709,2026-06-21 16:22:00,P012,2,9800.0,8800,0,Cash
SL0001050,T000710,2026-06-21 14:16:00,P025,1,2450.0,2150,100,Cash
SL0001051,T000711,2026-06-21 10:28:00,P037,2,4650.0,3300,0,Cash
SL0001052,T000712,2026-06-21 07:34:00,P008,1,1450.0,1200,0,Cash
SL0001053,T000713,2026-06-21 14:05:00,P005,1,8700.0,6300,0,Cash
SL0001054,T000714,2026-06-21 15:19:00,P034,1,6900.0,5900,0,Cash
SL0001055,T000715,2026-06-21 21:06:00,P024,1,5650.0,4800,0,Cash
SL0001056,T000716,2026-06-21 08:32:00,P005,1,8700.0,6300,0,Cash
SL0001057,T000716,2026-06-21 08:32:00,P031,1,6800.0,4750,350,Cash
SL0001058,T000717,2026-06-21 12:29:00,P034,1,6900.0,5900,0,Cash
SL0001059,T000717,2026-06-21 12:29:00,P008,1,1450.0,1200,0,Cash
SL0001060,T000718,2026-06-21 13:51:00,P004,1,2300.0,1700,0,Cash
SL0001061,T000718,2026-06-21 13:51:00,P030,1,9850.0,8500,500,Cash
SL0001062,T000719,2026-06-21 18:26:00,P009,1,9500.0,7150,0,Cash
SL0001063,T000720,2026-06-22 18:55:00,P030,4,9850.0,8500,0,KBZPay
SL0001064,T000720,2026-06-22 18:55:00,P011,1,5600.0,4100,0,KBZPay
SL0001065,T000721,2026-06-22 21:13:00,P018,1,11000.0,7950,0,KBZPay
SL0001066,T000722,2026-06-22 17:33:00,P039,1,9350.0,7550,0,Cash
SL0001067,T000723,2026-06-22 12:29:00,P031,2,6800.0,4750,0,Cash
SL0001068,T000724,2026-06-22 07:50:00,P003,1,7250.0,5200,0,KBZPay
SL0001069,T000724,2026-06-22 07:50:00,P015,3,1050.0,750,0,KBZPay
SL0001070,T000725,2026-06-22 10:56:00,P012,1,9800.0,8800,0,Cash
SL0001071,T000726,2026-06-22 11:58:00,P006,1,6750.0,4750,0,KBZPay
SL0001072,T000727,2026-06-22 15:37:00,P012,1,9800.0,8800,500,Cash
SL0001073,T000728,2026-06-22 18:04:00,P039,2,9350.0,7550,0,WavePay
SL0001074,T000728,2026-06-22 18:04:00,P023,2,7800.0,6250,0,Cash
SL0001075,T000728,2026-06-22 18:04:00,P030,1,9850.0,8500,0,Cash
SL0001076,T000729,2026-06-22 07:47:00,P006,1,6750.0,4750,0,Cash
SL0001077,T000729,2026-06-22 07:47:00,P018,1,11000.0,7950,0,Cash
SL0001078,T000729,2026-06-22 07:47:00,P015,1,1050.0,750,0,WavePay
SL0001079,T000730,2026-06-22 07:32:00,P033,1,550.0,450,0,Cash
SL0001080,T000731,2026-06-22 16:46:00,P012,1,9800.0,8800,0,WavePay
SL0001081,T000732,2026-06-22 12:57:00,P008,2,1450.0,1200,0,Cash
SL0001082,T000733,2026-06-22 15:52:00,P003,3,7250.0,5200,0,Cash
SL0001083,T000734,2026-06-22 14:17:00,P020,2,9600.0,7050,0,Cash
SL0001084,T000735,2026-06-22 17:34:00,P018,1,11000.0,7950,0,Cash
SL0001085,T000736,2026-06-22 13:33:00,P014,1,10450.0,8900,0,Cash
SL0001086,T000737,2026-06-22 07:12:00,P039,1,9350.0,7550,0,Cash
SL0001087,T000737,2026-06-22 07:12:00,P010,1,7200.0,5600,0,KBZPay
SL0001088,T000738,2026-06-22 09:58:00,P003,1,7250.0,5200,0,Cash
SL0001089,T000739,2026-06-22 13:58:00,P021,4,10450.0,8200,0,Cash
SL0001090,T000740,2026-06-22 18:18:00,P005,1,8700.0,6300,0,Cash
SL0001091,T000741,2026-06-22 17:37:00,P033,1,550.0,450,0,Cash
SL0001092,T000741,2026-06-22 17:37:00,P004,1,2300.0,1700,0,Cash
SL0001093,T000742,2026-06-22 13:49:00,P038,1,4500.0,3300,0,Cash
SL0001094,T000743,2026-06-22 13:34:00,P011,1,5600.0,4100,0,WavePay
SL0001095,T000744,2026-06-22 11:38:00,P008,1,1450.0,1200,0,WavePay
SL0001096,T000745,2026-06-22 16:31:00,P024,1,5650.0,4800,0,Cash
SL0001097,T000746,2026-06-22 08:50:00,P011,1,5600.0,4100,0,Cash
SL0001098,T000746,2026-06-22 08:50:00,P015,2,1050.0,750,0,KBZPay
SL0001099,T000746,2026-06-22 08:50:00,P010,2,7200.0,5600,0,KBZPay
SL0001100,T000747,2026-06-22 12:16:00,P027,1,600.0,500,0,Cash
SL0001101,T000747,2026-06-22 12:16:00,P037,1,4650.0,3300,0,Cash
SL0001102,T000748,2026-06-23 20:18:00,P018,1,11000.0,7950,0,Cash
SL0001103,T000749,2026-06-23 07:09:00,P007,1,2750.0,2400,0,KBZPay
SL0001104,T000750,2026-06-23 16:52:00,P038,2,4500.0,3300,0,Cash
SL0001105,T000750,2026-06-23 16:52:00,P002,1,9700.0,7950,0,Cash
SL0001106,T000751,2026-06-23 12:49:00,P034,3,6900.0,5900,1050,KBZPay
SL0001107,T000752,2026-06-23 11:17:00,P005,1,8700.0,6300,0,Cash
SL0001108,T000752,2026-06-23 11:17:00,P035,1,10250.0,8150,0,KBZPay
SL0001109,T000753,2026-06-23 12:18:00,P040,1,6800.0,5650,0,Cash
SL0001110,T000754,2026-06-23 16:16:00,P034,1,6900.0,5900,350,Cash
SL0001111,T000754,2026-06-23 16:16:00,P006,3,6750.0,4750,0,Cash
SL0001112,T000755,2026-06-23 09:04:00,P016,1,10700.0,8500,0,Cash
SL0001113,T000756,2026-06-23 13:28:00,P025,1,2450.0,2150,0,Cash
SL0001114,T000756,2026-06-23 13:28:00,P026,1,8650.0,7250,0,WavePay
SL0001115,T000757,2026-06-23 12:45:00,P012,1,9800.0,8800,0,Cash
SL0001116,T000758,2026-06-23 16:59:00,P003,2,7250.0,5200,0,Cash
SL0001117,T000758,2026-06-23 16:59:00,P026,1,8650.0,7250,0,Cash
SL0001118,T000758,2026-06-23 16:59:00,P022,1,8800.0,7450,0,Cash
SL0001119,T000759,2026-06-23 09:32:00,P003,1,7250.0,5200,0,KBZPay
SL0001120,T000759,2026-06-23 09:32:00,P006,2,6750.0,4750,0,Cash
SL0001121,T000760,2026-06-23 21:28:00,P033,1,550.0,450,0,WavePay
SL0001122,T000761,2026-06-23 07:19:00,P038,1,4500.0,3300,0,Cash
SL0001123,T000761,2026-06-23 07:19:00,P011,1,5600.0,4100,0,Cash
SL0001124,T000762,2026-06-23 10:05:00,P020,1,9600.0,7050,0,KBZPay
SL0001125,T000763,2026-06-23 07:35:00,P014,1,10450.0,8900,0,Cash
SL0001126,T000764,2026-06-23 10:34:00,P037,1,4650.0,3300,0,WavePay
SL0001127,T000765,2026-06-23 08:59:00,P009,3,9500.0,7150,0,Cash
SL0001128,T000766,2026-06-23 11:09:00,P012,1,9800.0,8800,0,Cash
SL0001129,T000767,2026-06-23 19:59:00,P014,1,10450.0,8900,0,KBZPay
SL0001130,T000768,2026-06-23 18:49:00,P027,1,600.0,500,0,Cash
SL0001131,T000768,2026-06-23 18:49:00,P003,2,7250.0,5200,0,Cash
SL0001132,T000769,2026-06-23 11:17:00,P014,3,10450.0,8900,0,Cash
SL0001133,T000769,2026-06-23 11:17:00,P028,1,950.0,750,0,Cash
SL0001134,T000770,2026-06-23 13:22:00,P020,2,9600.0,7050,0,Cash
SL0001135,T000771,2026-06-23 19:04:00,P011,2,5600.0,4100,0,KBZPay
SL0001136,T000772,2026-06-23 16:06:00,P025,1,2450.0,2150,0,Cash
SL0001137,T000773,2026-06-23 18:51:00,P035,1,10250.0,8150,0,Cash
SL0001138,T000774,2026-06-23 15:14:00,P021,2,10450.0,8200,0,WavePay
SL0001139,T000775,2026-06-23 21:34:00,P008,2,1450.0,1200,0,Cash
SL0001140,T000776,2026-06-23 11:55:00,P012,1,9800.0,8800,0,WavePay
SL0001141,T000776,2026-06-23 11:55:00,P027,1,600.0,500,0,Cash
SL0001142,T000776,2026-06-23 11:55:00,P034,1,6900.0,5900,0,Cash
SL0001143,T000777,2026-06-23 16:23:00,P024,1,5650.0,4800,0,KBZPay
SL0001144,T000778,2026-06-23 08:59:00,P034,1,6900.0,5900,0,Cash
SL0001145,T000778,2026-06-23 08:59:00,P020,1,9600.0,7050,0,Cash
SL0001146,T000779,2026-06-23 11:01:00,P026,1,8650.0,7250,0,WavePay
SL0001147,T000780,2026-06-23 09:24:00,P033,1,550.0,450,0,Cash
SL0001148,T000781,2026-06-23 07:58:00,P014,1,10450.0,8900,500,KBZPay
SL0001149,T000781,2026-06-23 07:58:00,P038,1,4500.0,3300,0,Cash
SL0001150,T000782,2026-06-23 10:20:00,P034,1,6900.0,5900,0,Cash
SL0001151,T000783,2026-06-23 21:36:00,P015,1,1050.0,750,0,Cash
SL0001152,T000784,2026-06-23 11:00:00,P008,1,1450.0,1200,0,KBZPay
SL0001153,T000784,2026-06-23 11:00:00,P013,1,8950.0,6450,0,Cash
SL0001154,T000785,2026-06-23 18:11:00,P030,2,9850.0,8500,0,Cash
SL0001155,T000786,2026-06-23 18:17:00,P003,1,7250.0,5200,0,Cash
SL0001156,T000787,2026-06-23 11:56:00,P019,1,3050.0,2500,0,Cash
SL0001157,T000787,2026-06-23 11:56:00,P020,1,9600.0,7050,0,Cash
SL0001158,T000788,2026-06-24 20:37:00,P037,1,4650.0,3300,0,Cash
SL0001159,T000789,2026-06-24 19:29:00,P011,2,5600.0,4100,0,Cash
SL0001160,T000789,2026-06-24 19:29:00,P033,1,550.0,450,0,Cash
SL0001161,T000789,2026-06-24 19:29:00,P004,3,2300.0,1700,350,Cash
SL0001162,T000790,2026-06-24 11:12:00,P011,1,5600.0,4100,0,Cash
SL0001163,T000791,2026-06-24 12:31:00,P011,2,5600.0,4100,0,KBZPay
SL0001164,T000792,2026-06-24 11:30:00,P034,2,6900.0,5900,0,Cash
SL0001165,T000793,2026-06-24 13:11:00,P002,1,9700.0,7950,0,Cash
SL0001166,T000794,2026-06-24 09:19:00,P012,1,9800.0,8800,0,WavePay
SL0001167,T000795,2026-06-24 13:53:00,P026,2,8650.0,7250,0,Cash
SL0001168,T000796,2026-06-24 14:52:00,P025,3,2450.0,2150,0,KBZPay
SL0001169,T000797,2026-06-24 13:41:00,P002,2,9700.0,7950,0,Cash
SL0001170,T000798,2026-06-24 15:44:00,P036,2,6250.0,4350,0,Cash
SL0001171,T000799,2026-06-24 21:15:00,P033,1,550.0,450,0,KBZPay
SL0001172,T000800,2026-06-24 19:45:00,P017,1,8050.0,6850,0,Cash
SL0001173,T000800,2026-06-24 19:45:00,P020,1,9600.0,7050,0,KBZPay
SL0001174,T000800,2026-06-24 19:45:00,P011,1,5600.0,4100,300,KBZPay
SL0001175,T000801,2026-06-24 16:27:00,P012,1,9800.0,8800,0,Cash
SL0001176,T000802,2026-06-24 08:29:00,P039,1,9350.0,7550,0,KBZPay
SL0001177,T000803,2026-06-24 15:26:00,P034,1,6900.0,5900,0,Cash
SL0001178,T000804,2026-06-24 07:15:00,P012,1,9800.0,8800,0,Cash
SL0001179,T000805,2026-06-24 11:07:00,P029,1,9250.0,7400,0,WavePay
SL0001180,T000806,2026-06-24 12:25:00,P004,1,2300.0,1700,0,KBZPay
SL0001181,T000807,2026-06-24 21:36:00,P010,3,7200.0,5600,0,Cash
SL0001182,T000808,2026-06-24 14:53:00,P032,1,10850.0,8500,0,KBZPay
SL0001183,T000809,2026-06-24 12:29:00,P032,1,10850.0,8500,0,Cash
SL0001184,T000809,2026-06-24 12:29:00,P011,3,5600.0,4100,0,Cash
SL0001185,T000810,2026-06-24 07:36:00,P037,1,4650.0,3300,0,Cash
SL0001186,T000811,2026-06-24 17:37:00,P020,1,9600.0,7050,0,WavePay
SL0001187,T000811,2026-06-24 17:37:00,P015,1,1050.0,750,0,Cash
SL0001188,T000812,2026-06-24 11:09:00,P024,1,5650.0,4800,0,Cash
SL0001189,T000812,2026-06-24 11:09:00,P010,1,7200.0,5600,0,Cash
SL0001190,T000812,2026-06-24 11:09:00,P003,1,7250.0,5200,0,Cash
SL0001191,T000813,2026-06-24 10:53:00,P008,2,1450.0,1200,0,KBZPay
SL0001192,T000813,2026-06-24 10:53:00,P020,1,9600.0,7050,0,Cash
SL0001193,T000814,2026-06-24 15:06:00,P035,1,10250.0,8150,0,KBZPay
SL0001194,T000815,2026-06-24 15:14:00,P028,1,950.0,750,0,Cash
SL0001195,T000816,2026-06-24 14:23:00,P003,1,7250.0,5200,0,Cash
SL0001196,T000817,2026-06-24 07:13:00,P008,1,1450.0,1200,0,KBZPay
SL0001197,T000818,2026-06-24 10:35:00,P030,1,9850.0,8500,0,Cash
SL0001198,T000818,2026-06-24 10:35:00,P038,1,4500.0,3300,0,Cash
SL0001199,T000819,2026-06-24 12:13:00,P031,1,6800.0,4750,0,Cash
SL0001200,T000820,2026-06-24 21:40:00,P033,4,550.0,450,100,Cash
SL0001201,T000821,2026-06-24 18:13:00,P028,1,950.0,750,0,KBZPay
SL0001202,T000822,2026-06-24 09:24:00,P015,1,1050.0,750,50,Cash
SL0001203,T000823,2026-06-24 14:11:00,P029,1,9250.0,7400,450,Cash
SL0001204,T000823,2026-06-24 14:11:00,P026,1,8650.0,7250,0,Cash
SL0001205,T000824,2026-06-24 11:09:00,P027,1,600.0,500,0,Cash
SL0001206,T000825,2026-06-24 09:00:00,P031,1,6800.0,4750,0,Cash
SL0001207,T000825,2026-06-24 09:00:00,P008,2,1450.0,1200,0,Cash
SL0001208,T000825,2026-06-24 09:00:00,P039,1,9350.0,7550,0,Cash
SL0001209,T000826,2026-06-24 11:33:00,P014,1,10450.0,8900,0,Cash
SL0001210,T000827,2026-06-25 13:51:00,P009,1,9500.0,7150,0,Cash
SL0001211,T000827,2026-06-25 13:51:00,P019,3,3050.0,2500,0,Cash
SL0001212,T000828,2026-06-25 19:47:00,P038,1,4500.0,3300,0,Cash
SL0001213,T000828,2026-06-25 19:47:00,P008,1,1450.0,1200,0,Cash
SL0001214,T000829,2026-06-25 09:48:00,P020,1,9600.0,7050,0,KBZPay
SL0001215,T000829,2026-06-25 09:48:00,P030,1,9850.0,8500,0,Cash
SL0001216,T000829,2026-06-25 09:48:00,P034,3,6900.0,5900,0,KBZPay
SL0001217,T000830,2026-06-25 16:43:00,P028,1,950.0,750,0,Cash
SL0001218,T000831,2026-06-25 15:54:00,P034,1,6900.0,5900,0,Cash
SL0001219,T000832,2026-06-25 13:13:00,P020,1,9600.0,7050,0,Cash
SL0001220,T000833,2026-06-25 07:47:00,P024,1,5650.0,4800,300,Cash
SL0001221,T000833,2026-06-25 07:47:00,P027,1,600.0,500,0,Cash
SL0001222,T000834,2026-06-25 12:38:00,P014,1,10450.0,8900,0,Cash
SL0001223,T000835,2026-06-25 14:22:00,P008,2,1450.0,1200,0,Cash
SL0001224,T000836,2026-06-25 12:08:00,P008,1,1450.0,1200,50,KBZPay
SL0001225,T000837,2026-06-25 07:04:00,P014,1,10450.0,8900,0,Cash
SL0001226,T000838,2026-06-25 19:11:00,P016,1,10700.0,8500,550,Cash
SL0001227,T000838,2026-06-25 19:11:00,P028,1,950.0,750,0,Cash
SL0001228,T000839,2026-06-25 16:03:00,P033,2,550.0,450,0,Cash
SL0001229,T000839,2026-06-25 16:03:00,P005,2,8700.0,6300,0,Cash
SL0001230,T000839,2026-06-25 16:03:00,P018,1,11000.0,7950,0,Cash
SL0001231,T000840,2026-06-25 08:45:00,P019,1,3050.0,2500,0,Cash
SL0001232,T000840,2026-06-25 08:45:00,P018,1,11000.0,7950,0,Cash
SL0001233,T000840,2026-06-25 08:45:00,P015,1,1050.0,750,0,KBZPay
SL0001234,T000841,2026-06-25 13:55:00,P010,2,7200.0,5600,0,Cash
SL0001235,T000842,2026-06-25 18:26:00,P039,1,9350.0,7550,0,Cash
SL0001236,T000843,2026-06-25 17:57:00,P037,1,4650.0,3300,0,Cash
SL0001237,T000844,2026-06-25 14:17:00,P031,1,6800.0,4750,0,KBZPay
SL0001238,T000845,2026-06-25 11:10:00,P012,2,9800.0,8800,0,Cash
SL0001239,T000846,2026-06-25 11:03:00,P028,2,950.0,750,0,Cash
SL0001240,T000847,2026-06-25 07:34:00,P038,1,4500.0,3300,0,KBZPay
SL0001241,T000847,2026-06-25 07:34:00,P029,1,9250.0,7400,0,Cash
SL0001242,T000848,2026-06-26 21:11:00,P023,1,7800.0,6250,0,Cash
SL0001243,T000849,2026-06-26 11:13:00,P008,1,1450.0,1200,0,WavePay
SL0001244,T000849,2026-06-26 11:13:00,P028,2,950.0,750,0,Cash
SL0001245,T000850,2026-06-26 14:02:00,P019,1,3050.0,2500,0,Cash
SL0001246,T000850,2026-06-26 14:02:00,P039,3,9350.0,7550,0,Cash
SL0001247,T000851,2026-06-26 17:59:00,P033,1,550.0,450,0,Cash
SL0001248,T000852,2026-06-26 07:46:00,P010,1,7200.0,5600,0,Cash
SL0001249,T000853,2026-06-26 10:35:00,P024,1,5650.0,4800,0,KBZPay
SL0001250,T000853,2026-06-26 10:35:00,P033,1,550.0,450,0,Cash
SL0001251,T000853,2026-06-26 10:35:00,P039,1,9350.0,7550,0,KBZPay
SL0001252,T000854,2026-06-26 17:27:00,P002,1,9700.0,7950,0,Cash
SL0001253,T000855,2026-06-26 16:38:00,P037,1,4650.0,3300,0,Cash
SL0001254,T000856,2026-06-26 18:48:00,P018,3,11000.0,7950,0,KBZPay
SL0001255,T000857,2026-06-26 07:55:00,P034,3,6900.0,5900,0,Cash
SL0001256,T000858,2026-06-26 17:24:00,P010,1,7200.0,5600,0,Cash
SL0001257,T000858,2026-06-26 17:24:00,P037,1,4650.0,3300,0,Cash
SL0001258,T000859,2026-06-26 19:09:00,P020,1,9600.0,7050,0,Cash
SL0001259,T000860,2026-06-26 18:08:00,P037,1,4650.0,3300,0,Cash
SL0001260,T000861,2026-06-26 07:05:00,P001,1,9400.0,7950,0,KBZPay
SL0001261,T000861,2026-06-26 07:05:00,P006,1,6750.0,4750,0,KBZPay
SL0001262,T000862,2026-06-26 13:06:00,P039,1,9350.0,7550,0,Cash
SL0001263,T000862,2026-06-26 13:06:00,P006,1,6750.0,4750,0,Cash
SL0001264,T000863,2026-06-26 12:11:00,P008,1,1450.0,1200,0,KBZPay
SL0001265,T000864,2026-06-26 13:43:00,P002,1,9700.0,7950,0,Cash
SL0001266,T000865,2026-06-26 13:15:00,P007,1,2750.0,2400,0,Cash
SL0001267,T000866,2026-06-26 13:40:00,P019,1,3050.0,2500,150,Cash
SL0001268,T000867,2026-06-26 16:21:00,P010,1,7200.0,5600,0,Cash
SL0001269,T000868,2026-06-26 10:47:00,P021,1,10450.0,8200,0,Cash
SL0001270,T000869,2026-06-26 09:37:00,P012,1,9800.0,8800,0,Cash
SL0001271,T000870,2026-06-26 21:40:00,P019,1,3050.0,2500,0,Cash
SL0001272,T000871,2026-06-26 07:02:00,P012,1,9800.0,8800,0,KBZPay
SL0001273,T000872,2026-06-26 13:32:00,P008,1,1450.0,1200,0,Cash
SL0001274,T000872,2026-06-26 13:32:00,P023,1,7800.0,6250,0,Cash
SL0001275,T000872,2026-06-26 13:32:00,P022,3,8800.0,7450,0,KBZPay
SL0001276,T000873,2026-06-26 18:24:00,P016,1,10700.0,8500,0,KBZPay
SL0001277,T000874,2026-06-26 09:46:00,P020,2,9600.0,7050,0,Cash
SL0001278,T000875,2026-06-26 16:12:00,P024,1,5650.0,4800,0,Cash
SL0001279,T000876,2026-06-26 14:48:00,P002,1,9700.0,7950,0,Cash
SL0001280,T000876,2026-06-26 14:48:00,P026,1,8650.0,7250,0,Cash
SL0001281,T000877,2026-06-26 07:34:00,P028,4,950.0,750,0,Cash
SL0001282,T000878,2026-06-26 16:51:00,P020,1,9600.0,7050,0,Cash
SL0001283,T000879,2026-06-26 18:44:00,P032,1,10850.0,8500,0,Cash
SL0001284,T000880,2026-06-26 17:16:00,P039,4,9350.0,7550,0,Cash
SL0001285,T000881,2026-06-26 09:18:00,P014,1,10450.0,8900,0,Cash
SL0001286,T000882,2026-06-26 12:33:00,P015,1,1050.0,750,0,Cash
SL0001287,T000883,2026-06-26 07:45:00,P012,1,9800.0,8800,500,KBZPay
SL0001288,T000883,2026-06-26 07:45:00,P011,2,5600.0,4100,0,Cash
SL0001289,T000884,2026-06-26 08:19:00,P027,1,600.0,500,0,WavePay
SL0001290,T000885,2026-06-27 13:13:00,P020,1,9600.0,7050,0,KBZPay
SL0001291,T000886,2026-06-27 14:35:00,P014,2,10450.0,8900,1050,Cash
SL0001292,T000886,2026-06-27 14:35:00,P006,1,6750.0,4750,0,Cash
SL0001293,T000887,2026-06-27 09:03:00,P026,1,8650.0,7250,0,Cash
SL0001294,T000887,2026-06-27 09:03:00,P002,1,9700.0,7950,0,Cash
SL0001295,T000887,2026-06-27 09:03:00,P003,3,7250.0,5200,0,Cash
SL0001296,T000888,2026-06-27 07:40:00,P033,1,550.0,450,50,Cash
SL0001297,T000889,2026-06-27 07:14:00,P015,1,1050.0,750,0,Cash
SL0001298,T000890,2026-06-27 13:11:00,P008,2,1450.0,1200,150,Cash
SL0001299,T000891,2026-06-27 20:13:00,P034,1,6900.0,5900,0,Cash
SL0001300,T000892,2026-06-27 16:37:00,P030,3,9850.0,8500,0,Cash
SL0001301,T000893,2026-06-27 16:29:00,P012,1,9800.0,8800,500,Cash
SL0001302,T000894,2026-06-27 12:53:00,P007,3,2750.0,2400,400,KBZPay
SL0001303,T000895,2026-06-27 16:59:00,P012,2,9800.0,8800,0,Cash
SL0001304,T000895,2026-06-27 16:59:00,P003,1,7250.0,5200,0,Cash
SL0001305,T000895,2026-06-27 16:59:00,P027,2,600.0,500,0,Cash
SL0001306,T000896,2026-06-27 15:21:00,P031,3,6800.0,4750,1000,WavePay
SL0001307,T000897,2026-06-27 13:22:00,P003,1,7250.0,5200,0,Cash
SL0001308,T000898,2026-06-27 13:03:00,P033,3,550.0,450,0,Cash
SL0001309,T000898,2026-06-27 13:03:00,P006,1,6750.0,4750,0,Cash
SL0001310,T000899,2026-06-27 16:44:00,P029,2,9250.0,7400,0,Cash
SL0001311,T000899,2026-06-27 16:44:00,P015,2,1050.0,750,0,Cash
SL0001312,T000900,2026-06-27 12:41:00,P039,1,9350.0,7550,0,Cash
SL0001313,T000901,2026-06-27 11:46:00,P005,3,8700.0,6300,0,Cash
SL0001314,T000902,2026-06-27 15:22:00,P040,1,6800.0,5650,0,WavePay
SL0001315,T000902,2026-06-27 15:22:00,P002,1,9700.0,7950,0,Cash
SL0001316,T000903,2026-06-27 17:42:00,P038,3,4500.0,3300,0,Cash
SL0001317,T000904,2026-06-27 11:31:00,P003,1,7250.0,5200,0,WavePay
SL0001318,T000905,2026-06-27 20:29:00,P039,1,9350.0,7550,0,Cash
SL0001319,T000906,2026-06-27 19:01:00,P028,1,950.0,750,0,Cash
SL0001320,T000907,2026-06-27 21:58:00,P038,1,4500.0,3300,0,Cash
SL0001321,T000907,2026-06-27 21:58:00,P024,1,5650.0,4800,0,Cash
SL0001322,T000908,2026-06-27 12:55:00,P006,1,6750.0,4750,0,WavePay
SL0001323,T000908,2026-06-27 12:55:00,P014,2,10450.0,8900,0,WavePay
SL0001324,T000908,2026-06-27 12:55:00,P002,3,9700.0,7950,0,Cash
SL0001325,T000909,2026-06-27 17:43:00,P030,1,9850.0,8500,0,Cash
SL0001326,T000910,2026-06-27 13:38:00,P011,2,5600.0,4100,550,WavePay
SL0001327,T000910,2026-06-27 13:38:00,P025,1,2450.0,2150,0,KBZPay
SL0001328,T000911,2026-06-27 14:26:00,P018,1,11000.0,7950,0,Cash
SL0001329,T000912,2026-06-27 17:05:00,P030,1,9850.0,8500,0,Cash
SL0001330,T000913,2026-06-27 16:15:00,P035,1,10250.0,8150,0,Cash
SL0001331,T000913,2026-06-27 16:15:00,P007,1,2750.0,2400,0,Cash
SL0001332,T000914,2026-06-27 10:06:00,P002,1,9700.0,7950,0,Cash
SL0001333,T000914,2026-06-27 10:06:00,P012,1,9800.0,8800,0,Cash
SL0001334,T000914,2026-06-27 10:06:00,P004,1,2300.0,1700,0,Cash
SL0001335,T000915,2026-06-27 09:17:00,P012,1,9800.0,8800,0,Cash
SL0001336,T000915,2026-06-27 09:17:00,P031,1,6800.0,4750,0,Cash
SL0001337,T000916,2026-06-27 11:43:00,P026,1,8650.0,7250,0,Cash
SL0001338,T000917,2026-06-27 10:31:00,P030,1,9850.0,8500,0,Cash
SL0001339,T000918,2026-06-27 14:46:00,P005,1,8700.0,6300,0,Cash
SL0001340,T000919,2026-06-27 13:49:00,P011,2,5600.0,4100,0,Cash
SL0001341,T000919,2026-06-27 13:49:00,P021,1,10450.0,8200,0,WavePay
SL0001342,T000920,2026-06-27 09:06:00,P027,1,600.0,500,0,Cash
SL0001343,T000920,2026-06-27 09:06:00,P006,1,6750.0,4750,0,Cash
SL0001344,T000920,2026-06-27 09:06:00,P015,2,1050.0,750,0,Cash
SL0001345,T000921,2026-06-27 14:48:00,P020,1,9600.0,7050,0,Cash
SL0001346,T000922,2026-06-27 09:08:00,P038,1,4500.0,3300,0,Cash
SL0001347,T000923,2026-06-27 21:28:00,P033,1,550.0,450,0,WavePay
SL0001348,T000924,2026-06-27 13:08:00,P002,1,9700.0,7950,0,WavePay
SL0001349,T000925,2026-06-28 19:52:00,P039,2,9350.0,7550,0,KBZPay
SL0001350,T000925,2026-06-28 19:52:00,P005,2,8700.0,6300,850,Cash
SL0001351,T000926,2026-06-28 07:37:00,P020,1,9600.0,7050,500,Cash
SL0001352,T000927,2026-06-28 16:32:00,P009,1,9500.0,7150,0,Cash
SL0001353,T000928,2026-06-28 15:21:00,P008,1,1450.0,1200,0,Cash
SL0001354,T000928,2026-06-28 15:21:00,P026,1,8650.0,7250,0,Cash
SL0001355,T000928,2026-06-28 15:21:00,P020,1,9600.0,7050,0,Cash
SL0001356,T000929,2026-06-28 21:01:00,P006,1,6750.0,4750,0,KBZPay
SL0001357,T000929,2026-06-28 21:01:00,P004,1,2300.0,1700,0,WavePay
SL0001358,T000930,2026-06-28 13:52:00,P024,1,5650.0,4800,300,Cash
SL0001359,T000931,2026-06-28 16:29:00,P039,1,9350.0,7550,0,Cash
SL0001360,T000932,2026-06-28 14:29:00,P033,1,550.0,450,0,Cash
SL0001361,T000933,2026-06-28 19:07:00,P029,1,9250.0,7400,0,Cash
SL0001362,T000934,2026-06-28 14:13:00,P038,1,4500.0,3300,0,Cash
SL0001363,T000935,2026-06-28 12:46:00,P037,1,4650.0,3300,0,Cash
SL0001364,T000935,2026-06-28 12:46:00,P024,2,5650.0,4800,0,Cash
SL0001365,T000935,2026-06-28 12:46:00,P026,1,8650.0,7250,0,Cash
SL0001366,T000936,2026-06-28 12:07:00,P008,1,1450.0,1200,0,Cash
SL0001367,T000937,2026-06-28 20:06:00,P024,1,5650.0,4800,0,Cash
SL0001368,T000937,2026-06-28 20:06:00,P005,1,8700.0,6300,0,Cash
SL0001369,T000938,2026-06-28 11:30:00,P020,1,9600.0,7050,0,KBZPay
SL0001370,T000938,2026-06-28 11:30:00,P017,1,8050.0,6850,0,Cash
SL0001371,T000939,2026-06-28 18:04:00,P037,1,4650.0,3300,0,WavePay
SL0001372,T000939,2026-06-28 18:04:00,P039,1,9350.0,7550,0,Cash
SL0001373,T000940,2026-06-28 16:29:00,P021,1,10450.0,8200,0,KBZPay
SL0001374,T000941,2026-06-28 17:29:00,P026,3,8650.0,7250,0,Cash
SL0001375,T000942,2026-06-28 07:15:00,P008,1,1450.0,1200,0,KBZPay
SL0001376,T000943,2026-06-28 09:33:00,P002,1,9700.0,7950,0,KBZPay
SL0001377,T000944,2026-06-28 16:34:00,P011,2,5600.0,4100,0,Cash
SL0001378,T000944,2026-06-28 16:34:00,P024,1,5650.0,4800,0,Cash
SL0001379,T000945,2026-06-28 14:42:00,P018,2,11000.0,7950,1100,Cash
SL0001380,T000946,2026-06-28 16:19:00,P006,1,6750.0,4750,0,Cash
SL0001381,T000947,2026-06-28 14:31:00,P028,1,950.0,750,0,Cash
SL0001382,T000948,2026-06-28 20:10:00,P011,2,5600.0,4100,0,Cash
SL0001383,T000948,2026-06-28 20:10:00,P020,3,9600.0,7050,0,WavePay
SL0001384,T000949,2026-06-28 15:23:00,P002,1,9700.0,7950,0,KBZPay
SL0001385,T000949,2026-06-28 15:23:00,P020,4,9600.0,7050,0,WavePay
SL0001386,T000950,2026-06-28 18:53:00,P008,1,1450.0,1200,0,Cash
SL0001387,T000950,2026-06-28 18:53:00,P033,1,550.0,450,0,Cash
SL0001388,T000950,2026-06-28 18:53:00,P037,3,4650.0,3300,700,Cash
SL0001389,T000951,2026-06-28 17:41:00,P014,1,10450.0,8900,0,KBZPay
SL0001390,T000952,2026-06-28 13:22:00,P014,1,10450.0,8900,500,Cash
SL0001391,T000952,2026-06-28 13:22:00,P006,2,6750.0,4750,0,Cash
SL0001392,T000953,2026-06-28 16:05:00,P014,1,10450.0,8900,0,Cash
SL0001393,T000953,2026-06-28 16:05:00,P031,2,6800.0,4750,0,Cash
SL0001394,T000954,2026-06-28 17:09:00,P007,1,2750.0,2400,0,Cash
SL0001395,T000955,2026-06-28 07:15:00,P024,1,5650.0,4800,0,Cash
SL0001396,T000956,2026-06-28 21:47:00,P030,1,9850.0,8500,0,Cash
SL0001397,T000957,2026-06-28 07:04:00,P030,1,9850.0,8500,0,Cash
SL0001398,T000958,2026-06-28 17:49:00,P002,1,9700.0,7950,0,Cash
SL0001399,T000959,2026-06-28 13:35:00,P033,1,550.0,450,50,Cash
SL0001400,T000960,2026-06-28 07:38:00,P015,1,1050.0,750,0,Cash
SL0001401,T000961,2026-06-28 16:02:00,P015,1,1050.0,750,0,Cash
SL0001402,T000962,2026-06-29 11:16:00,P004,1,2300.0,1700,0,Cash
SL0001403,T000963,2026-06-29 15:56:00,P033,2,550.0,450,0,Cash
SL0001404,T000964,2026-06-29 12:54:00,P034,2,6900.0,5900,0,Cash
SL0001405,T000964,2026-06-29 12:54:00,P015,1,1050.0,750,0,KBZPay
SL0001406,T000965,2026-06-29 16:02:00,P018,1,11000.0,7950,0,Cash
SL0001407,T000965,2026-06-29 16:02:00,P040,3,6800.0,5650,0,KBZPay
SL0001408,T000966,2026-06-29 19:50:00,P005,2,8700.0,6300,850,KBZPay
SL0001409,T000967,2026-06-29 11:36:00,P014,1,10450.0,8900,500,Cash
SL0001410,T000967,2026-06-29 11:36:00,P003,1,7250.0,5200,0,Cash
SL0001411,T000967,2026-06-29 11:36:00,P024,4,5650.0,4800,0,Cash
SL0001412,T000968,2026-06-29 10:04:00,P018,2,11000.0,7950,0,Cash
SL0001413,T000969,2026-06-29 08:11:00,P037,2,4650.0,3300,450,Cash
SL0001414,T000970,2026-06-29 12:45:00,P012,1,9800.0,8800,500,Cash
SL0001415,T000971,2026-06-29 18:37:00,P014,1,10450.0,8900,0,KBZPay
SL0001416,T000972,2026-06-29 15:07:00,P003,1,7250.0,5200,0,Cash
SL0001417,T000973,2026-06-29 21:44:00,P004,2,2300.0,1700,0,Cash
SL0001418,T000974,2026-06-29 16:00:00,P008,1,1450.0,1200,0,Cash
SL0001419,T000975,2026-06-29 12:56:00,P030,3,9850.0,8500,0,Cash
SL0001420,T000976,2026-06-29 18:54:00,P003,2,7250.0,5200,0,Cash
SL0001421,T000977,2026-06-29 12:23:00,P039,1,9350.0,7550,0,Cash
SL0001422,T000978,2026-06-29 10:15:00,P031,1,6800.0,4750,0,Cash
SL0001423,T000978,2026-06-29 10:15:00,P003,1,7250.0,5200,0,Cash
SL0001424,T000979,2026-06-29 16:02:00,P012,1,9800.0,8800,0,Cash
SL0001425,T000980,2026-06-29 08:43:00,P034,3,6900.0,5900,0,KBZPay
SL0001426,T000980,2026-06-29 08:43:00,P015,2,1050.0,750,0,Cash
SL0001427,T000981,2026-06-29 14:00:00,P005,1,8700.0,6300,0,KBZPay
SL0001428,T000982,2026-06-29 14:06:00,P039,1,9350.0,7550,0,KBZPay
SL0001429,T000982,2026-06-29 14:06:00,P008,1,1450.0,1200,50,Cash
SL0001430,T000983,2026-06-29 17:45:00,P038,1,4500.0,3300,0,Cash
SL0001431,T000984,2026-06-29 15:00:00,P030,2,9850.0,8500,0,KBZPay
SL0001432,T000985,2026-06-29 08:44:00,P030,1,9850.0,8500,0,Cash
SL0001433,T000985,2026-06-29 08:44:00,P015,2,1050.0,750,0,Cash
SL0001434,T000986,2026-06-29 18:24:00,P034,1,6900.0,5900,0,Cash
SL0001435,T000986,2026-06-29 18:24:00,P015,1,1050.0,750,0,Cash
SL0001436,T000987,2026-06-29 18:51:00,P005,1,8700.0,6300,0,Cash
SL0001437,T000988,2026-06-29 09:52:00,P003,1,7250.0,5200,0,WavePay
SL0001438,T000989,2026-06-30 07:42:00,P007,1,2750.0,2400,0,KBZPay
SL0001439,T000990,2026-06-30 10:57:00,P012,1,9800.0,8800,0,Cash
SL0001440,T000991,2026-06-30 17:34:00,P004,1,2300.0,1700,0,Cash
SL0001441,T000992,2026-06-30 21:35:00,P006,1,6750.0,4750,0,Cash
SL0001442,T000993,2026-06-30 12:55:00,P021,1,10450.0,8200,0,WavePay
SL0001443,T000993,2026-06-30 12:55:00,P037,1,4650.0,3300,0,Cash
SL0001444,T000994,2026-06-30 11:39:00,P030,2,9850.0,8500,1000,Cash
SL0001445,T000995,2026-06-30 18:46:00,P002,1,9700.0,7950,0,Cash
SL0001446,T000995,2026-06-30 18:46:00,P020,1,9600.0,7050,0,KBZPay
SL0001447,T000996,2026-06-30 13:44:00,P024,1,5650.0,4800,0,KBZPay
SL0001448,T000996,2026-06-30 13:44:00,P020,2,9600.0,7050,0,Cash
SL0001449,T000997,2026-06-30 20:55:00,P010,1,7200.0,5600,0,KBZPay
SL0001450,T000998,2026-06-30 07:52:00,P008,3,1450.0,1200,0,Cash
SL0001451,T000998,2026-06-30 07:52:00,P030,4,9850.0,8500,0,Cash
SL0001452,T000999,2026-06-30 12:16:00,P034,1,6900.0,5900,0,Cash
SL0001453,T001000,2026-06-30 10:16:00,P024,2,5650.0,4800,0,Cash
SL0001454,T001001,2026-06-30 12:19:00,P003,2,7250.0,5200,0,Cash
SL0001455,T001001,2026-06-30 12:19:00,P034,2,6900.0,5900,0,Cash
SL0001456,T001002,2026-06-30 12:50:00,P014,1,10450.0,8900,0,Cash
SL0001457,T001003,2026-06-30 16:45:00,P008,1,1450.0,1200,0,KBZPay
SL0001458,T001004,2026-06-30 12:56:00,P005,1,8700.0,6300,0,Cash
SL0001459,T001004,2026-06-30 12:56:00,P008,1,1450.0,1200,0,WavePay
SL0001460,T001005,2026-06-30 10:31:00,P003,1,7250.0,5200,0,KBZPay
SL0001461,T001005,2026-06-30 10:31:00,P038,1,4500.0,3300,0,KBZPay
SL0001462,T001006,2026-06-30 11:12:00,P028,1,950.0,750,0,Cash
SL0001463,T001007,2026-06-30 15:32:00,P015,1,1050.0,750,0,Cash
SL0001464,T001008,2026-06-30 15:17:00,P003,1,7250.0,5200,0,Cash
SL0001465,T001008,2026-06-30 15:17:00,P009,2,9500.0,7150,0,Cash
SL0001466,T001009,2026-06-30 20:18:00,P006,2,6750.0,4750,0,Cash
SL0001467,T001010,2026-06-30 18:18:00,P012,2,9800.0,8800,0,Cash
SL0001468,T001011,2026-06-30 07:52:00,P034,2,6900.0,5900,0,Cash
SL0001469,T001012,2026-06-30 14:35:00,P021,1,10450.0,8200,0,Cash
SL0001470,T001012,2026-06-30 14:35:00,P010,1,7200.0,5600,0,Cash
SL0001471,T001012,2026-06-30 14:35:00,P006,3,6750.0,4750,0,Cash
SL0001472,T001013,2026-06-30 12:37:00,P023,1,7800.0,6250,0,Cash
SL0001473,T001013,2026-06-30 12:37:00,P031,1,6800.0,4750,0,Cash
SL0001474,T001014,2026-06-30 10:56:00,P038,1,4500.0,3300,200,Cash
SL0001475,T001015,2026-06-30 15:30:00,P030,1,9850.0,8500,0,Cash
SL0001476,T001015,2026-06-30 15:30:00,P008,1,1450.0,1200,0,Cash
SL0001477,T001016,2026-06-30 19:54:00,P005,1,8700.0,6300,0,Cash
SL0001478,T001017,2026-06-30 12:27:00,P003,1,7250.0,5200,0,Cash
SL0001479,T001018,2026-06-30 16:00:00,P034,1,6900.0,5900,0,Cash
SL0001480,T001018,2026-06-30 16:00:00,P008,1,1450.0,1200,0,Cash
SL0001481,T001018,2026-06-30 16:00:00,P038,1,4500.0,3300,200,Cash
SL0001482,T001019,2026-06-30 14:51:00,P018,3,11000.0,7950,0,Cash
SL0001483,T001019,2026-06-30 14:51:00,P012,1,9800.0,8800,0,KBZPay
SL0001484,T001020,2026-06-30 19:16:00,P039,1,9350.0,7550,0,KBZPay
SL0001485,T001020,2026-06-30 19:16:00,P007,1,2750.0,2400,150,Cash
SL0001486,T001021,2026-06-30 14:45:00,P033,1,550.0,450,0,KBZPay
SL0001487,T001022,2026-06-30 11:45:00,P012,1,9800.0,8800,0,Cash
SL0001488,T001023,2026-06-30 17:56:00,P002,1,9700.0,7950,0,KBZPay
SL0001489,T001023,2026-06-30 17:56:00,P039,1,9350.0,7550,0,KBZPay
SL0001490,T001023,2026-06-30 17:56:00,P008,1,1450.0,1200,50,Cash
SL0001491,T001024,2026-06-30 12:46:00,P021,1,10450.0,8200,0,WavePay
SL0001492,T001025,2026-06-30 13:44:00,P040,2,6800.0,5650,700,Cash
SL0001493,T001025,2026-06-30 13:44:00,P012,1,9800.0,8800,0,Cash
SL0001494,T001025,2026-06-30 13:44:00,P009,1,9500.0,7150,0,Cash
SL0001495,T001026,2026-07-01 13:43:00,P002,3,9700.0,7950,0,KBZPay
SL0001496,T001026,2026-07-01 13:43:00,P019,1,3050.0,2500,0,Cash
SL0001497,T001027,2026-07-01 11:37:00,P012,1,9800.0,8800,0,Cash
SL0001498,T001028,2026-07-01 15:32:00,P006,1,6750.0,4750,0,Cash
SL0001499,T001028,2026-07-01 15:32:00,P034,1,6900.0,5900,0,Cash
SL0001500,T001028,2026-07-01 15:32:00,P033,1,550.0,450,0,Cash
SL0001501,T001029,2026-07-01 12:09:00,P026,1,8650.0,7250,0,WavePay
SL0001502,T001030,2026-07-01 13:22:00,P010,2,7200.0,5600,0,KBZPay
SL0001503,T001030,2026-07-01 13:22:00,P033,1,550.0,450,0,Cash
SL0001504,T001030,2026-07-01 13:22:00,P012,1,9800.0,8800,0,WavePay
SL0001505,T001031,2026-07-01 14:41:00,P027,1,600.0,500,50,Cash
SL0001506,T001032,2026-07-01 17:12:00,P034,2,6900.0,5900,0,Cash
SL0001507,T001032,2026-07-01 17:12:00,P026,1,8650.0,7250,0,Cash
SL0001508,T001033,2026-07-01 10:13:00,P009,1,9500.0,7150,0,Cash
SL0001509,T001033,2026-07-01 10:13:00,P022,1,8800.0,7450,0,Cash
SL0001510,T001034,2026-07-01 14:50:00,P003,1,7250.0,5200,0,Cash
SL0001511,T001034,2026-07-01 14:50:00,P008,1,1450.0,1200,0,Cash
SL0001512,T001035,2026-07-01 10:13:00,P021,3,10450.0,8200,1550,WavePay
SL0001513,T001035,2026-07-01 10:13:00,P037,1,4650.0,3300,0,Cash
SL0001514,T001036,2026-07-01 07:10:00,P020,1,9600.0,7050,0,WavePay
SL0001515,T001036,2026-07-01 07:10:00,P024,2,5650.0,4800,0,Cash
SL0001516,T001037,2026-07-01 13:06:00,P034,2,6900.0,5900,0,KBZPay
SL0001517,T001038,2026-07-01 13:50:00,P012,2,9800.0,8800,0,Cash
SL0001518,T001039,2026-07-01 14:18:00,P024,1,5650.0,4800,0,Cash
SL0001519,T001040,2026-07-01 13:27:00,P005,1,8700.0,6300,0,Cash
SL0001520,T001041,2026-07-01 17:39:00,P009,1,9500.0,7150,0,KBZPay
SL0001521,T001042,2026-07-01 14:51:00,P020,2,9600.0,7050,0,WavePay
SL0001522,T001043,2026-07-01 11:57:00,P020,1,9600.0,7050,0,Cash
SL0001523,T001043,2026-07-01 11:57:00,P015,1,1050.0,750,0,KBZPay
SL0001524,T001044,2026-07-01 07:51:00,P022,1,8800.0,7450,0,Cash
SL0001525,T001045,2026-07-01 18:59:00,P010,1,7200.0,5600,0,Cash
SL0001526,T001045,2026-07-01 18:59:00,P039,3,9350.0,7550,0,Cash
SL0001527,T001045,2026-07-01 18:59:00,P014,1,10450.0,8900,0,Cash
SL0001528,T001046,2026-07-01 15:35:00,P003,3,7250.0,5200,0,Cash
SL0001529,T001046,2026-07-01 15:35:00,P026,1,8650.0,7250,0,Cash
SL0001530,T001047,2026-07-01 17:57:00,P015,1,1050.0,750,50,Cash
SL0001531,T001048,2026-07-01 15:03:00,P002,3,9700.0,7950,0,Cash
SL0001532,T001049,2026-07-01 15:50:00,P017,1,8050.0,6850,0,Cash
SL0001533,T001050,2026-07-01 13:02:00,P012,1,9800.0,8800,0,Cash
SL0001534,T001050,2026-07-01 13:02:00,P003,1,7250.0,5200,0,Cash
SL0001535,T001051,2026-07-01 13:47:00,P035,1,10250.0,8150,0,Cash
SL0001536,T001052,2026-07-01 15:11:00,P020,1,9600.0,7050,0,Cash
SL0001537,T001053,2026-07-01 14:52:00,P032,2,10850.0,8500,0,Cash
SL0001538,T001054,2026-07-01 19:37:00,P032,1,10850.0,8500,0,Cash
SL0001539,T001055,2026-07-01 13:28:00,P036,2,6250.0,4350,0,Cash
SL0001540,T001056,2026-07-01 18:26:00,P015,1,1050.0,750,0,KBZPay
SL0001541,T001057,2026-07-01 15:48:00,P020,1,9600.0,7050,0,KBZPay
SL0001542,T001058,2026-07-01 12:12:00,P023,2,7800.0,6250,0,Cash
SL0001543,T001059,2026-07-01 17:51:00,P015,2,1050.0,750,0,Cash
SL0001544,T001059,2026-07-01 17:51:00,P039,1,9350.0,7550,0,Cash
SL0001545,T001060,2026-07-01 13:59:00,P003,1,7250.0,5200,0,WavePay
SL0001546,T001060,2026-07-01 13:59:00,P026,1,8650.0,7250,0,Cash
SL0001547,T001060,2026-07-01 13:59:00,P037,1,4650.0,3300,0,Cash
SL0001548,T001061,2026-07-01 18:40:00,P008,4,1450.0,1200,0,Cash
SL0001549,T001061,2026-07-01 18:40:00,P004,1,2300.0,1700,0,Cash
SL0001550,T001062,2026-07-01 12:19:00,P016,1,10700.0,8500,0,Cash
SL0001551,T001063,2026-07-01 17:58:00,P018,1,11000.0,7950,550,Cash
SL0001552,T001064,2026-07-01 13:44:00,P009,1,9500.0,7150,0,Cash
SL0001553,T001065,2026-07-01 11:39:00,P039,1,9350.0,7550,0,Cash
SL0001554,T001065,2026-07-01 11:39:00,P026,1,8650.0,7250,0,Cash
SL0001555,T001066,2026-07-02 21:02:00,P033,1,550.0,450,0,Cash
SL0001556,T001067,2026-07-02 21:17:00,P018,1,11000.0,7950,0,Cash
SL0001557,T001068,2026-07-02 12:38:00,P020,1,9600.0,7050,500,Cash
SL0001558,T001069,2026-07-02 09:00:00,P011,2,5600.0,4100,0,KBZPay
SL0001559,T001070,2026-07-02 15:28:00,P030,1,9850.0,8500,0,Cash
SL0001560,T001070,2026-07-02 15:28:00,P034,1,6900.0,5900,0,Cash
SL0001561,T001071,2026-07-02 18:45:00,P020,1,9600.0,7050,0,WavePay
SL0001562,T001072,2026-07-02 08:26:00,P017,2,8050.0,6850,0,Cash
SL0001563,T001072,2026-07-02 08:26:00,P008,3,1450.0,1200,0,Cash
SL0001564,T001073,2026-07-02 13:59:00,P033,3,550.0,450,0,Cash
SL0001565,T001074,2026-07-02 11:51:00,P020,1,9600.0,7050,0,Cash
SL0001566,T001075,2026-07-02 15:22:00,P027,2,600.0,500,0,Cash
SL0001567,T001076,2026-07-02 18:38:00,P033,2,550.0,450,0,Cash
SL0001568,T001077,2026-07-02 11:02:00,P038,1,4500.0,3300,0,Cash
SL0001569,T001077,2026-07-02 11:02:00,P008,1,1450.0,1200,0,Cash
SL0001570,T001078,2026-07-02 12:02:00,P007,2,2750.0,2400,0,Cash
SL0001571,T001079,2026-07-02 15:20:00,P020,1,9600.0,7050,0,Cash
SL0001572,T001080,2026-07-02 16:51:00,P029,3,9250.0,7400,0,Cash
SL0001573,T001081,2026-07-02 10:27:00,P029,1,9250.0,7400,0,Cash
SL0001574,T001081,2026-07-02 10:27:00,P034,1,6900.0,5900,0,Cash
SL0001575,T001082,2026-07-02 13:24:00,P007,1,2750.0,2400,0,Cash
SL0001576,T001082,2026-07-02 13:24:00,P012,2,9800.0,8800,0,Cash
SL0001577,T001083,2026-07-02 13:43:00,P015,1,1050.0,750,0,KBZPay
SL0001578,T001083,2026-07-02 13:43:00,P018,1,11000.0,7950,550,WavePay
SL0001579,T001083,2026-07-02 13:43:00,P031,3,6800.0,4750,0,Cash
SL0001580,T001084,2026-07-02 13:00:00,P008,1,1450.0,1200,0,Cash
SL0001581,T001084,2026-07-02 13:00:00,P039,1,9350.0,7550,0,Cash
SL0001582,T001085,2026-07-02 15:08:00,P002,2,9700.0,7950,0,KBZPay
SL0001583,T001085,2026-07-02 15:08:00,P031,2,6800.0,4750,0,Cash
SL0001584,T001085,2026-07-02 15:08:00,P024,1,5650.0,4800,0,KBZPay
SL0001585,T001086,2026-07-02 12:07:00,P030,2,9850.0,8500,0,Cash
SL0001586,T001086,2026-07-02 12:07:00,P026,1,8650.0,7250,0,Cash
SL0001587,T001086,2026-07-02 12:07:00,P036,1,6250.0,4350,0,Cash
SL0001588,T001087,2026-07-02 16:31:00,P012,1,9800.0,8800,0,KBZPay
SL0001589,T001087,2026-07-02 16:31:00,P004,1,2300.0,1700,0,WavePay
SL0001590,T001088,2026-07-02 17:37:00,P033,1,550.0,450,0,Cash
SL0001591,T001089,2026-07-02 10:20:00,P010,1,7200.0,5600,0,Cash
SL0001592,T001089,2026-07-02 10:20:00,P028,1,950.0,750,0,Cash
SL0001593,T001089,2026-07-02 10:20:00,P005,1,8700.0,6300,0,Cash
SL0001594,T001090,2026-07-02 12:33:00,P020,2,9600.0,7050,950,Cash
SL0001595,T001090,2026-07-02 12:33:00,P038,1,4500.0,3300,0,Cash
SL0001596,T001090,2026-07-02 12:33:00,P015,1,1050.0,750,0,Cash
SL0001597,T001091,2026-07-02 13:53:00,P027,2,600.0,500,50,Cash
SL0001598,T001091,2026-07-02 13:53:00,P020,1,9600.0,7050,0,Cash
SL0001599,T001091,2026-07-02 13:53:00,P003,1,7250.0,5200,0,KBZPay
SL0001600,T001092,2026-07-02 15:15:00,P006,1,6750.0,4750,0,Cash
SL0001601,T001092,2026-07-02 15:15:00,P008,1,1450.0,1200,0,WavePay
SL0001602,T001093,2026-07-02 17:38:00,P039,1,9350.0,7550,0,KBZPay
SL0001603,T001093,2026-07-02 17:38:00,P024,1,5650.0,4800,0,Cash
SL0001604,T001094,2026-07-02 11:05:00,P026,1,8650.0,7250,450,WavePay
SL0001605,T001094,2026-07-02 11:05:00,P034,1,6900.0,5900,0,Cash
SL0001606,T001095,2026-07-02 07:07:00,P020,1,9600.0,7050,0,Cash
SL0001607,T001096,2026-07-02 12:42:00,P002,1,9700.0,7950,0,Cash
SL0001608,T001097,2026-07-02 16:23:00,P037,1,4650.0,3300,0,Cash
SL0001609,T001097,2026-07-02 16:23:00,P031,1,6800.0,4750,0,Cash
SL0001610,T001098,2026-07-02 14:39:00,P023,1,7800.0,6250,0,Cash
SL0001611,T001099,2026-07-02 09:52:00,P014,1,10450.0,8900,0,Cash
SL0001612,T001100,2026-07-02 15:28:00,P021,2,10450.0,8200,0,Cash
SL0001613,T001101,2026-07-03 07:44:00,P013,1,8950.0,6450,0,KBZPay
SL0001614,T001102,2026-07-03 09:34:00,P005,1,8700.0,6300,0,Cash
SL0001615,T001102,2026-07-03 09:34:00,P015,1,1050.0,750,0,KBZPay
SL0001616,T001102,2026-07-03 09:34:00,P026,2,8650.0,7250,0,Cash
SL0001617,T001103,2026-07-03 12:11:00,P018,3,11000.0,7950,0,Cash
SL0001618,T001104,2026-07-03 18:16:00,P026,2,8650.0,7250,0,Cash
SL0001619,T001105,2026-07-03 13:33:00,P020,3,9600.0,7050,0,Cash
SL0001620,T001106,2026-07-03 13:44:00,P023,2,7800.0,6250,0,Cash
SL0001621,T001106,2026-07-03 13:44:00,P005,1,8700.0,6300,0,Cash
SL0001622,T001107,2026-07-03 21:25:00,P037,1,4650.0,3300,0,KBZPay
SL0001623,T001107,2026-07-03 21:25:00,P039,1,9350.0,7550,0,Cash
SL0001624,T001107,2026-07-03 21:25:00,P003,1,7250.0,5200,350,Cash
SL0001625,T001108,2026-07-03 13:35:00,P002,1,9700.0,7950,0,Cash
SL0001626,T001109,2026-07-03 16:04:00,P015,1,1050.0,750,50,WavePay
SL0001627,T001110,2026-07-03 18:22:00,P008,1,1450.0,1200,0,Cash
SL0001628,T001111,2026-07-03 09:05:00,P003,1,7250.0,5200,0,Cash
SL0001629,T001112,2026-07-03 18:28:00,P037,1,4650.0,3300,0,Cash
SL0001630,T001113,2026-07-03 17:04:00,P010,2,7200.0,5600,0,Cash
SL0001631,T001114,2026-07-03 14:31:00,P003,1,7250.0,5200,0,KBZPay
SL0001632,T001115,2026-07-03 12:19:00,P008,1,1450.0,1200,0,Cash
SL0001633,T001116,2026-07-03 20:38:00,P002,1,9700.0,7950,0,Cash
SL0001634,T001117,2026-07-03 10:06:00,P024,1,5650.0,4800,0,Cash
SL0001635,T001118,2026-07-03 14:59:00,P014,2,10450.0,8900,0,Cash
SL0001636,T001119,2026-07-03 16:36:00,P016,1,10700.0,8500,550,Cash
SL0001637,T001120,2026-07-03 16:19:00,P003,1,7250.0,5200,0,Cash
SL0001638,T001121,2026-07-03 11:35:00,P005,1,8700.0,6300,0,Cash
SL0001639,T001122,2026-07-03 16:48:00,P014,1,10450.0,8900,0,Cash
SL0001640,T001122,2026-07-03 16:48:00,P011,1,5600.0,4100,0,KBZPay
SL0001641,T001123,2026-07-03 11:32:00,P016,1,10700.0,8500,0,Cash
SL0001642,T001124,2026-07-03 15:13:00,P011,2,5600.0,4100,0,KBZPay
SL0001643,T001125,2026-07-03 13:37:00,P015,2,1050.0,750,0,Cash
SL0001644,T001125,2026-07-03 13:37:00,P006,2,6750.0,4750,0,Cash
SL0001645,T001126,2026-07-03 17:18:00,P039,1,9350.0,7550,0,KBZPay
SL0001646,T001127,2026-07-03 11:20:00,P037,2,4650.0,3300,450,KBZPay
SL0001647,T001127,2026-07-03 11:20:00,P020,1,9600.0,7050,0,Cash
SL0001648,T001128,2026-07-03 19:38:00,P005,1,8700.0,6300,0,Cash
SL0001649,T001129,2026-07-03 12:39:00,P011,1,5600.0,4100,0,Cash
SL0001650,T001130,2026-07-03 12:44:00,P020,1,9600.0,7050,0,Cash
SL0001651,T001131,2026-07-03 21:53:00,P030,1,9850.0,8500,0,Cash
SL0001652,T001132,2026-07-03 14:45:00,P020,1,9600.0,7050,0,Cash
SL0001653,T001133,2026-07-03 21:24:00,P008,1,1450.0,1200,0,Cash
SL0001654,T001133,2026-07-03 21:24:00,P006,1,6750.0,4750,0,Cash
SL0001655,T001134,2026-07-03 12:02:00,P016,1,10700.0,8500,0,WavePay
SL0001656,T001134,2026-07-03 12:02:00,P012,1,9800.0,8800,0,Cash
SL0001657,T001135,2026-07-03 09:06:00,P016,1,10700.0,8500,0,Cash
SL0001658,T001136,2026-07-04 15:16:00,P012,4,9800.0,8800,0,Cash
SL0001659,T001137,2026-07-04 18:30:00,P034,1,6900.0,5900,0,Cash
SL0001660,T001138,2026-07-04 19:57:00,P009,1,9500.0,7150,0,Cash
SL0001661,T001138,2026-07-04 19:57:00,P030,1,9850.0,8500,500,Cash
SL0001662,T001139,2026-07-04 08:43:00,P024,1,5650.0,4800,0,Cash
SL0001663,T001140,2026-07-04 16:56:00,P034,1,6900.0,5900,0,Cash
SL0001664,T001141,2026-07-04 11:06:00,P039,1,9350.0,7550,0,Cash
SL0001665,T001142,2026-07-04 16:42:00,P022,1,8800.0,7450,0,Cash
SL0001666,T001143,2026-07-04 19:56:00,P008,2,1450.0,1200,0,KBZPay
SL0001667,T001143,2026-07-04 19:56:00,P007,2,2750.0,2400,0,KBZPay
SL0001668,T001144,2026-07-04 12:43:00,P031,1,6800.0,4750,0,Cash
SL0001669,T001145,2026-07-04 13:08:00,P014,1,10450.0,8900,0,Cash
SL0001670,T001145,2026-07-04 13:08:00,P015,1,1050.0,750,0,KBZPay
SL0001671,T001145,2026-07-04 13:08:00,P038,1,4500.0,3300,0,Cash
SL0001672,T001146,2026-07-04 07:14:00,P004,1,2300.0,1700,0,KBZPay
SL0001673,T001147,2026-07-04 21:21:00,P034,1,6900.0,5900,0,Cash
SL0001674,T001148,2026-07-04 18:59:00,P037,1,4650.0,3300,0,Cash
SL0001675,T001149,2026-07-04 17:03:00,P020,1,9600.0,7050,0,KBZPay
SL0001676,T001150,2026-07-04 13:50:00,P026,1,8650.0,7250,0,Cash
SL0001677,T001151,2026-07-04 20:28:00,P024,2,5650.0,4800,550,Cash
SL0001678,T001151,2026-07-04 20:28:00,P038,1,4500.0,3300,0,Cash
SL0001679,T001151,2026-07-04 20:28:00,P013,2,8950.0,6450,0,Cash
SL0001680,T001152,2026-07-04 12:49:00,P015,1,1050.0,750,0,WavePay
SL0001681,T001153,2026-07-04 09:03:00,P010,1,7200.0,5600,350,Cash
SL0001682,T001153,2026-07-04 09:03:00,P019,1,3050.0,2500,0,Cash
SL0001683,T001154,2026-07-04 21:21:00,P030,1,9850.0,8500,0,KBZPay
SL0001684,T001155,2026-07-04 08:10:00,P022,1,8800.0,7450,0,Cash
SL0001685,T001155,2026-07-04 08:10:00,P031,3,6800.0,4750,0,Cash
SL0001686,T001155,2026-07-04 08:10:00,P006,2,6750.0,4750,0,Cash
SL0001687,T001156,2026-07-04 11:49:00,P035,1,10250.0,8150,0,Cash
SL0001688,T001156,2026-07-04 11:49:00,P032,2,10850.0,8500,0,WavePay
SL0001689,T001157,2026-07-04 17:09:00,P026,1,8650.0,7250,0,KBZPay
SL0001690,T001158,2026-07-04 07:26:00,P031,1,6800.0,4750,0,Cash
SL0001691,T001159,2026-07-04 12:49:00,P015,1,1050.0,750,0,Cash
SL0001692,T001160,2026-07-04 20:00:00,P002,1,9700.0,7950,0,WavePay
SL0001693,T001160,2026-07-04 20:00:00,P040,1,6800.0,5650,0,Cash
SL0001694,T001161,2026-07-04 12:30:00,P026,1,8650.0,7250,0,Cash
SL0001695,T001161,2026-07-04 12:30:00,P001,2,9400.0,7950,0,Cash
SL0001696,T001162,2026-07-04 16:17:00,P007,1,2750.0,2400,0,Cash
SL0001697,T001162,2026-07-04 16:17:00,P012,1,9800.0,8800,0,KBZPay
SL0001698,T001163,2026-07-04 10:21:00,P003,1,7250.0,5200,0,Cash
SL0001699,T001164,2026-07-04 08:06:00,P032,1,10850.0,8500,0,Cash
SL0001700,T001165,2026-07-04 12:08:00,P027,2,600.0,500,50,Cash
SL0001701,T001166,2026-07-04 08:46:00,P027,1,600.0,500,50,Cash
SL0001702,T001167,2026-07-04 13:19:00,P030,1,9850.0,8500,0,WavePay
SL0001703,T001168,2026-07-04 09:58:00,P025,1,2450.0,2150,0,Cash
SL0001704,T001168,2026-07-04 09:58:00,P010,1,7200.0,5600,0,Cash
SL0001705,T001169,2026-07-04 07:14:00,P013,1,8950.0,6450,0,Cash
SL0001706,T001170,2026-07-04 19:16:00,P008,1,1450.0,1200,0,Cash
SL0001707,T001171,2026-07-04 15:51:00,P034,3,6900.0,5900,1050,Cash
SL0001708,T001172,2026-07-05 12:45:00,P030,1,9850.0,8500,0,Cash
SL0001709,T001172,2026-07-05 12:45:00,P006,1,6750.0,4750,0,Cash
SL0001710,T001173,2026-07-05 07:01:00,P020,1,9600.0,7050,0,WavePay
SL0001711,T001174,2026-07-05 09:08:00,P008,1,1450.0,1200,50,WavePay
SL0001712,T001175,2026-07-05 12:46:00,P020,1,9600.0,7050,0,Cash
SL0001713,T001175,2026-07-05 12:46:00,P039,1,9350.0,7550,0,Cash
SL0001714,T001176,2026-07-05 11:45:00,P006,1,6750.0,4750,0,Cash
SL0001715,T001177,2026-07-05 14:32:00,P019,1,3050.0,2500,0,WavePay
SL0001716,T001178,2026-07-05 19:01:00,P033,1,550.0,450,0,Cash
SL0001717,T001179,2026-07-05 20:20:00,P033,2,550.0,450,0,Cash
SL0001718,T001179,2026-07-05 20:20:00,P012,1,9800.0,8800,0,WavePay
SL0001719,T001179,2026-07-05 20:20:00,P039,1,9350.0,7550,450,Cash
SL0001720,T001180,2026-07-05 13:08:00,P022,1,8800.0,7450,450,Cash
SL0001721,T001180,2026-07-05 13:08:00,P030,1,9850.0,8500,0,Cash
SL0001722,T001181,2026-07-05 15:03:00,P037,2,4650.0,3300,0,KBZPay
SL0001723,T001182,2026-07-05 20:25:00,P015,3,1050.0,750,0,WavePay
SL0001724,T001183,2026-07-05 17:56:00,P025,1,2450.0,2150,0,Cash
SL0001725,T001183,2026-07-05 17:56:00,P005,1,8700.0,6300,0,Cash
SL0001726,T001184,2026-07-05 07:29:00,P034,1,6900.0,5900,0,Cash
SL0001727,T001185,2026-07-05 09:46:00,P007,1,2750.0,2400,0,Cash
SL0001728,T001186,2026-07-05 12:46:00,P014,1,10450.0,8900,0,KBZPay
SL0001729,T001187,2026-07-05 14:19:00,P030,1,9850.0,8500,0,KBZPay
SL0001730,T001188,2026-07-05 13:35:00,P004,2,2300.0,1700,250,Cash
SL0001731,T001188,2026-07-05 13:35:00,P034,4,6900.0,5900,0,KBZPay
SL0001732,T001189,2026-07-05 10:05:00,P008,1,1450.0,1200,0,Cash
SL0001733,T001190,2026-07-05 12:51:00,P037,2,4650.0,3300,0,Cash
SL0001734,T001191,2026-07-05 07:41:00,P003,1,7250.0,5200,0,Cash
SL0001735,T001192,2026-07-05 08:50:00,P034,1,6900.0,5900,350,Cash
SL0001736,T001193,2026-07-05 11:54:00,P016,4,10700.0,8500,0,Cash
SL0001737,T001193,2026-07-05 11:54:00,P022,1,8800.0,7450,0,Cash
SL0001738,T001194,2026-07-05 14:19:00,P021,1,10450.0,8200,0,Cash
SL0001739,T001194,2026-07-05 14:19:00,P037,2,4650.0,3300,0,Cash
SL0001740,T001195,2026-07-05 20:36:00,P002,2,9700.0,7950,950,Cash
SL0001741,T001196,2026-07-05 09:34:00,P026,1,8650.0,7250,0,WavePay
SL0001742,T001197,2026-07-05 15:05:00,P008,1,1450.0,1200,0,WavePay
SL0001743,T001197,2026-07-05 15:05:00,P011,1,5600.0,4100,0,Cash
SL0001744,T001198,2026-07-05 14:18:00,P028,1,950.0,750,0,Cash
SL0001745,T001199,2026-07-05 07:13:00,P025,4,2450.0,2150,0,KBZPay
SL0001746,T001200,2026-07-05 19:37:00,P030,1,9850.0,8500,0,Cash
SL0001747,T001201,2026-07-05 07:03:00,P031,2,6800.0,4750,0,Cash
SL0001748,T001202,2026-07-05 14:18:00,P031,1,6800.0,4750,0,Cash
SL0001749,T001203,2026-07-05 11:07:00,P039,1,9350.0,7550,0,Cash
SL0001750,T001204,2026-07-05 16:23:00,P034,1,6900.0,5900,0,Cash
SL0001751,T001205,2026-07-05 14:00:00,P038,1,4500.0,3300,200,Cash
SL0001752,T001205,2026-07-05 14:00:00,P021,1,10450.0,8200,0,Cash
SL0001753,T001206,2026-07-05 12:02:00,P008,1,1450.0,1200,0,Cash
SL0001754,T001207,2026-07-05 20:50:00,P031,1,6800.0,4750,0,Cash
SL0001755,T001208,2026-07-05 08:16:00,P034,1,6900.0,5900,0,KBZPay
SL0001756,T001209,2026-07-05 15:58:00,P019,1,3050.0,2500,0,Cash
SL0001757,T001209,2026-07-05 15:58:00,P020,1,9600.0,7050,0,KBZPay
SL0001758,T001210,2026-07-05 16:34:00,P015,1,1050.0,750,0,WavePay
SL0001759,T001211,2026-07-05 17:20:00,P006,1,6750.0,4750,0,Cash
SL0001760,T001211,2026-07-05 17:20:00,P032,1,10850.0,8500,0,Cash
SL0001761,T001211,2026-07-05 17:20:00,P018,3,11000.0,7950,0,Cash
SL0001762,T001212,2026-07-05 15:15:00,P007,1,2750.0,2400,0,KBZPay
SL0001763,T001213,2026-07-05 20:53:00,P030,3,9850.0,8500,0,KBZPay
SL0001764,T001214,2026-07-05 13:42:00,P018,1,11000.0,7950,0,Cash
SL0001765,T001215,2026-07-05 07:59:00,P016,3,10700.0,8500,0,Cash
SL0001766,T001215,2026-07-05 07:59:00,P003,1,7250.0,5200,0,Cash
SL0001767,T001215,2026-07-05 07:59:00,P020,4,9600.0,7050,0,KBZPay
SL0001768,T001216,2026-07-06 15:12:00,P040,1,6800.0,5650,350,Cash
SL0001769,T001216,2026-07-06 15:12:00,P034,2,6900.0,5900,0,Cash
SL0001770,T001217,2026-07-06 14:47:00,P015,1,1050.0,750,0,Cash
SL0001771,T001217,2026-07-06 14:47:00,P034,1,6900.0,5900,0,Cash
SL0001772,T001217,2026-07-06 14:47:00,P008,1,1450.0,1200,0,Cash
SL0001773,T001218,2026-07-06 17:18:00,P020,1,9600.0,7050,0,Cash
SL0001774,T001219,2026-07-06 13:13:00,P008,2,1450.0,1200,150,WavePay
SL0001775,T001219,2026-07-06 13:13:00,P037,1,4650.0,3300,0,KBZPay
SL0001776,T001219,2026-07-06 13:13:00,P003,1,7250.0,5200,0,KBZPay
SL0001777,T001220,2026-07-06 15:48:00,P030,1,9850.0,8500,0,Cash
SL0001778,T001221,2026-07-06 07:30:00,P020,1,9600.0,7050,0,Cash
SL0001779,T001222,2026-07-06 12:46:00,P004,1,2300.0,1700,0,Cash
SL0001780,T001222,2026-07-06 12:46:00,P019,1,3050.0,2500,0,WavePay
SL0001781,T001222,2026-07-06 12:46:00,P031,1,6800.0,4750,350,Cash
SL0001782,T001223,2026-07-06 12:36:00,P032,1,10850.0,8500,0,Cash
SL0001783,T001224,2026-07-06 19:15:00,P034,4,6900.0,5900,1400,WavePay
SL0001784,T001225,2026-07-06 14:09:00,P003,2,7250.0,5200,0,Cash
SL0001785,T001225,2026-07-06 14:09:00,P012,1,9800.0,8800,0,Cash
SL0001786,T001226,2026-07-06 11:21:00,P003,1,7250.0,5200,0,Cash
SL0001787,T001227,2026-07-06 10:44:00,P036,3,6250.0,4350,0,KBZPay
SL0001788,T001227,2026-07-06 10:44:00,P018,1,11000.0,7950,0,Cash
SL0001789,T001227,2026-07-06 10:44:00,P016,2,10700.0,8500,0,KBZPay
SL0001790,T001228,2026-07-06 16:28:00,P039,1,9350.0,7550,0,Cash
SL0001791,T001229,2026-07-06 18:20:00,P013,1,8950.0,6450,0,WavePay
SL0001792,T001229,2026-07-06 18:20:00,P002,1,9700.0,7950,0,Cash
SL0001793,T001230,2026-07-06 15:29:00,P006,1,6750.0,4750,0,Cash
SL0001794,T001230,2026-07-06 15:29:00,P020,1,9600.0,7050,0,Cash
SL0001795,T001231,2026-07-06 16:29:00,P020,2,9600.0,7050,0,Cash
SL0001796,T001231,2026-07-06 16:29:00,P007,2,2750.0,2400,0,Cash
SL0001797,T001232,2026-07-06 10:31:00,P037,1,4650.0,3300,0,Cash
SL0001798,T001233,2026-07-06 15:50:00,P033,2,550.0,450,0,Cash
SL0001799,T001234,2026-07-06 14:13:00,P028,1,950.0,750,0,WavePay
SL0001800,T001234,2026-07-06 14:13:00,P039,1,9350.0,7550,0,Cash
SL0001801,T001235,2026-07-06 13:28:00,P012,1,9800.0,8800,0,Cash
SL0001802,T001236,2026-07-06 14:49:00,P029,1,9250.0,7400,0,WavePay
SL0001803,T001236,2026-07-06 14:49:00,P008,1,1450.0,1200,0,KBZPay
SL0001804,T001237,2026-07-06 08:16:00,P039,1,9350.0,7550,450,Cash
SL0001805,T001238,2026-07-06 16:31:00,P008,1,1450.0,1200,0,Cash
SL0001806,T001239,2026-07-06 12:07:00,P036,2,6250.0,4350,0,Cash
SL0001807,T001240,2026-07-06 14:15:00,P012,1,9800.0,8800,0,Cash
SL0001808,T001241,2026-07-06 19:53:00,P034,1,6900.0,5900,350,Cash
SL0001809,T001241,2026-07-06 19:53:00,P006,2,6750.0,4750,700,Cash
SL0001810,T001242,2026-07-06 12:07:00,P030,1,9850.0,8500,0,KBZPay
SL0001811,T001243,2026-07-06 21:25:00,P037,2,4650.0,3300,0,Cash
SL0001812,T001244,2026-07-06 09:17:00,P031,1,6800.0,4750,0,Cash
SL0001813,T001244,2026-07-06 09:17:00,P007,1,2750.0,2400,0,Cash
SL0001814,T001245,2026-07-06 13:43:00,P020,1,9600.0,7050,0,KBZPay
SL0001815,T001245,2026-07-06 13:43:00,P037,1,4650.0,3300,250,Cash
SL0001816,T001245,2026-07-06 13:43:00,P026,1,8650.0,7250,0,KBZPay
SL0001817,T001246,2026-07-06 16:24:00,P025,1,2450.0,2150,0,Cash
SL0001818,T001247,2026-07-06 07:05:00,P031,1,6800.0,4750,0,Cash
SL0001819,T001248,2026-07-06 18:19:00,P018,1,11000.0,7950,0,KBZPay
SL0001820,T001248,2026-07-06 18:19:00,P033,1,550.0,450,0,Cash
SL0001821,T001249,2026-07-07 18:56:00,P008,1,1450.0,1200,0,WavePay
SL0001822,T001249,2026-07-07 18:56:00,P006,3,6750.0,4750,0,Cash
SL0001823,T001250,2026-07-07 14:37:00,P024,2,5650.0,4800,0,Cash
SL0001824,T001251,2026-07-07 11:49:00,P034,1,6900.0,5900,0,Cash
SL0001825,T001252,2026-07-07 07:52:00,P008,4,1450.0,1200,0,WavePay
SL0001826,T001253,2026-07-07 14:30:00,P011,1,5600.0,4100,0,Cash
SL0001827,T001254,2026-07-07 14:00:00,P020,1,9600.0,7050,0,Cash
SL0001828,T001255,2026-07-07 18:37:00,P030,1,9850.0,8500,0,Cash
SL0001829,T001255,2026-07-07 18:37:00,P024,1,5650.0,4800,0,KBZPay
SL0001830,T001256,2026-07-07 21:05:00,P010,1,7200.0,5600,0,KBZPay
SL0001831,T001257,2026-07-07 13:32:00,P026,1,8650.0,7250,0,Cash
SL0001832,T001258,2026-07-07 21:08:00,P032,3,10850.0,8500,0,Cash
SL0001833,T001259,2026-07-07 15:17:00,P020,1,9600.0,7050,0,WavePay
SL0001834,T001260,2026-07-07 18:48:00,P006,1,6750.0,4750,0,KBZPay
SL0001835,T001260,2026-07-07 18:48:00,P010,1,7200.0,5600,0,WavePay
SL0001836,T001260,2026-07-07 18:48:00,P012,1,9800.0,8800,0,Cash
SL0001837,T001261,2026-07-07 10:21:00,P014,1,10450.0,8900,0,Cash
SL0001838,T001262,2026-07-07 15:47:00,P037,3,4650.0,3300,700,Cash
SL0001839,T001263,2026-07-07 18:23:00,P003,1,7250.0,5200,0,Cash
SL0001840,T001263,2026-07-07 18:23:00,P025,1,2450.0,2150,0,Cash
SL0001841,T001263,2026-07-07 18:23:00,P014,1,10450.0,8900,0,Cash
SL0001842,T001264,2026-07-07 15:13:00,P012,1,9800.0,8800,0,Cash
SL0001843,T001264,2026-07-07 15:13:00,P020,1,9600.0,7050,0,Cash
SL0001844,T001265,2026-07-07 19:14:00,P015,1,1050.0,750,0,Cash
SL0001845,T001265,2026-07-07 19:14:00,P028,1,950.0,750,0,Cash
SL0001846,T001266,2026-07-07 16:21:00,P038,1,4500.0,3300,0,Cash
SL0001847,T001267,2026-07-07 09:40:00,P031,1,6800.0,4750,0,Cash
SL0001848,T001268,2026-07-07 13:37:00,P006,2,6750.0,4750,0,Cash
SL0001849,T001269,2026-07-07 18:21:00,P030,1,9850.0,8500,0,Cash
SL0001850,T001270,2026-07-07 14:20:00,P025,1,2450.0,2150,0,Cash
SL0001851,T001271,2026-07-07 17:02:00,P015,1,1050.0,750,0,Cash
SL0001852,T001272,2026-07-07 12:04:00,P038,2,4500.0,3300,0,WavePay
SL0001853,T001273,2026-07-08 15:32:00,P017,1,8050.0,6850,0,Cash
SL0001854,T001274,2026-07-08 15:57:00,P008,1,1450.0,1200,0,Cash
SL0001855,T001275,2026-07-08 13:27:00,P005,1,8700.0,6300,0,KBZPay
SL0001856,T001276,2026-07-08 11:16:00,P020,1,9600.0,7050,0,Cash
SL0001857,T001276,2026-07-08 11:16:00,P010,1,7200.0,5600,0,Cash
SL0001858,T001277,2026-07-08 11:00:00,P009,1,9500.0,7150,0,Cash
SL0001859,T001277,2026-07-08 11:00:00,P026,3,8650.0,7250,0,Cash
SL0001860,T001277,2026-07-08 11:00:00,P015,2,1050.0,750,0,Cash
SL0001861,T001278,2026-07-08 09:23:00,P017,2,8050.0,6850,0,Cash
SL0001862,T001279,2026-07-08 21:48:00,P008,1,1450.0,1200,0,Cash
SL0001863,T001280,2026-07-08 15:15:00,P012,1,9800.0,8800,0,Cash
SL0001864,T001281,2026-07-08 18:30:00,P009,2,9500.0,7150,0,KBZPay
SL0001865,T001282,2026-07-08 17:22:00,P016,2,10700.0,8500,0,Cash
SL0001866,T001282,2026-07-08 17:22:00,P002,1,9700.0,7950,0,Cash
SL0001867,T001283,2026-07-08 16:39:00,P020,3,9600.0,7050,0,WavePay
SL0001868,T001284,2026-07-08 09:05:00,P014,1,10450.0,8900,0,Cash
SL0001869,T001284,2026-07-08 09:05:00,P031,1,6800.0,4750,0,Cash
SL0001870,T001285,2026-07-08 14:13:00,P015,1,1050.0,750,0,Cash
SL0001871,T001286,2026-07-08 13:26:00,P026,2,8650.0,7250,0,KBZPay
SL0001872,T001287,2026-07-08 14:27:00,P038,1,4500.0,3300,0,KBZPay
SL0001873,T001288,2026-07-08 07:22:00,P038,1,4500.0,3300,0,WavePay
SL0001874,T001288,2026-07-08 07:22:00,P011,1,5600.0,4100,300,KBZPay
SL0001875,T001289,2026-07-08 11:04:00,P010,1,7200.0,5600,0,Cash
SL0001876,T001289,2026-07-08 11:04:00,P004,1,2300.0,1700,0,Cash
SL0001877,T001290,2026-07-08 15:37:00,P022,1,8800.0,7450,0,Cash
SL0001878,T001291,2026-07-08 10:08:00,P011,1,5600.0,4100,0,Cash
SL0001879,T001291,2026-07-08 10:08:00,P002,1,9700.0,7950,0,WavePay
SL0001880,T001292,2026-07-08 07:05:00,P006,1,6750.0,4750,0,WavePay
SL0001881,T001293,2026-07-08 11:13:00,P030,1,9850.0,8500,0,KBZPay
SL0001882,T001293,2026-07-08 11:13:00,P011,1,5600.0,4100,0,Cash
SL0001883,T001294,2026-07-08 16:25:00,P006,1,6750.0,4750,0,KBZPay
SL0001884,T001294,2026-07-08 16:25:00,P031,1,6800.0,4750,0,Cash
SL0001885,T001295,2026-07-08 10:20:00,P003,1,7250.0,5200,0,Cash
SL0001886,T001295,2026-07-08 10:20:00,P004,1,2300.0,1700,0,Cash
SL0001887,T001296,2026-07-08 12:23:00,P024,1,5650.0,4800,0,Cash
SL0001888,T001297,2026-07-08 07:20:00,P015,1,1050.0,750,0,Cash
SL0001889,T001298,2026-07-08 13:09:00,P024,1,5650.0,4800,300,Cash
SL0001890,T001299,2026-07-08 12:28:00,P020,2,9600.0,7050,0,Cash
SL0001891,T001300,2026-07-08 09:36:00,P010,1,7200.0,5600,350,Cash
SL0001892,T001301,2026-07-08 10:24:00,P030,2,9850.0,8500,0,Cash
SL0001893,T001301,2026-07-08 10:24:00,P014,1,10450.0,8900,500,WavePay
SL0001894,T001302,2026-07-08 12:18:00,P030,1,9850.0,8500,0,Cash
SL0001895,T001302,2026-07-08 12:18:00,P007,1,2750.0,2400,0,KBZPay
SL0001896,T001303,2026-07-08 14:04:00,P031,1,6800.0,4750,0,Cash
SL0001897,T001304,2026-07-08 07:10:00,P010,3,7200.0,5600,0,Cash
SL0001898,T001304,2026-07-08 07:10:00,P008,1,1450.0,1200,50,Cash
SL0001899,T001305,2026-07-08 20:45:00,P039,1,9350.0,7550,0,Cash
SL0001900,T001305,2026-07-08 20:45:00,P015,2,1050.0,750,100,Cash
SL0001901,T001306,2026-07-08 14:36:00,P017,1,8050.0,6850,0,Cash
SL0001902,T001306,2026-07-08 14:36:00,P024,1,5650.0,4800,0,Cash
SL0001903,T001307,2026-07-08 11:58:00,P008,1,1450.0,1200,0,Cash
SL0001904,T001308,2026-07-08 10:03:00,P006,1,6750.0,4750,0,KBZPay
SL0001905,T001309,2026-07-08 19:21:00,P031,1,6800.0,4750,0,Cash
SL0001906,T001310,2026-07-09 13:41:00,P031,1,6800.0,4750,0,Cash
SL0001907,T001311,2026-07-09 12:37:00,P020,1,9600.0,7050,0,Cash
SL0001908,T001311,2026-07-09 12:37:00,P030,1,9850.0,8500,0,KBZPay
SL0001909,T001311,2026-07-09 12:37:00,P023,1,7800.0,6250,400,WavePay
SL0001910,T001312,2026-07-09 16:29:00,P022,1,8800.0,7450,0,Cash
SL0001911,T001312,2026-07-09 16:29:00,P012,1,9800.0,8800,0,Cash
SL0001912,T001312,2026-07-09 16:29:00,P033,3,550.0,450,100,Cash
SL0001913,T001313,2026-07-09 13:08:00,P033,2,550.0,450,0,KBZPay
SL0001914,T001314,2026-07-09 21:28:00,P009,1,9500.0,7150,0,Cash
SL0001915,T001314,2026-07-09 21:28:00,P024,1,5650.0,4800,0,WavePay
SL0001916,T001315,2026-07-09 10:41:00,P015,1,1050.0,750,0,Cash
SL0001917,T001316,2026-07-09 14:20:00,P026,1,8650.0,7250,0,Cash
SL0001918,T001317,2026-07-09 17:43:00,P024,1,5650.0,4800,0,Cash
SL0001919,T001318,2026-07-09 17:44:00,P005,1,8700.0,6300,0,KBZPay
SL0001920,T001318,2026-07-09 17:44:00,P037,1,4650.0,3300,0,KBZPay
SL0001921,T001319,2026-07-09 13:55:00,P018,1,11000.0,7950,0,Cash
SL0001922,T001320,2026-07-09 18:48:00,P038,2,4500.0,3300,0,Cash
SL0001923,T001321,2026-07-09 10:23:00,P024,2,5650.0,4800,0,Cash
SL0001924,T001321,2026-07-09 10:23:00,P020,2,9600.0,7050,950,Cash
SL0001925,T001322,2026-07-09 10:01:00,P037,1,4650.0,3300,0,Cash
SL0001926,T001323,2026-07-09 14:40:00,P026,1,8650.0,7250,0,Cash
SL0001927,T001323,2026-07-09 14:40:00,P033,1,550.0,450,0,KBZPay
SL0001928,T001324,2026-07-09 14:48:00,P026,2,8650.0,7250,0,KBZPay
SL0001929,T001324,2026-07-09 14:48:00,P002,1,9700.0,7950,0,Cash
SL0001930,T001325,2026-07-09 07:35:00,P030,2,9850.0,8500,0,Cash
SL0001931,T001326,2026-07-09 20:12:00,P033,1,550.0,450,0,Cash
SL0001932,T001327,2026-07-09 13:22:00,P035,1,10250.0,8150,0,Cash
SL0001933,T001327,2026-07-09 13:22:00,P027,1,600.0,500,0,Cash
SL0001934,T001328,2026-07-09 16:32:00,P012,1,9800.0,8800,0,Cash
SL0001935,T001329,2026-07-09 16:02:00,P034,1,6900.0,5900,0,Cash
SL0001936,T001330,2026-07-09 11:10:00,P037,1,4650.0,3300,0,Cash
SL0001937,T001331,2026-07-09 13:11:00,P033,1,550.0,450,0,Cash
SL0001938,T001332,2026-07-09 18:00:00,P003,1,7250.0,5200,0,Cash
SL0001939,T001333,2026-07-09 16:33:00,P003,1,7250.0,5200,0,WavePay
SL0001940,T001333,2026-07-09 16:33:00,P021,2,10450.0,8200,0,Cash
SL0001941,T001333,2026-07-09 16:33:00,P024,1,5650.0,4800,0,WavePay
SL0001942,T001334,2026-07-09 09:26:00,P003,1,7250.0,5200,0,Cash
SL0001943,T001335,2026-07-09 20:13:00,P025,2,2450.0,2150,0,Cash
SL0001944,T001335,2026-07-09 20:13:00,P021,1,10450.0,8200,0,KBZPay
SL0001945,T001336,2026-07-09 07:46:00,P027,4,600.0,500,0,Cash
SL0001946,T001336,2026-07-09 07:46:00,P034,3,6900.0,5900,0,Cash
SL0001947,T001337,2026-07-09 16:01:00,P024,3,5650.0,4800,0,Cash
SL0001948,T001337,2026-07-09 16:01:00,P015,1,1050.0,750,0,KBZPay
SL0001949,T001338,2026-07-09 19:28:00,P025,1,2450.0,2150,0,Cash
SL0001950,T001339,2026-07-09 15:20:00,P012,1,9800.0,8800,0,WavePay
SL0001951,T001340,2026-07-09 14:16:00,P015,1,1050.0,750,0,Cash
SL0001952,T001341,2026-07-09 07:08:00,P017,1,8050.0,6850,400,Cash
SL0001953,T001342,2026-07-09 08:18:00,P015,1,1050.0,750,0,Cash
SL0001954,T001343,2026-07-10 16:27:00,P038,2,4500.0,3300,0,KBZPay
SL0001955,T001343,2026-07-10 16:27:00,P026,1,8650.0,7250,0,Cash
SL0001956,T001343,2026-07-10 16:27:00,P032,1,10850.0,8500,0,Cash
SL0001957,T001344,2026-07-10 13:31:00,P024,1,5650.0,4800,0,Cash
SL0001958,T001345,2026-07-10 09:41:00,P025,2,2450.0,2150,0,Cash
SL0001959,T001345,2026-07-10 09:41:00,P040,2,6800.0,5650,0,Cash
SL0001960,T001345,2026-07-10 09:41:00,P006,1,6750.0,4750,0,Cash
SL0001961,T001346,2026-07-10 15:27:00,P030,2,9850.0,8500,0,Cash
SL0001962,T001346,2026-07-10 15:27:00,P003,1,7250.0,5200,0,Cash
SL0001963,T001347,2026-07-10 11:57:00,P021,1,10450.0,8200,0,KBZPay
SL0001964,T001347,2026-07-10 11:57:00,P008,1,1450.0,1200,50,Cash
SL0001965,T001348,2026-07-10 19:11:00,P024,1,5650.0,4800,0,Cash
SL0001966,T001348,2026-07-10 19:11:00,P018,1,11000.0,7950,0,WavePay
SL0001967,T001348,2026-07-10 19:11:00,P031,1,6800.0,4750,0,Cash
SL0001968,T001349,2026-07-10 11:01:00,P039,1,9350.0,7550,0,WavePay
SL0001969,T001350,2026-07-10 13:04:00,P037,3,4650.0,3300,700,KBZPay
SL0001970,T001350,2026-07-10 13:04:00,P024,1,5650.0,4800,0,Cash
SL0001971,T001351,2026-07-10 15:29:00,P011,3,5600.0,4100,0,Cash
SL0001972,T001351,2026-07-10 15:29:00,P003,1,7250.0,5200,0,Cash
SL0001973,T001352,2026-07-10 12:30:00,P025,1,2450.0,2150,0,WavePay
SL0001974,T001353,2026-07-10 21:51:00,P003,2,7250.0,5200,0,Cash
SL0001975,T001353,2026-07-10 21:51:00,P020,1,9600.0,7050,0,Cash
SL0001976,T001354,2026-07-10 14:32:00,P034,3,6900.0,5900,0,WavePay
SL0001977,T001354,2026-07-10 14:32:00,P007,1,2750.0,2400,0,Cash
SL0001978,T001354,2026-07-10 14:32:00,P027,2,600.0,500,0,Cash
SL0001979,T001355,2026-07-10 13:07:00,P015,1,1050.0,750,0,Cash
SL0001980,T001356,2026-07-10 11:46:00,P002,3,9700.0,7950,1450,Cash
SL0001981,T001357,2026-07-10 10:40:00,P037,1,4650.0,3300,0,Cash
SL0001982,T001358,2026-07-10 15:01:00,P011,1,5600.0,4100,0,Cash
SL0001983,T001359,2026-07-10 13:50:00,P026,1,8650.0,7250,0,Cash
SL0001984,T001360,2026-07-10 13:18:00,P014,1,10450.0,8900,0,Cash
SL0001985,T001361,2026-07-10 19:23:00,P012,1,9800.0,8800,0,Cash
SL0001986,T001362,2026-07-10 09:52:00,P008,1,1450.0,1200,0,WavePay
SL0001987,T001363,2026-07-10 13:45:00,P038,1,4500.0,3300,0,WavePay
SL0001988,T001364,2026-07-10 12:27:00,P021,1,10450.0,8200,0,WavePay
SL0001989,T001365,2026-07-10 07:54:00,P004,2,2300.0,1700,0,Cash
SL0001990,T001366,2026-07-10 14:19:00,P008,4,1450.0,1200,0,Cash
SL0001991,T001367,2026-07-10 07:05:00,P027,1,600.0,500,0,Cash
SL0001992,T001367,2026-07-10 07:05:00,P009,1,9500.0,7150,0,Cash
SL0001993,T001368,2026-07-10 07:16:00,P010,1,7200.0,5600,0,Cash
SL0001994,T001369,2026-07-10 15:21:00,P033,1,550.0,450,0,Cash
SL0001995,T001370,2026-07-10 10:50:00,P039,1,9350.0,7550,450,Cash
SL0001996,T001371,2026-07-10 16:35:00,P039,1,9350.0,7550,0,Cash
SL0001997,T001372,2026-07-10 15:31:00,P035,2,10250.0,8150,0,Cash
SL0001998,T001373,2026-07-10 14:09:00,P007,1,2750.0,2400,0,KBZPay
SL0001999,T001373,2026-07-10 14:09:00,P030,2,9850.0,8500,0,Cash
SL0002000,T001374,2026-07-10 16:01:00,P035,4,10250.0,8150,0,Cash
SL0002001,T001374,2026-07-10 16:01:00,P015,1,1050.0,750,0,Cash
SL0002002,T001375,2026-07-10 14:50:00,P001,1,9400.0,7950,0,Cash
SL0002003,T001375,2026-07-10 14:50:00,P035,1,10250.0,8150,0,Cash
SL0002004,T001376,2026-07-10 10:00:00,P039,3,9350.0,7550,0,Cash
SL0002005,T001376,2026-07-10 10:00:00,P024,2,5650.0,4800,0,Cash
SL0002006,T001377,2026-07-10 11:20:00,P027,2,600.0,500,50,Cash
SL0002007,T001378,2026-07-10 16:38:00,P031,1,6800.0,4750,0,Cash
SL0002008,T001378,2026-07-10 16:38:00,P015,2,1050.0,750,100,Cash
SL0002009,T001378,2026-07-10 16:38:00,P006,1,6750.0,4750,0,Cash
SL0002010,T001379,2026-07-11 16:40:00,P002,3,9700.0,7950,0,Cash
SL0002011,T001380,2026-07-11 10:40:00,P015,1,1050.0,750,0,WavePay
SL0002012,T001380,2026-07-11 10:40:00,P027,1,600.0,500,50,KBZPay
SL0002013,T001381,2026-07-11 13:57:00,P031,1,6800.0,4750,0,Cash
SL0002014,T001382,2026-07-11 10:58:00,P020,1,9600.0,7050,0,Cash
SL0002015,T001382,2026-07-11 10:58:00,P038,3,4500.0,3300,0,Cash
SL0002016,T001382,2026-07-11 10:58:00,P002,1,9700.0,7950,0,Cash
SL0002017,T001383,2026-07-11 08:52:00,P030,2,9850.0,8500,0,KBZPay
SL0002018,T001384,2026-07-11 14:21:00,P039,4,9350.0,7550,0,WavePay
SL0002019,T001385,2026-07-11 16:22:00,P039,1,9350.0,7550,0,Cash
SL0002020,T001385,2026-07-11 16:22:00,P023,2,7800.0,6250,0,KBZPay
SL0002021,T001386,2026-07-11 07:42:00,P030,1,9850.0,8500,0,Cash
SL0002022,T001386,2026-07-11 07:42:00,P033,2,550.0,450,0,Cash
SL0002023,T001387,2026-07-11 11:45:00,P025,3,2450.0,2150,0,KBZPay
SL0002024,T001388,2026-07-11 17:01:00,P013,1,8950.0,6450,0,WavePay
SL0002025,T001388,2026-07-11 17:01:00,P034,2,6900.0,5900,0,Cash
SL0002026,T001389,2026-07-11 09:17:00,P021,1,10450.0,8200,0,Cash
SL0002027,T001390,2026-07-11 12:29:00,P008,1,1450.0,1200,0,KBZPay
SL0002028,T001390,2026-07-11 12:29:00,P020,2,9600.0,7050,950,Cash
SL0002029,T001390,2026-07-11 12:29:00,P024,2,5650.0,4800,0,WavePay
SL0002030,T001391,2026-07-11 10:12:00,P008,1,1450.0,1200,0,Cash
SL0002031,T001392,2026-07-11 15:37:00,P020,1,9600.0,7050,0,WavePay
SL0002032,T001393,2026-07-11 16:23:00,P015,1,1050.0,750,0,Cash
SL0002033,T001394,2026-07-11 14:45:00,P038,1,4500.0,3300,200,WavePay
SL0002034,T001394,2026-07-11 14:45:00,P012,2,9800.0,8800,0,Cash
SL0002035,T001395,2026-07-11 11:48:00,P039,1,9350.0,7550,0,Cash
SL0002036,T001396,2026-07-11 17:37:00,P039,1,9350.0,7550,0,WavePay
SL0002037,T001397,2026-07-11 14:51:00,P034,1,6900.0,5900,0,Cash
SL0002038,T001397,2026-07-11 14:51:00,P015,1,1050.0,750,0,WavePay
SL0002039,T001398,2026-07-11 15:14:00,P004,2,2300.0,1700,0,Cash
SL0002040,T001398,2026-07-11 15:14:00,P011,1,5600.0,4100,0,WavePay
SL0002041,T001399,2026-07-11 17:31:00,P033,1,550.0,450,0,Cash
SL0002042,T001399,2026-07-11 17:31:00,P022,1,8800.0,7450,0,KBZPay
SL0002043,T001400,2026-07-11 13:52:00,P015,2,1050.0,750,0,KBZPay
SL0002044,T001401,2026-07-11 17:38:00,P020,3,9600.0,7050,0,Cash
SL0002045,T001402,2026-07-11 21:24:00,P024,1,5650.0,4800,0,Cash
SL0002046,T001402,2026-07-11 21:24:00,P007,1,2750.0,2400,0,Cash
SL0002047,T001402,2026-07-11 21:24:00,P018,1,11000.0,7950,0,WavePay
SL0002048,T001403,2026-07-11 16:06:00,P021,1,10450.0,8200,0,Cash
SL0002049,T001404,2026-07-11 19:03:00,P019,1,3050.0,2500,0,KBZPay
SL0002050,T001405,2026-07-11 14:57:00,P003,2,7250.0,5200,0,Cash
SL0002051,T001405,2026-07-11 14:57:00,P011,1,5600.0,4100,0,Cash
SL0002052,T001406,2026-07-11 10:54:00,P009,2,9500.0,7150,0,Cash
SL0002053,T001406,2026-07-11 10:54:00,P024,1,5650.0,4800,0,Cash
SL0002054,T001406,2026-07-11 10:54:00,P012,1,9800.0,8800,0,Cash
SL0002055,T001407,2026-07-11 12:47:00,P024,2,5650.0,4800,0,Cash
SL0002056,T001408,2026-07-11 15:32:00,P008,2,1450.0,1200,0,Cash
SL0002057,T001408,2026-07-11 15:32:00,P021,1,10450.0,8200,0,Cash
SL0002058,T001408,2026-07-11 15:32:00,P039,1,9350.0,7550,0,Cash
SL0002059,T001409,2026-07-11 10:47:00,P008,1,1450.0,1200,0,Cash
SL0002060,T001410,2026-07-11 15:56:00,P026,1,8650.0,7250,0,KBZPay
SL0002061,T001411,2026-07-11 13:44:00,P027,2,600.0,500,0,WavePay
SL0002062,T001411,2026-07-11 13:44:00,P015,2,1050.0,750,0,KBZPay
SL0002063,T001412,2026-07-11 08:54:00,P030,1,9850.0,8500,0,Cash
SL0002064,T001413,2026-07-11 16:56:00,P027,1,600.0,500,0,Cash
SL0002065,T001413,2026-07-11 16:56:00,P020,1,9600.0,7050,0,Cash
SL0002066,T001414,2026-07-11 12:30:00,P037,1,4650.0,3300,0,Cash
SL0002067,T001415,2026-07-11 13:55:00,P027,2,600.0,500,0,Cash
SL0002068,T001416,2026-07-11 11:55:00,P005,1,8700.0,6300,0,Cash
SL0002069,T001416,2026-07-11 11:55:00,P008,4,1450.0,1200,0,Cash
SL0002070,T001417,2026-07-11 21:35:00,P016,1,10700.0,8500,0,KBZPay
SL0002071,T001418,2026-07-11 11:07:00,P024,1,5650.0,4800,0,Cash
SL0002072,T001419,2026-07-11 10:13:00,P026,1,8650.0,7250,0,Cash
SL0002073,T001420,2026-07-11 16:35:00,P026,2,8650.0,7250,0,WavePay
SL0002074,T001420,2026-07-11 16:35:00,P015,1,1050.0,750,0,Cash
SL0002075,T001421,2026-07-11 18:15:00,P006,2,6750.0,4750,0,Cash
SL0002076,T001422,2026-07-11 11:48:00,P001,1,9400.0,7950,0,KBZPay
SL0002077,T001423,2026-07-11 14:58:00,P008,1,1450.0,1200,0,Cash
SL0002078,T001424,2026-07-11 16:48:00,P021,1,10450.0,8200,0,KBZPay
SL0002079,T001425,2026-07-11 17:24:00,P037,2,4650.0,3300,0,Cash
SL0002080,T001426,2026-07-11 09:55:00,P011,1,5600.0,4100,0,Cash
SL0002081,T001427,2026-07-12 12:26:00,P020,1,9600.0,7050,0,Cash
SL0002082,T001428,2026-07-12 13:51:00,P024,1,5650.0,4800,0,Cash
SL0002083,T001428,2026-07-12 13:51:00,P034,1,6900.0,5900,0,KBZPay
SL0002084,T001429,2026-07-12 07:32:00,P034,1,6900.0,5900,0,KBZPay
SL0002085,T001430,2026-07-12 12:13:00,P005,2,8700.0,6300,0,Cash
SL0002086,T001431,2026-07-12 13:43:00,P012,1,9800.0,8800,0,Cash
SL0002087,T001431,2026-07-12 13:43:00,P033,1,550.0,450,0,Cash
SL0002088,T001432,2026-07-12 13:15:00,P008,1,1450.0,1200,0,Cash
SL0002089,T001433,2026-07-12 19:02:00,P003,1,7250.0,5200,0,KBZPay
SL0002090,T001434,2026-07-12 12:46:00,P014,1,10450.0,8900,0,WavePay
SL0002091,T001435,2026-07-12 19:53:00,P025,1,2450.0,2150,100,Cash
SL0002092,T001436,2026-07-12 12:19:00,P006,1,6750.0,4750,0,WavePay
SL0002093,T001437,2026-07-12 16:39:00,P013,1,8950.0,6450,0,KBZPay
SL0002094,T001437,2026-07-12 16:39:00,P009,2,9500.0,7150,0,WavePay
SL0002095,T001438,2026-07-12 18:48:00,P028,1,950.0,750,0,Cash
SL0002096,T001439,2026-07-12 07:28:00,P020,1,9600.0,7050,0,KBZPay
SL0002097,T001440,2026-07-12 13:09:00,P021,1,10450.0,8200,0,Cash
SL0002098,T001440,2026-07-12 13:09:00,P010,1,7200.0,5600,0,Cash
SL0002099,T001440,2026-07-12 13:09:00,P011,1,5600.0,4100,0,Cash
SL0002100,T001441,2026-07-12 07:11:00,P024,1,5650.0,4800,0,Cash
SL0002101,T001441,2026-07-12 07:11:00,P017,1,8050.0,6850,0,Cash
SL0002102,T001441,2026-07-12 07:11:00,P039,2,9350.0,7550,0,KBZPay
SL0002103,T001442,2026-07-12 10:29:00,P039,3,9350.0,7550,0,Cash
SL0002104,T001443,2026-07-12 14:49:00,P031,1,6800.0,4750,0,Cash
SL0002105,T001444,2026-07-12 18:31:00,P021,1,10450.0,8200,0,WavePay
SL0002106,T001445,2026-07-12 15:31:00,P037,1,4650.0,3300,0,Cash
SL0002107,T001445,2026-07-12 15:31:00,P005,1,8700.0,6300,0,Cash
SL0002108,T001446,2026-07-12 12:55:00,P038,1,4500.0,3300,0,Cash
SL0002109,T001446,2026-07-12 12:55:00,P011,3,5600.0,4100,0,Cash
SL0002110,T001447,2026-07-12 09:56:00,P008,3,1450.0,1200,0,WavePay
SL0002111,T001448,2026-07-12 08:32:00,P015,1,1050.0,750,0,Cash
SL0002112,T001449,2026-07-12 20:54:00,P005,2,8700.0,6300,0,Cash
SL0002113,T001449,2026-07-12 20:54:00,P010,1,7200.0,5600,0,KBZPay
SL0002114,T001450,2026-07-12 10:59:00,P007,1,2750.0,2400,0,Cash
SL0002115,T001451,2026-07-12 16:34:00,P012,1,9800.0,8800,0,Cash
SL0002116,T001452,2026-07-12 11:09:00,P037,2,4650.0,3300,0,Cash
SL0002117,T001453,2026-07-12 13:07:00,P024,1,5650.0,4800,0,Cash
SL0002118,T001454,2026-07-12 08:06:00,P005,1,8700.0,6300,0,Cash
SL0002119,T001455,2026-07-12 16:08:00,P031,1,6800.0,4750,0,Cash
SL0002120,T001455,2026-07-12 16:08:00,P020,1,9600.0,7050,0,WavePay
SL0002121,T001455,2026-07-12 16:08:00,P038,2,4500.0,3300,0,Cash
SL0002122,T001456,2026-07-12 13:14:00,P009,1,9500.0,7150,0,Cash
SL0002123,T001456,2026-07-12 13:14:00,P029,1,9250.0,7400,0,Cash
SL0002124,T001457,2026-07-12 09:50:00,P027,2,600.0,500,0,Cash
SL0002125,T001457,2026-07-12 09:50:00,P020,1,9600.0,7050,0,KBZPay
SL0002126,T001458,2026-07-12 16:06:00,P005,2,8700.0,6300,850,Cash
SL0002127,T001458,2026-07-12 16:06:00,P006,1,6750.0,4750,0,Cash
SL0002128,T001459,2026-07-12 15:30:00,P002,1,9700.0,7950,0,Cash
SL0002129,T001459,2026-07-12 15:30:00,P037,2,4650.0,3300,0,WavePay
SL0002130,T001460,2026-07-12 08:31:00,P012,1,9800.0,8800,0,Cash
SL0002131,T001461,2026-07-12 15:36:00,P018,2,11000.0,7950,0,Cash
SL0002132,T001462,2026-07-12 17:28:00,P008,4,1450.0,1200,0,KBZPay
SL0002133,T001463,2026-07-12 09:20:00,P011,1,5600.0,4100,300,Cash
SL0002134,T001463,2026-07-12 09:20:00,P020,1,9600.0,7050,0,Cash
SL0002135,T001463,2026-07-12 09:20:00,P039,1,9350.0,7550,0,Cash
SL0002136,T001464,2026-07-12 09:19:00,P039,1,9350.0,7550,0,Cash
SL0002137,T001465,2026-07-12 13:00:00,P020,2,9600.0,7050,950,Cash
SL0002138,T001466,2026-07-12 14:07:00,P006,1,6750.0,4750,0,Cash
SL0002139,T001467,2026-07-12 07:09:00,P024,1,5650.0,4800,0,Cash
SL0002140,T001467,2026-07-12 07:09:00,P012,3,9800.0,8800,0,Cash
SL0002141,T001468,2026-07-12 18:02:00,P039,1,9350.0,7550,0,Cash
SL0002142,T001468,2026-07-12 18:02:00,P020,1,9600.0,7050,0,Cash
SL0002143,T001469,2026-07-13 09:24:00,P034,1,6900.0,5900,0,Cash
SL0002144,T001469,2026-07-13 09:24:00,P024,3,5650.0,4800,0,Cash
SL0002145,T001469,2026-07-13 09:24:00,P008,3,1450.0,1200,0,Cash
SL0002146,T001470,2026-07-13 20:59:00,P023,1,7800.0,6250,0,Cash
SL0002147,T001471,2026-07-13 15:19:00,P030,1,9850.0,8500,0,Cash
SL0002148,T001472,2026-07-13 10:57:00,P026,1,8650.0,7250,0,Cash
SL0002149,T001473,2026-07-13 17:08:00,P033,1,550.0,450,0,WavePay
SL0002150,T001473,2026-07-13 17:08:00,P019,1,3050.0,2500,0,Cash
SL0002151,T001473,2026-07-13 17:08:00,P020,2,9600.0,7050,0,KBZPay
SL0002152,T001474,2026-07-13 13:51:00,P007,1,2750.0,2400,150,KBZPay
SL0002153,T001475,2026-07-13 18:44:00,P028,2,950.0,750,0,Cash
SL0002154,T001476,2026-07-13 15:21:00,P015,2,1050.0,750,0,KBZPay
SL0002155,T001476,2026-07-13 15:21:00,P039,3,9350.0,7550,0,Cash
SL0002156,T001476,2026-07-13 15:21:00,P027,1,600.0,500,0,Cash
SL0002157,T001477,2026-07-13 16:19:00,P034,1,6900.0,5900,0,Cash
SL0002158,T001477,2026-07-13 16:19:00,P020,2,9600.0,7050,950,Cash
SL0002159,T001478,2026-07-13 14:31:00,P011,1,5600.0,4100,0,Cash
SL0002160,T001478,2026-07-13 14:31:00,P009,1,9500.0,7150,0,WavePay
SL0002161,T001479,2026-07-13 11:35:00,P008,1,1450.0,1200,0,Cash
SL0002162,T001480,2026-07-13 20:02:00,P003,1,7250.0,5200,0,Cash
SL0002163,T001481,2026-07-13 13:35:00,P020,2,9600.0,7050,0,Cash
SL0002164,T001482,2026-07-13 07:34:00,P018,1,11000.0,7950,0,Cash
SL0002165,T001483,2026-07-13 15:17:00,P033,1,550.0,450,0,KBZPay
SL0002166,T001484,2026-07-13 12:13:00,P014,2,10450.0,8900,0,Cash
SL0002167,T001485,2026-07-13 10:25:00,P028,1,950.0,750,0,WavePay
SL0002168,T001486,2026-07-13 16:25:00,P027,1,600.0,500,0,Cash
SL0002169,T001486,2026-07-13 16:25:00,P034,1,6900.0,5900,0,Cash
SL0002170,T001487,2026-07-14 15:17:00,P010,2,7200.0,5600,0,Cash
SL0002171,T001488,2026-07-14 14:50:00,P037,1,4650.0,3300,0,KBZPay
SL0002172,T001489,2026-07-14 11:46:00,P034,2,6900.0,5900,0,Cash
SL0002173,T001489,2026-07-14 11:46:00,P035,1,10250.0,8150,0,Cash
SL0002174,T001490,2026-07-14 12:30:00,P018,1,11000.0,7950,0,Cash
SL0002175,T001490,2026-07-14 12:30:00,P039,1,9350.0,7550,0,KBZPay
SL0002176,T001491,2026-07-14 16:39:00,P033,2,550.0,450,0,WavePay
SL0002177,T001492,2026-07-14 12:52:00,P019,2,3050.0,2500,0,Cash
SL0002178,T001492,2026-07-14 12:52:00,P003,2,7250.0,5200,0,Cash
SL0002179,T001493,2026-07-14 18:52:00,P006,1,6750.0,4750,0,KBZPay
SL0002180,T001493,2026-07-14 18:52:00,P012,1,9800.0,8800,0,WavePay
SL0002181,T001494,2026-07-14 17:01:00,P030,2,9850.0,8500,0,Cash
SL0002182,T001495,2026-07-14 09:36:00,P018,1,11000.0,7950,0,Cash
SL0002183,T001496,2026-07-14 10:33:00,P031,1,6800.0,4750,0,Cash
SL0002184,T001497,2026-07-14 17:09:00,P016,1,10700.0,8500,550,KBZPay
SL0002185,T001498,2026-07-14 08:41:00,P020,2,9600.0,7050,0,WavePay
SL0002186,T001499,2026-07-14 09:56:00,P034,2,6900.0,5900,0,KBZPay
SL0002187,T001500,2026-07-14 17:52:00,P015,1,1050.0,750,0,Cash
SL0002188,T001501,2026-07-14 12:49:00,P009,2,9500.0,7150,0,WavePay
SL0002189,T001502,2026-07-14 11:33:00,P018,2,11000.0,7950,0,Cash
SL0002190,T001503,2026-07-14 15:12:00,P006,1,6750.0,4750,350,Cash
SL0002191,T001504,2026-07-14 13:53:00,P035,1,10250.0,8150,0,Cash
SL0002192,T001504,2026-07-14 13:53:00,P024,1,5650.0,4800,0,Cash
SL0002193,T001505,2026-07-14 07:47:00,P019,2,3050.0,2500,0,KBZPay
SL0002194,T001506,2026-07-14 16:04:00,P037,1,4650.0,3300,0,Cash
SL0002195,T001506,2026-07-14 16:04:00,P027,1,600.0,500,0,KBZPay
SL0002196,T001507,2026-07-14 19:19:00,P008,1,1450.0,1200,0,KBZPay
SL0002197,T001508,2026-07-14 14:51:00,P003,2,7250.0,5200,0,KBZPay
SL0002198,T001509,2026-07-14 14:01:00,P003,1,7250.0,5200,0,Cash
SL0002199,T001509,2026-07-14 14:01:00,P005,2,8700.0,6300,0,Cash
SL0002200,T001510,2026-07-14 17:18:00,P003,2,7250.0,5200,0,WavePay
SL0002201,T001510,2026-07-14 17:18:00,P011,1,5600.0,4100,0,Cash
SL0002202,T001511,2026-07-14 10:28:00,P006,1,6750.0,4750,0,Cash
SL0002203,T001511,2026-07-14 10:28:00,P029,1,9250.0,7400,0,WavePay
SL0002204,T001512,2026-07-14 18:12:00,P014,1,10450.0,8900,0,Cash
SL0002205,T001512,2026-07-14 18:12:00,P035,1,10250.0,8150,0,Cash
SL0002206,T001512,2026-07-14 18:12:00,P031,1,6800.0,4750,0,Cash
SL0002207,T001513,2026-07-14 18:10:00,P004,1,2300.0,1700,0,KBZPay
SL0002208,T001513,2026-07-14 18:10:00,P018,2,11000.0,7950,0,Cash
SL0002209,T001514,2026-07-15 12:38:00,P027,1,600.0,500,0,WavePay
SL0002210,T001515,2026-07-15 11:13:00,P024,3,5650.0,4800,0,KBZPay
SL0002211,T001515,2026-07-15 11:13:00,P019,1,3050.0,2500,0,Cash
SL0002212,T001516,2026-07-15 07:52:00,P034,1,6900.0,5900,0,WavePay
SL0002213,T001516,2026-07-15 07:52:00,P039,1,9350.0,7550,450,Cash
SL0002214,T001517,2026-07-15 21:50:00,P005,1,8700.0,6300,0,Cash
SL0002215,T001518,2026-07-15 08:20:00,P005,2,8700.0,6300,850,WavePay
SL0002216,T001518,2026-07-15 08:20:00,P020,1,9600.0,7050,0,Cash
SL0002217,T001519,2026-07-15 08:20:00,P033,3,550.0,450,0,WavePay
SL0002218,T001519,2026-07-15 08:20:00,P002,1,9700.0,7950,0,KBZPay
SL0002219,T001520,2026-07-15 17:29:00,P024,1,5650.0,4800,0,KBZPay
SL0002220,T001521,2026-07-15 12:51:00,P009,1,9500.0,7150,0,KBZPay
SL0002221,T001521,2026-07-15 12:51:00,P014,2,10450.0,8900,0,Cash
SL0002222,T001521,2026-07-15 12:51:00,P030,2,9850.0,8500,0,Cash
SL0002223,T001522,2026-07-15 16:02:00,P015,1,1050.0,750,0,Cash
SL0002224,T001523,2026-07-15 13:43:00,P015,1,1050.0,750,0,KBZPay
SL0002225,T001524,2026-07-15 14:35:00,P014,1,10450.0,8900,0,Cash
SL0002226,T001525,2026-07-15 07:22:00,P039,1,9350.0,7550,0,Cash
SL0002227,T001526,2026-07-15 16:13:00,P033,1,550.0,450,0,Cash
SL0002228,T001526,2026-07-15 16:13:00,P018,3,11000.0,7950,0,KBZPay
SL0002229,T001526,2026-07-15 16:13:00,P030,1,9850.0,8500,0,Cash
SL0002230,T001527,2026-07-15 17:52:00,P036,1,6250.0,4350,0,WavePay
SL0002231,T001527,2026-07-15 17:52:00,P037,2,4650.0,3300,0,KBZPay
SL0002232,T001527,2026-07-15 17:52:00,P020,1,9600.0,7050,0,WavePay
SL0002233,T001528,2026-07-15 21:12:00,P015,1,1050.0,750,0,WavePay
SL0002234,T001529,2026-07-15 14:10:00,P037,1,4650.0,3300,250,Cash
SL0002235,T001530,2026-07-15 13:16:00,P010,1,7200.0,5600,0,Cash
SL0002236,T001531,2026-07-15 11:55:00,P020,1,9600.0,7050,0,KBZPay
SL0002237,T001532,2026-07-15 09:42:00,P002,2,9700.0,7950,0,KBZPay
SL0002238,T001533,2026-07-15 15:09:00,P039,3,9350.0,7550,0,WavePay
SL0002239,T001533,2026-07-15 15:09:00,P017,1,8050.0,6850,400,Cash
SL0002240,T001534,2026-07-16 14:16:00,P017,1,8050.0,6850,0,Cash
SL0002241,T001535,2026-07-16 17:17:00,P020,1,9600.0,7050,500,Cash
SL0002242,T001536,2026-07-16 17:58:00,P020,2,9600.0,7050,0,Cash
SL0002243,T001536,2026-07-16 17:58:00,P030,2,9850.0,8500,0,WavePay
SL0002244,T001537,2026-07-16 12:00:00,P027,2,600.0,500,0,Cash
SL0002245,T001538,2026-07-16 16:07:00,P001,1,9400.0,7950,0,Cash
SL0002246,T001539,2026-07-16 09:55:00,P002,1,9700.0,7950,0,Cash
SL0002247,T001539,2026-07-16 09:55:00,P024,1,5650.0,4800,0,Cash
SL0002248,T001540,2026-07-16 15:19:00,P039,2,9350.0,7550,0,Cash
SL0002249,T001540,2026-07-16 15:19:00,P015,1,1050.0,750,0,Cash
SL0002250,T001541,2026-07-16 12:46:00,P006,2,6750.0,4750,700,Cash
SL0002251,T001542,2026-07-16 13:39:00,P015,1,1050.0,750,0,Cash
SL0002252,T001542,2026-07-16 13:39:00,P012,1,9800.0,8800,0,Cash
SL0002253,T001542,2026-07-16 13:39:00,P030,1,9850.0,8500,0,KBZPay
SL0002254,T001543,2026-07-16 13:44:00,P014,1,10450.0,8900,0,Cash
SL0002255,T001544,2026-07-16 14:13:00,P003,1,7250.0,5200,0,Cash
SL0002256,T001545,2026-07-16 11:55:00,P015,1,1050.0,750,0,Cash
SL0002257,T001545,2026-07-16 11:55:00,P018,1,11000.0,7950,0,Cash
SL0002258,T001546,2026-07-16 12:07:00,P008,1,1450.0,1200,0,KBZPay
SL0002259,T001547,2026-07-16 07:35:00,P020,1,9600.0,7050,0,WavePay
SL0002260,T001548,2026-07-16 17:37:00,P008,1,1450.0,1200,0,Cash
SL0002261,T001548,2026-07-16 17:37:00,P007,2,2750.0,2400,0,KBZPay
SL0002262,T001549,2026-07-16 21:48:00,P013,2,8950.0,6450,0,KBZPay
SL0002263,T001549,2026-07-16 21:48:00,P039,1,9350.0,7550,0,Cash
SL0002264,T001549,2026-07-16 21:48:00,P028,1,950.0,750,0,Cash
SL0002265,T001550,2026-07-16 07:49:00,P006,1,6750.0,4750,0,WavePay
SL0002266,T001550,2026-07-16 07:49:00,P035,1,10250.0,8150,0,Cash
SL0002267,T001551,2026-07-16 12:14:00,P030,1,9850.0,8500,0,KBZPay
SL0002268,T001552,2026-07-16 07:44:00,P028,2,950.0,750,0,KBZPay
SL0002269,T001552,2026-07-16 07:44:00,P039,2,9350.0,7550,0,KBZPay
SL0002270,T001552,2026-07-16 07:44:00,P037,1,4650.0,3300,0,Cash
SL0002271,T001553,2026-07-16 09:12:00,P023,1,7800.0,6250,0,Cash
SL0002272,T001554,2026-07-16 13:59:00,P030,2,9850.0,8500,0,Cash
SL0002273,T001555,2026-07-16 10:02:00,P020,1,9600.0,7050,0,KBZPay
SL0002274,T001555,2026-07-16 10:02:00,P040,2,6800.0,5650,700,KBZPay
SL0002275,T001556,2026-07-16 15:37:00,P039,1,9350.0,7550,0,Cash
SL0002276,T001556,2026-07-16 15:37:00,P034,1,6900.0,5900,0,Cash
SL0002277,T001556,2026-07-16 15:37:00,P030,1,9850.0,8500,0,KBZPay
SL0002278,T001557,2026-07-16 20:51:00,P034,2,6900.0,5900,0,Cash
SL0002279,T001558,2026-07-16 11:07:00,P039,1,9350.0,7550,0,KBZPay
SL0002280,T001559,2026-07-16 09:24:00,P034,1,6900.0,5900,0,WavePay
SL0002281,T001560,2026-07-16 12:29:00,P012,1,9800.0,8800,0,KBZPay
SL0002282,T001560,2026-07-16 12:29:00,P024,2,5650.0,4800,0,Cash
SL0002283,T001560,2026-07-16 12:29:00,P035,1,10250.0,8150,0,Cash
SL0002284,T001561,2026-07-16 18:18:00,P011,2,5600.0,4100,0,Cash
SL0002285,T001562,2026-07-16 11:38:00,P018,1,11000.0,7950,0,Cash
SL0002286,T001563,2026-07-16 14:38:00,P014,1,10450.0,8900,0,Cash
SL0002287,T001564,2026-07-16 16:19:00,P039,1,9350.0,7550,0,Cash
SL0002288,T001565,2026-07-16 17:57:00,P035,1,10250.0,8150,0,Cash
SL0002289,T001566,2026-07-16 15:17:00,P030,3,9850.0,8500,1500,Cash
SL0002290,T001567,2026-07-16 13:33:00,P038,1,4500.0,3300,0,Cash
SL0002291,T001568,2026-07-17 14:31:00,P008,1,1450.0,1200,0,KBZPay
SL0002292,T001568,2026-07-17 14:31:00,P003,1,7250.0,5200,0,KBZPay
SL0002293,T001568,2026-07-17 14:31:00,P034,1,6900.0,5900,0,Cash
SL0002294,T001569,2026-07-17 10:43:00,P033,2,550.0,450,0,KBZPay
SL0002295,T001570,2026-07-17 14:04:00,P015,1,1050.0,750,0,Cash
SL0002296,T001571,2026-07-17 17:16:00,P015,1,1050.0,750,0,Cash
SL0002297,T001572,2026-07-17 14:01:00,P018,1,11000.0,7950,0,Cash
SL0002298,T001572,2026-07-17 14:01:00,P011,1,5600.0,4100,0,KBZPay
SL0002299,T001573,2026-07-17 10:25:00,P018,3,11000.0,7950,0,Cash
SL0002300,T001573,2026-07-17 10:25:00,P024,2,5650.0,4800,0,Cash
SL0002301,T001573,2026-07-17 10:25:00,P020,1,9600.0,7050,0,WavePay
SL0002302,T001574,2026-07-17 12:26:00,P039,1,9350.0,7550,0,Cash
SL0002303,T001574,2026-07-17 12:26:00,P036,2,6250.0,4350,0,KBZPay
SL0002304,T001575,2026-07-17 10:35:00,P035,1,10250.0,8150,0,Cash
SL0002305,T001575,2026-07-17 10:35:00,P032,1,10850.0,8500,0,Cash
SL0002306,T001576,2026-07-17 10:58:00,P012,1,9800.0,8800,0,Cash
SL0002307,T001576,2026-07-17 10:58:00,P020,2,9600.0,7050,0,WavePay
SL0002308,T001577,2026-07-17 15:13:00,P005,1,8700.0,6300,0,Cash
SL0002309,T001577,2026-07-17 15:13:00,P033,3,550.0,450,0,Cash
SL0002310,T001578,2026-07-17 11:37:00,P011,3,5600.0,4100,0,WavePay
SL0002311,T001579,2026-07-17 12:34:00,P035,1,10250.0,8150,0,WavePay
SL0002312,T001580,2026-07-17 14:29:00,P025,1,2450.0,2150,0,Cash
SL0002313,T001581,2026-07-17 10:53:00,P008,1,1450.0,1200,0,Cash
SL0002314,T001582,2026-07-17 15:00:00,P037,1,4650.0,3300,0,Cash
SL0002315,T001582,2026-07-17 15:00:00,P021,3,10450.0,8200,0,Cash
SL0002316,T001583,2026-07-17 14:07:00,P004,1,2300.0,1700,0,Cash
SL0002317,T001584,2026-07-17 12:13:00,P022,1,8800.0,7450,0,Cash
SL0002318,T001585,2026-07-17 12:56:00,P008,1,1450.0,1200,0,Cash
SL0002319,T001586,2026-07-17 10:41:00,P034,1,6900.0,5900,0,KBZPay
SL0002320,T001586,2026-07-17 10:41:00,P015,1,1050.0,750,0,Cash
SL0002321,T001587,2026-07-17 13:28:00,P021,1,10450.0,8200,0,WavePay
SL0002322,T001588,2026-07-17 17:15:00,P002,1,9700.0,7950,0,WavePay
SL0002323,T001589,2026-07-17 12:32:00,P002,1,9700.0,7950,0,Cash
SL0002324,T001590,2026-07-17 20:05:00,P012,1,9800.0,8800,0,Cash
SL0002325,T001591,2026-07-17 15:43:00,P012,2,9800.0,8800,0,Cash
SL0002326,T001592,2026-07-17 13:00:00,P016,1,10700.0,8500,0,Cash
SL0002327,T001592,2026-07-17 13:00:00,P012,1,9800.0,8800,500,Cash
SL0002328,T001592,2026-07-17 13:00:00,P002,1,9700.0,7950,0,Cash
SL0002329,T001593,2026-07-17 19:31:00,P019,1,3050.0,2500,0,Cash
SL0002330,T001593,2026-07-17 19:31:00,P038,1,4500.0,3300,0,Cash
SL0002331,T001593,2026-07-17 19:31:00,P002,1,9700.0,7950,0,KBZPay
SL0002332,T001594,2026-07-17 20:14:00,P032,1,10850.0,8500,550,KBZPay
SL0002333,T001595,2026-07-17 16:41:00,P012,2,9800.0,8800,0,Cash
SL0002334,T001595,2026-07-17 16:41:00,P015,1,1050.0,750,0,Cash
SL0002335,T001596,2026-07-17 17:36:00,P005,1,8700.0,6300,450,Cash
SL0002336,T001597,2026-07-18 17:54:00,P005,1,8700.0,6300,0,Cash
SL0002337,T001598,2026-07-18 09:04:00,P039,1,9350.0,7550,0,Cash
SL0002338,T001599,2026-07-18 15:21:00,P039,1,9350.0,7550,0,Cash
SL0002339,T001600,2026-07-18 21:10:00,P008,1,1450.0,1200,0,KBZPay
SL0002340,T001601,2026-07-18 17:47:00,P004,1,2300.0,1700,0,Cash
SL0002341,T001602,2026-07-18 11:29:00,P011,1,5600.0,4100,0,Cash
SL0002342,T001603,2026-07-18 14:17:00,P017,4,8050.0,6850,0,Cash
SL0002343,T001604,2026-07-18 19:49:00,P031,1,6800.0,4750,0,Cash
SL0002344,T001604,2026-07-18 19:49:00,P030,1,9850.0,8500,0,WavePay
SL0002345,T001604,2026-07-18 19:49:00,P012,2,9800.0,8800,0,Cash
SL0002346,T001605,2026-07-18 12:52:00,P010,1,7200.0,5600,0,WavePay
SL0002347,T001605,2026-07-18 12:52:00,P040,1,6800.0,5650,0,KBZPay
SL0002348,T001605,2026-07-18 12:52:00,P034,1,6900.0,5900,350,Cash
SL0002349,T001606,2026-07-18 14:18:00,P005,2,8700.0,6300,0,Cash
SL0002350,T001606,2026-07-18 14:18:00,P010,1,7200.0,5600,0,KBZPay
SL0002351,T001606,2026-07-18 14:18:00,P021,1,10450.0,8200,0,Cash
SL0002352,T001607,2026-07-18 11:49:00,P020,1,9600.0,7050,0,Cash
SL0002353,T001608,2026-07-18 12:21:00,P018,1,11000.0,7950,0,Cash
SL0002354,T001609,2026-07-18 16:11:00,P016,2,10700.0,8500,0,Cash
SL0002355,T001609,2026-07-18 16:11:00,P032,1,10850.0,8500,0,Cash
SL0002356,T001610,2026-07-18 15:54:00,P033,1,550.0,450,0,KBZPay
SL0002357,T001611,2026-07-18 16:25:00,P003,1,7250.0,5200,0,WavePay
SL0002358,T001611,2026-07-18 16:25:00,P006,1,6750.0,4750,350,WavePay
SL0002359,T001611,2026-07-18 16:25:00,P026,1,8650.0,7250,0,Cash
SL0002360,T001612,2026-07-18 16:53:00,P039,1,9350.0,7550,0,Cash
SL0002361,T001612,2026-07-18 16:53:00,P033,1,550.0,450,0,Cash
SL0002362,T001613,2026-07-18 12:04:00,P026,1,8650.0,7250,0,Cash
SL0002363,T001614,2026-07-18 08:26:00,P006,3,6750.0,4750,0,Cash
SL0002364,T001615,2026-07-18 17:34:00,P039,1,9350.0,7550,0,Cash
SL0002365,T001615,2026-07-18 17:34:00,P008,1,1450.0,1200,0,Cash
SL0002366,T001616,2026-07-18 18:44:00,P008,1,1450.0,1200,0,Cash
SL0002367,T001617,2026-07-18 07:39:00,P028,1,950.0,750,0,Cash
SL0002368,T001617,2026-07-18 07:39:00,P033,2,550.0,450,0,Cash
SL0002369,T001618,2026-07-18 13:03:00,P024,1,5650.0,4800,0,Cash
SL0002370,T001618,2026-07-18 13:03:00,P003,1,7250.0,5200,0,Cash
SL0002371,T001619,2026-07-18 13:47:00,P037,2,4650.0,3300,0,Cash
SL0002372,T001620,2026-07-18 15:15:00,P020,1,9600.0,7050,0,WavePay
SL0002373,T001620,2026-07-18 15:15:00,P018,1,11000.0,7950,0,Cash
SL0002374,T001620,2026-07-18 15:15:00,P034,2,6900.0,5900,0,Cash
SL0002375,T001621,2026-07-18 11:37:00,P002,1,9700.0,7950,0,Cash
SL0002376,T001621,2026-07-18 11:37:00,P025,1,2450.0,2150,100,WavePay
SL0002377,T001622,2026-07-18 11:50:00,P037,1,4650.0,3300,0,KBZPay
SL0002378,T001622,2026-07-18 11:50:00,P024,3,5650.0,4800,0,Cash
SL0002379,T001623,2026-07-18 16:15:00,P008,1,1450.0,1200,50,Cash
SL0002380,T001623,2026-07-18 16:15:00,P024,2,5650.0,4800,0,Cash
SL0002381,T001623,2026-07-18 16:15:00,P021,1,10450.0,8200,0,KBZPay
SL0002382,T001624,2026-07-18 17:26:00,P039,1,9350.0,7550,0,Cash
SL0002383,T001624,2026-07-18 17:26:00,P033,1,550.0,450,0,KBZPay
SL0002384,T001625,2026-07-18 09:43:00,P037,1,4650.0,3300,0,WavePay
SL0002385,T001626,2026-07-18 10:47:00,P001,2,9400.0,7950,0,Cash
SL0002386,T001627,2026-07-18 19:12:00,P015,1,1050.0,750,0,WavePay
SL0002387,T001627,2026-07-18 19:12:00,P003,1,7250.0,5200,0,Cash
SL0002388,T001627,2026-07-18 19:12:00,P025,1,2450.0,2150,0,Cash
SL0002389,T001628,2026-07-18 13:49:00,P030,3,9850.0,8500,0,Cash
SL0002390,T001629,2026-07-18 17:59:00,P033,1,550.0,450,0,Cash
SL0002391,T001630,2026-07-18 12:22:00,P039,1,9350.0,7550,0,WavePay
SL0002392,T001630,2026-07-18 12:22:00,P029,2,9250.0,7400,0,KBZPay
SL0002393,T001631,2026-07-18 10:48:00,P004,1,2300.0,1700,0,Cash
SL0002394,T001632,2026-07-18 18:27:00,P003,2,7250.0,5200,0,Cash
SL0002395,T001633,2026-07-18 20:39:00,P035,1,10250.0,8150,0,Cash
SL0002396,T001633,2026-07-18 20:39:00,P024,1,5650.0,4800,0,WavePay
SL0002397,T001634,2026-07-18 12:30:00,P004,1,2300.0,1700,0,Cash
SL0002398,T001635,2026-07-18 16:58:00,P008,1,1450.0,1200,0,KBZPay
SL0002399,T001636,2026-07-19 15:21:00,P002,2,9700.0,7950,0,Cash
SL0002400,T001636,2026-07-19 15:21:00,P018,1,11000.0,7950,0,Cash
SL0002401,T001636,2026-07-19 15:21:00,P031,1,6800.0,4750,0,Cash
SL0002402,T001637,2026-07-19 16:08:00,P011,1,5600.0,4100,0,Cash
SL0002403,T001638,2026-07-19 16:03:00,P020,1,9600.0,7050,0,Cash
SL0002404,T001638,2026-07-19 16:03:00,P021,1,10450.0,8200,0,Cash
SL0002405,T001638,2026-07-19 16:03:00,P028,2,950.0,750,0,KBZPay
SL0002406,T001639,2026-07-19 18:58:00,P016,1,10700.0,8500,0,Cash
SL0002407,T001640,2026-07-19 13:36:00,P027,2,600.0,500,0,Cash
SL0002408,T001641,2026-07-19 18:09:00,P003,2,7250.0,5200,700,KBZPay
SL0002409,T001642,2026-07-19 12:08:00,P030,1,9850.0,8500,0,Cash
SL0002410,T001643,2026-07-19 10:01:00,P026,1,8650.0,7250,450,Cash
SL0002411,T001643,2026-07-19 10:01:00,P020,3,9600.0,7050,1450,Cash
SL0002412,T001644,2026-07-19 18:11:00,P015,3,1050.0,750,0,Cash
SL0002413,T001645,2026-07-19 11:12:00,P032,1,10850.0,8500,0,KBZPay
SL0002414,T001646,2026-07-19 15:00:00,P034,1,6900.0,5900,0,Cash
SL0002415,T001647,2026-07-19 13:22:00,P019,1,3050.0,2500,0,Cash
SL0002416,T001648,2026-07-19 15:11:00,P019,1,3050.0,2500,0,Cash
SL0002417,T001649,2026-07-19 20:08:00,P003,2,7250.0,5200,0,Cash
SL0002418,T001650,2026-07-19 15:20:00,P015,1,1050.0,750,50,Cash
SL0002419,T001650,2026-07-19 15:20:00,P006,1,6750.0,4750,0,KBZPay
SL0002420,T001651,2026-07-19 10:59:00,P026,1,8650.0,7250,0,KBZPay
SL0002421,T001652,2026-07-19 12:42:00,P003,1,7250.0,5200,0,KBZPay
SL0002422,T001652,2026-07-19 12:42:00,P018,1,11000.0,7950,0,Cash
SL0002423,T001653,2026-07-19 13:25:00,P029,1,9250.0,7400,0,KBZPay
SL0002424,T001653,2026-07-19 13:25:00,P015,1,1050.0,750,0,KBZPay
SL0002425,T001654,2026-07-19 11:33:00,P028,1,950.0,750,50,Cash
SL0002426,T001655,2026-07-19 14:01:00,P007,1,2750.0,2400,0,Cash
SL0002427,T001656,2026-07-19 11:56:00,P033,1,550.0,450,0,KBZPay
SL0002428,T001657,2026-07-19 07:36:00,P002,3,9700.0,7950,0,KBZPay
SL0002429,T001658,2026-07-19 11:48:00,P033,1,550.0,450,0,Cash
SL0002430,T001659,2026-07-19 16:49:00,P039,1,9350.0,7550,0,KBZPay
SL0002431,T001660,2026-07-19 14:44:00,P031,1,6800.0,4750,0,Cash
SL0002432,T001660,2026-07-19 14:44:00,P002,2,9700.0,7950,0,Cash
SL0002433,T001661,2026-07-19 15:16:00,P018,1,11000.0,7950,0,Cash
SL0002434,T001661,2026-07-19 15:16:00,P028,1,950.0,750,50,KBZPay
SL0002435,T001662,2026-07-19 11:32:00,P015,1,1050.0,750,0,KBZPay
SL0002436,T001663,2026-07-19 16:21:00,P024,2,5650.0,4800,550,Cash
SL0002437,T001663,2026-07-19 16:21:00,P026,1,8650.0,7250,0,Cash
SL0002438,T001664,2026-07-19 11:01:00,P030,1,9850.0,8500,0,Cash
SL0002439,T001665,2026-07-19 13:11:00,P035,1,10250.0,8150,0,KBZPay
SL0002440,T001666,2026-07-19 16:46:00,P001,1,9400.0,7950,0,Cash
SL0002441,T001667,2026-07-19 07:09:00,P006,1,6750.0,4750,0,Cash
SL0002442,T001668,2026-07-19 15:40:00,P026,1,8650.0,7250,0,WavePay
SL0002443,T001669,2026-07-19 15:20:00,P006,1,6750.0,4750,0,KBZPay
SL0002444,T001669,2026-07-19 15:20:00,P033,1,550.0,450,0,Cash
SL0002445,T001670,2026-07-19 16:52:00,P015,1,1050.0,750,50,Cash
SL0002446,T001671,2026-07-19 19:57:00,P034,1,6900.0,5900,0,Cash
SL0002447,T001671,2026-07-19 19:57:00,P013,1,8950.0,6450,0,Cash
SL0002448,T001672,2026-07-19 13:17:00,P012,1,9800.0,8800,0,Cash
SL0002449,T001673,2026-07-20 19:34:00,P020,1,9600.0,7050,0,KBZPay
SL0002450,T001674,2026-07-20 14:18:00,P008,1,1450.0,1200,0,Cash
SL0002451,T001674,2026-07-20 14:18:00,P034,2,6900.0,5900,0,Cash
SL0002452,T001675,2026-07-20 15:14:00,P006,1,6750.0,4750,0,Cash
SL0002453,T001676,2026-07-20 20:55:00,P038,1,4500.0,3300,0,Cash
SL0002454,T001677,2026-07-20 12:19:00,P025,1,2450.0,2150,0,WavePay
SL0002455,T001677,2026-07-20 12:19:00,P005,1,8700.0,6300,0,Cash
SL0002456,T001678,2026-07-20 16:12:00,P016,4,10700.0,8500,0,Cash
SL0002457,T001679,2026-07-20 14:37:00,P031,2,6800.0,4750,0,Cash
SL0002458,T001679,2026-07-20 14:37:00,P039,3,9350.0,7550,0,Cash
SL0002459,T001680,2026-07-20 08:28:00,P024,1,5650.0,4800,0,WavePay
SL0002460,T001681,2026-07-20 09:03:00,P012,1,9800.0,8800,0,Cash
SL0002461,T001681,2026-07-20 09:03:00,P020,1,9600.0,7050,0,Cash
SL0002462,T001682,2026-07-20 10:52:00,P024,2,5650.0,4800,0,KBZPay
SL0002463,T001682,2026-07-20 10:52:00,P020,2,9600.0,7050,0,KBZPay
SL0002464,T001682,2026-07-20 10:52:00,P006,2,6750.0,4750,700,Cash
SL0002465,T001683,2026-07-20 13:00:00,P015,1,1050.0,750,0,KBZPay
SL0002466,T001684,2026-07-20 14:36:00,P003,1,7250.0,5200,0,Cash
SL0002467,T001685,2026-07-20 16:17:00,P034,1,6900.0,5900,0,KBZPay
SL0002468,T001686,2026-07-20 12:00:00,P034,1,6900.0,5900,0,Cash
SL0002469,T001686,2026-07-20 12:00:00,P001,3,9400.0,7950,0,Cash
SL0002470,T001687,2026-07-20 08:09:00,P032,1,10850.0,8500,0,Cash
SL0002471,T001688,2026-07-20 07:21:00,P026,1,8650.0,7250,0,KBZPay
SL0002472,T001689,2026-07-20 14:26:00,P035,1,10250.0,8150,0,Cash
SL0002473,T001689,2026-07-20 14:26:00,P005,1,8700.0,6300,0,Cash
SL0002474,T001690,2026-07-20 14:45:00,P014,3,10450.0,8900,0,Cash
SL0002475,T001690,2026-07-20 14:45:00,P033,2,550.0,450,0,WavePay
SL0002476,T001691,2026-07-20 18:33:00,P002,1,9700.0,7950,0,Cash
SL0002477,T001691,2026-07-20 18:33:00,P020,1,9600.0,7050,0,KBZPay
SL0002478,T001692,2026-07-20 15:08:00,P015,1,1050.0,750,0,Cash
SL0002479,T001693,2026-07-20 16:11:00,P032,2,10850.0,8500,0,KBZPay
SL0002480,T001694,2026-07-20 17:20:00,P030,1,9850.0,8500,0,KBZPay
SL0002481,T001695,2026-07-20 16:22:00,P015,1,1050.0,750,0,KBZPay
SL0002482,T001695,2026-07-20 16:22:00,P008,1,1450.0,1200,0,WavePay
SL0002483,T001696,2026-07-20 15:30:00,P030,1,9850.0,8500,0,Cash
SL0002484,T001697,2026-07-20 14:18:00,P037,1,4650.0,3300,0,Cash
SL0002485,T001697,2026-07-20 14:18:00,P020,1,9600.0,7050,0,Cash
SL0002486,T001698,2026-07-20 13:33:00,P008,2,1450.0,1200,0,WavePay
SL0002487,T001699,2026-07-20 15:36:00,P035,1,10250.0,8150,0,WavePay
SL0002488,T001699,2026-07-20 15:36:00,P024,1,5650.0,4800,0,Cash
SL0002489,T001699,2026-07-20 15:36:00,P002,2,9700.0,7950,0,Cash
SL0002490,T001700,2026-07-20 10:36:00,P004,1,2300.0,1700,0,Cash
SL0002491,T001701,2026-07-20 20:24:00,P021,1,10450.0,8200,0,KBZPay
SL0002492,T001702,2026-07-20 12:28:00,P001,2,9400.0,7950,0,Cash
SL0002493,T001703,2026-07-20 19:41:00,P015,1,1050.0,750,50,Cash
SL0002494,T001704,2026-07-20 11:01:00,P006,1,6750.0,4750,0,WavePay
SL0002495,T001705,2026-07-20 10:49:00,P031,1,6800.0,4750,0,KBZPay
SL0002496,T001706,2026-07-21 12:14:00,P034,1,6900.0,5900,0,WavePay
SL0002497,T001706,2026-07-21 12:14:00,P038,1,4500.0,3300,0,WavePay
SL0002498,T001707,2026-07-21 18:57:00,P003,1,7250.0,5200,0,KBZPay
SL0002499,T001708,2026-07-21 15:48:00,P026,2,8650.0,7250,0,Cash
SL0002500,T001709,2026-07-21 16:41:00,P020,2,9600.0,7050,0,Cash
SL0002501,T001710,2026-07-21 08:00:00,P015,2,1050.0,750,0,Cash
SL0002502,T001710,2026-07-21 08:00:00,P039,1,9350.0,7550,450,Cash
SL0002503,T001710,2026-07-21 08:00:00,P032,1,10850.0,8500,0,Cash
SL0002504,T001711,2026-07-21 12:33:00,P039,1,9350.0,7550,0,WavePay
SL0002505,T001712,2026-07-21 19:22:00,P040,1,6800.0,5650,0,WavePay
SL0002506,T001712,2026-07-21 19:22:00,P006,1,6750.0,4750,0,Cash
SL0002507,T001712,2026-07-21 19:22:00,P028,2,950.0,750,100,Cash
SL0002508,T001713,2026-07-21 16:25:00,P008,1,1450.0,1200,0,Cash
SL0002509,T001714,2026-07-21 14:24:00,P005,2,8700.0,6300,0,Cash
SL0002510,T001715,2026-07-21 07:32:00,P003,1,7250.0,5200,0,Cash
SL0002511,T001716,2026-07-21 14:57:00,P019,1,3050.0,2500,150,Cash
SL0002512,T001717,2026-07-21 18:45:00,P026,1,8650.0,7250,0,Cash
SL0002513,T001717,2026-07-21 18:45:00,P031,1,6800.0,4750,0,Cash
SL0002514,T001717,2026-07-21 18:45:00,P014,1,10450.0,8900,0,KBZPay
SL0002515,T001718,2026-07-21 16:34:00,P033,2,550.0,450,0,Cash
SL0002516,T001719,2026-07-21 13:30:00,P021,2,10450.0,8200,0,Cash
SL0002517,T001719,2026-07-21 13:30:00,P018,1,11000.0,7950,0,Cash
SL0002518,T001720,2026-07-21 20:28:00,P024,1,5650.0,4800,300,Cash
SL0002519,T001721,2026-07-21 10:30:00,P005,1,8700.0,6300,0,Cash
SL0002520,T001722,2026-07-21 21:28:00,P003,1,7250.0,5200,350,Cash
SL0002521,T001723,2026-07-21 15:37:00,P029,1,9250.0,7400,0,Cash
SL0002522,T001724,2026-07-21 20:17:00,P005,2,8700.0,6300,0,Cash
SL0002523,T001725,2026-07-21 08:20:00,P003,1,7250.0,5200,0,Cash
SL0002524,T001725,2026-07-21 08:20:00,P020,1,9600.0,7050,0,Cash
SL0002525,T001726,2026-07-21 13:49:00,P020,1,9600.0,7050,0,Cash
SL0002526,T001727,2026-07-21 16:56:00,P019,1,3050.0,2500,0,KBZPay
SL0002527,T001727,2026-07-21 16:56:00,P005,1,8700.0,6300,0,Cash
SL0002528,T001728,2026-07-21 07:44:00,P018,3,11000.0,7950,0,WavePay
SL0002529,T001729,2026-07-21 13:13:00,P020,3,9600.0,7050,0,Cash
SL0002530,T001730,2026-07-21 12:57:00,P005,1,8700.0,6300,0,Cash
SL0002531,T001731,2026-07-21 12:22:00,P009,1,9500.0,7150,0,Cash
SL0002532,T001732,2026-07-21 15:02:00,P039,2,9350.0,7550,0,Cash
SL0002533,T001733,2026-07-21 10:35:00,P010,1,7200.0,5600,0,Cash
SL0002534,T001734,2026-07-21 17:31:00,P028,2,950.0,750,0,KBZPay
SL0002535,T001735,2026-07-21 10:32:00,P033,2,550.0,450,0,Cash
SL0002536,T001736,2026-07-21 11:29:00,P006,1,6750.0,4750,0,Cash
SL0002537,T001736,2026-07-21 11:29:00,P014,1,10450.0,8900,0,KBZPay
SL0002538,T001737,2026-07-21 11:21:00,P040,1,6800.0,5650,0,Cash
SL0002539,T001738,2026-07-21 14:11:00,P006,1,6750.0,4750,0,Cash
SL0002540,T001738,2026-07-21 14:11:00,P003,2,7250.0,5200,700,Cash
SL0002541,T001739,2026-07-21 11:23:00,P020,1,9600.0,7050,0,Cash
SL0002542,T001740,2026-07-21 12:40:00,P029,2,9250.0,7400,0,WavePay
SL0002543,T001741,2026-07-22 08:48:00,P039,1,9350.0,7550,0,Cash
SL0002544,T001742,2026-07-22 20:18:00,P021,1,10450.0,8200,0,KBZPay
SL0002545,T001742,2026-07-22 20:18:00,P039,2,9350.0,7550,0,WavePay
SL0002546,T001743,2026-07-22 14:15:00,P006,1,6750.0,4750,0,Cash
SL0002547,T001743,2026-07-22 14:15:00,P003,4,7250.0,5200,0,Cash
SL0002548,T001744,2026-07-22 10:29:00,P030,1,9850.0,8500,0,WavePay
SL0002549,T001745,2026-07-22 13:33:00,P003,1,7250.0,5200,0,Cash
SL0002550,T001746,2026-07-22 14:36:00,P037,2,4650.0,3300,0,Cash
SL0002551,T001746,2026-07-22 14:36:00,P038,1,4500.0,3300,0,Cash
SL0002552,T001747,2026-07-22 16:50:00,P006,1,6750.0,4750,0,Cash
SL0002553,T001748,2026-07-22 16:57:00,P009,1,9500.0,7150,500,Cash
SL0002554,T001748,2026-07-22 16:57:00,P010,1,7200.0,5600,350,Cash
SL0002555,T001749,2026-07-22 16:08:00,P008,1,1450.0,1200,0,Cash
SL0002556,T001750,2026-07-22 16:32:00,P016,2,10700.0,8500,0,WavePay
SL0002557,T001751,2026-07-22 12:12:00,P018,2,11000.0,7950,0,WavePay
SL0002558,T001752,2026-07-22 14:58:00,P033,2,550.0,450,0,Cash
SL0002559,T001752,2026-07-22 14:58:00,P036,1,6250.0,4350,0,WavePay
SL0002560,T001753,2026-07-22 09:16:00,P020,1,9600.0,7050,0,Cash
SL0002561,T001754,2026-07-22 13:07:00,P019,2,3050.0,2500,0,Cash
SL0002562,T001755,2026-07-22 21:01:00,P025,1,2450.0,2150,100,Cash
SL0002563,T001756,2026-07-22 12:35:00,P032,1,10850.0,8500,0,WavePay
SL0002564,T001756,2026-07-22 12:35:00,P002,1,9700.0,7950,0,WavePay
SL0002565,T001757,2026-07-22 07:31:00,P039,1,9350.0,7550,0,Cash
SL0002566,T001758,2026-07-22 12:24:00,P034,1,6900.0,5900,0,Cash
SL0002567,T001759,2026-07-22 13:14:00,P036,1,6250.0,4350,0,Cash
SL0002568,T001759,2026-07-22 13:14:00,P037,3,4650.0,3300,0,Cash
SL0002569,T001760,2026-07-22 15:36:00,P009,3,9500.0,7150,0,Cash
SL0002570,T001761,2026-07-22 14:14:00,P039,1,9350.0,7550,0,KBZPay
SL0002571,T001761,2026-07-22 14:14:00,P024,2,5650.0,4800,0,Cash
SL0002572,T001761,2026-07-22 14:14:00,P018,1,11000.0,7950,0,Cash
SL0002573,T001762,2026-07-22 11:28:00,P017,1,8050.0,6850,0,KBZPay
SL0002574,T001762,2026-07-22 11:28:00,P007,1,2750.0,2400,0,Cash
SL0002575,T001762,2026-07-22 11:28:00,P031,2,6800.0,4750,0,Cash
SL0002576,T001763,2026-07-22 16:05:00,P020,3,9600.0,7050,0,Cash
SL0002577,T001763,2026-07-22 16:05:00,P037,1,4650.0,3300,250,Cash
SL0002578,T001764,2026-07-22 17:47:00,P033,1,550.0,450,0,Cash
SL0002579,T001765,2026-07-22 14:57:00,P006,1,6750.0,4750,0,Cash
SL0002580,T001765,2026-07-22 14:57:00,P015,1,1050.0,750,0,Cash
SL0002581,T001766,2026-07-22 14:31:00,P014,1,10450.0,8900,0,KBZPay
SL0002582,T001767,2026-07-22 14:39:00,P036,2,6250.0,4350,0,WavePay
SL0002583,T001768,2026-07-22 09:47:00,P033,1,550.0,450,0,Cash
SL0002584,T001769,2026-07-22 11:00:00,P035,2,10250.0,8150,0,Cash
SL0002585,T001769,2026-07-22 11:00:00,P027,1,600.0,500,0,Cash
SL0002586,T001769,2026-07-22 11:00:00,P017,1,8050.0,6850,0,Cash
SL0002587,T001770,2026-07-22 07:15:00,P038,3,4500.0,3300,0,Cash
SL0002588,T001771,2026-07-22 11:00:00,P027,1,600.0,500,0,Cash
SL0002589,T001771,2026-07-22 11:00:00,P039,2,9350.0,7550,0,Cash
SL0002590,T001772,2026-07-22 15:36:00,P003,3,7250.0,5200,0,Cash
SL0002591,T001772,2026-07-22 15:36:00,P039,2,9350.0,7550,0,Cash
SL0002592,T001773,2026-07-22 09:29:00,P025,1,2450.0,2150,0,Cash
SL0002593,T001774,2026-07-22 14:22:00,P005,2,8700.0,6300,0,Cash
SL0002594,T001774,2026-07-22 14:22:00,P030,1,9850.0,8500,0,KBZPay
SL0002595,T001775,2026-07-22 17:34:00,P033,1,550.0,450,0,Cash
SL0002596,T001776,2026-07-22 09:00:00,P035,1,10250.0,8150,0,Cash
SL0002597,T001777,2026-07-22 10:58:00,P016,1,10700.0,8500,0,Cash
SL0002598,T001777,2026-07-22 10:58:00,P020,1,9600.0,7050,0,Cash
SL0002599,T001777,2026-07-22 10:58:00,P005,1,8700.0,6300,0,KBZPay
SL0002600,T001778,2026-07-23 14:56:00,P015,1,1050.0,750,0,Cash
SL0002601,T001779,2026-07-23 12:38:00,P024,1,5650.0,4800,0,Cash
SL0002602,T001779,2026-07-23 12:38:00,P003,2,7250.0,5200,0,KBZPay
SL0002603,T001779,2026-07-23 12:38:00,P030,1,9850.0,8500,0,Cash
SL0002604,T001780,2026-07-23 19:42:00,P014,1,10450.0,8900,0,Cash
SL0002605,T001781,2026-07-23 18:55:00,P026,1,8650.0,7250,0,WavePay
SL0002606,T001782,2026-07-23 14:00:00,P030,1,9850.0,8500,0,Cash
SL0002607,T001783,2026-07-23 14:51:00,P003,2,7250.0,5200,0,Cash
SL0002608,T001784,2026-07-23 16:28:00,P027,1,600.0,500,0,Cash
SL0002609,T001784,2026-07-23 16:28:00,P030,1,9850.0,8500,0,Cash
SL0002610,T001785,2026-07-23 21:05:00,P030,2,9850.0,8500,0,Cash
SL0002611,T001785,2026-07-23 21:05:00,P027,2,600.0,500,0,KBZPay
SL0002612,T001786,2026-07-23 07:06:00,P038,1,4500.0,3300,0,KBZPay
SL0002613,T001786,2026-07-23 07:06:00,P024,1,5650.0,4800,0,KBZPay
SL0002614,T001787,2026-07-23 10:36:00,P017,1,8050.0,6850,0,Cash
SL0002615,T001787,2026-07-23 10:36:00,P018,2,11000.0,7950,0,Cash
SL0002616,T001788,2026-07-23 09:06:00,P014,1,10450.0,8900,0,KBZPay
SL0002617,T001788,2026-07-23 09:06:00,P033,1,550.0,450,0,Cash
SL0002618,T001789,2026-07-23 07:03:00,P030,1,9850.0,8500,0,Cash
SL0002619,T001790,2026-07-23 11:00:00,P024,1,5650.0,4800,0,WavePay
SL0002620,T001791,2026-07-23 08:39:00,P008,1,1450.0,1200,0,Cash
SL0002621,T001792,2026-07-23 16:02:00,P037,2,4650.0,3300,0,Cash
SL0002622,T001793,2026-07-23 14:06:00,P039,1,9350.0,7550,0,Cash
SL0002623,T001794,2026-07-23 13:51:00,P020,2,9600.0,7050,0,Cash
SL0002624,T001794,2026-07-23 13:51:00,P004,1,2300.0,1700,0,WavePay
SL0002625,T001795,2026-07-23 09:00:00,P034,2,6900.0,5900,0,WavePay
SL0002626,T001796,2026-07-23 07:53:00,P031,1,6800.0,4750,0,Cash
SL0002627,T001796,2026-07-23 07:53:00,P024,2,5650.0,4800,0,Cash
SL0002628,T001797,2026-07-23 16:16:00,P037,1,4650.0,3300,0,Cash
SL0002629,T001798,2026-07-23 18:25:00,P020,1,9600.0,7050,500,KBZPay
SL0002630,T001799,2026-07-23 11:38:00,P016,1,10700.0,8500,0,Cash
SL0002631,T001800,2026-07-23 12:24:00,P020,2,9600.0,7050,0,Cash
SL0002632,T001801,2026-07-23 18:21:00,P020,2,9600.0,7050,0,WavePay
SL0002633,T001802,2026-07-23 13:03:00,P008,1,1450.0,1200,0,Cash
SL0002634,T001803,2026-07-23 21:05:00,P011,1,5600.0,4100,0,Cash
SL0002635,T001804,2026-07-23 13:44:00,P006,1,6750.0,4750,0,WavePay
SL0002636,T001805,2026-07-23 12:29:00,P031,1,6800.0,4750,0,Cash
SL0002637,T001806,2026-07-23 11:58:00,P015,1,1050.0,750,0,Cash
SL0002638,T001807,2026-07-23 17:19:00,P033,1,550.0,450,0,KBZPay
SL0002639,T001808,2026-07-23 08:38:00,P033,1,550.0,450,0,Cash
SL0002640,T001808,2026-07-23 08:38:00,P039,2,9350.0,7550,0,Cash
SL0002641,T001809,2026-07-23 14:51:00,P020,1,9600.0,7050,0,Cash
SL0002642,T001810,2026-07-23 14:03:00,P016,3,10700.0,8500,0,WavePay
SL0002643,T001811,2026-07-23 08:10:00,P015,2,1050.0,750,0,Cash
SL0002644,T001812,2026-07-23 16:40:00,P039,1,9350.0,7550,0,Cash
SL0002645,T001813,2026-07-23 13:00:00,P014,1,10450.0,8900,0,Cash
SL0002646,T001814,2026-07-23 12:38:00,P006,2,6750.0,4750,0,Cash
SL0002647,T001815,2026-07-23 07:01:00,P025,1,2450.0,2150,0,Cash
SL0002648,T001815,2026-07-23 07:01:00,P020,1,9600.0,7050,0,Cash
SL0002649,T001816,2026-07-23 16:50:00,P005,2,8700.0,6300,0,Cash
SL0002650,T001817,2026-07-24 10:03:00,P020,1,9600.0,7050,0,Cash
SL0002651,T001818,2026-07-24 18:42:00,P015,1,1050.0,750,0,Cash
SL0002652,T001818,2026-07-24 18:42:00,P008,1,1450.0,1200,0,WavePay
SL0002653,T001819,2026-07-24 08:22:00,P024,1,5650.0,4800,0,Cash
SL0002654,T001819,2026-07-24 08:22:00,P039,1,9350.0,7550,0,Cash
SL0002655,T001820,2026-07-24 11:55:00,P027,1,600.0,500,0,KBZPay
SL0002656,T001821,2026-07-24 18:10:00,P039,1,9350.0,7550,0,Cash
SL0002657,T001822,2026-07-24 09:10:00,P035,1,10250.0,8150,0,Cash
SL0002658,T001822,2026-07-24 09:10:00,P033,3,550.0,450,0,KBZPay
SL0002659,T001823,2026-07-24 21:28:00,P033,1,550.0,450,0,Cash
SL0002660,T001824,2026-07-24 21:04:00,P029,3,9250.0,7400,0,Cash
SL0002661,T001825,2026-07-24 17:27:00,P024,2,5650.0,4800,550,KBZPay
SL0002662,T001825,2026-07-24 17:27:00,P028,1,950.0,750,0,WavePay
SL0002663,T001825,2026-07-24 17:27:00,P033,1,550.0,450,0,Cash
SL0002664,T001826,2026-07-24 17:54:00,P021,1,10450.0,8200,0,Cash
SL0002665,T001827,2026-07-24 12:41:00,P008,3,1450.0,1200,200,Cash
SL0002666,T001828,2026-07-24 13:26:00,P032,1,10850.0,8500,0,Cash
SL0002667,T001828,2026-07-24 13:26:00,P026,1,8650.0,7250,0,WavePay
SL0002668,T001829,2026-07-24 15:01:00,P034,1,6900.0,5900,0,Cash
SL0002669,T001830,2026-07-24 14:30:00,P033,1,550.0,450,0,KBZPay
SL0002670,T001831,2026-07-24 14:08:00,P020,1,9600.0,7050,0,WavePay
SL0002671,T001832,2026-07-24 11:00:00,P033,1,550.0,450,0,Cash
SL0002672,T001832,2026-07-24 11:00:00,P009,2,9500.0,7150,0,Cash
SL0002673,T001833,2026-07-24 11:35:00,P003,1,7250.0,5200,0,WavePay
SL0002674,T001834,2026-07-24 17:07:00,P019,1,3050.0,2500,150,KBZPay
SL0002675,T001835,2026-07-24 19:01:00,P020,1,9600.0,7050,500,Cash
SL0002676,T001836,2026-07-24 12:35:00,P020,1,9600.0,7050,0,Cash
SL0002677,T001837,2026-07-24 19:51:00,P010,2,7200.0,5600,0,Cash
SL0002678,T001838,2026-07-24 10:02:00,P028,1,950.0,750,0,Cash
SL0002679,T001838,2026-07-24 10:02:00,P034,1,6900.0,5900,0,Cash
SL0002680,T001839,2026-07-24 12:45:00,P012,1,9800.0,8800,0,Cash
SL0002681,T001840,2026-07-24 10:44:00,P004,1,2300.0,1700,0,Cash
SL0002682,T001841,2026-07-24 21:32:00,P039,1,9350.0,7550,0,WavePay
SL0002683,T001841,2026-07-24 21:32:00,P031,1,6800.0,4750,0,Cash
SL0002684,T001842,2026-07-24 10:52:00,P024,1,5650.0,4800,0,WavePay
SL0002685,T001843,2026-07-25 11:05:00,P038,1,4500.0,3300,0,Cash
SL0002686,T001844,2026-07-25 15:40:00,P029,1,9250.0,7400,0,Cash
SL0002687,T001844,2026-07-25 15:40:00,P005,1,8700.0,6300,0,Cash
SL0002688,T001845,2026-07-25 14:18:00,P024,1,5650.0,4800,0,Cash
SL0002689,T001845,2026-07-25 14:18:00,P022,4,8800.0,7450,0,Cash
SL0002690,T001845,2026-07-25 14:18:00,P003,1,7250.0,5200,0,Cash
SL0002691,T001846,2026-07-25 10:18:00,P005,1,8700.0,6300,0,Cash
SL0002692,T001847,2026-07-25 15:35:00,P039,2,9350.0,7550,0,Cash
SL0002693,T001848,2026-07-25 11:44:00,P014,1,10450.0,8900,0,Cash
SL0002694,T001849,2026-07-25 13:12:00,P024,1,5650.0,4800,0,Cash
SL0002695,T001850,2026-07-25 16:09:00,P039,3,9350.0,7550,0,Cash
SL0002696,T001850,2026-07-25 16:09:00,P017,2,8050.0,6850,0,Cash
SL0002697,T001851,2026-07-25 08:35:00,P038,1,4500.0,3300,0,Cash
SL0002698,T001851,2026-07-25 08:35:00,P028,2,950.0,750,0,Cash
SL0002699,T001852,2026-07-25 13:02:00,P024,1,5650.0,4800,0,Cash
SL0002700,T001853,2026-07-25 15:38:00,P003,1,7250.0,5200,0,KBZPay
SL0002701,T001854,2026-07-25 12:27:00,P011,1,5600.0,4100,0,Cash
SL0002702,T001854,2026-07-25 12:27:00,P006,1,6750.0,4750,0,Cash
SL0002703,T001855,2026-07-25 18:00:00,P037,1,4650.0,3300,0,Cash
SL0002704,T001856,2026-07-25 19:04:00,P029,1,9250.0,7400,450,Cash
SL0002705,T001857,2026-07-25 15:25:00,P038,1,4500.0,3300,0,Cash
SL0002706,T001858,2026-07-25 14:49:00,P022,1,8800.0,7450,0,Cash
SL0002707,T001858,2026-07-25 14:49:00,P024,1,5650.0,4800,0,Cash
SL0002708,T001858,2026-07-25 14:49:00,P002,1,9700.0,7950,0,WavePay
SL0002709,T001859,2026-07-25 19:54:00,P026,1,8650.0,7250,0,WavePay
SL0002710,T001859,2026-07-25 19:54:00,P004,1,2300.0,1700,0,KBZPay
SL0002711,T001860,2026-07-25 11:33:00,P018,2,11000.0,7950,0,Cash
SL0002712,T001860,2026-07-25 11:33:00,P021,1,10450.0,8200,0,Cash
SL0002713,T001861,2026-07-25 14:23:00,P003,2,7250.0,5200,0,Cash
SL0002714,T001861,2026-07-25 14:23:00,P018,1,11000.0,7950,0,Cash
SL0002715,T001861,2026-07-25 14:23:00,P015,1,1050.0,750,0,Cash
SL0002716,T001862,2026-07-25 15:09:00,P026,2,8650.0,7250,0,Cash
SL0002717,T001862,2026-07-25 15:09:00,P038,1,4500.0,3300,0,Cash
SL0002718,T001863,2026-07-25 16:45:00,P015,1,1050.0,750,0,Cash
SL0002719,T001864,2026-07-25 14:32:00,P021,1,10450.0,8200,0,KBZPay
SL0002720,T001865,2026-07-25 10:23:00,P005,1,8700.0,6300,0,Cash
SL0002721,T001866,2026-07-25 16:03:00,P034,1,6900.0,5900,0,Cash
SL0002722,T001867,2026-07-25 11:59:00,P004,1,2300.0,1700,0,Cash
SL0002723,T001868,2026-07-25 14:08:00,P005,1,8700.0,6300,0,KBZPay
SL0002724,T001869,2026-07-25 18:56:00,P014,2,10450.0,8900,0,Cash
SL0002725,T001869,2026-07-25 18:56:00,P038,1,4500.0,3300,200,Cash
SL0002726,T001870,2026-07-25 16:30:00,P021,1,10450.0,8200,0,Cash
SL0002727,T001871,2026-07-25 14:08:00,P037,1,4650.0,3300,0,Cash
SL0002728,T001871,2026-07-25 14:08:00,P008,1,1450.0,1200,0,Cash
SL0002729,T001872,2026-07-25 13:00:00,P011,2,5600.0,4100,0,Cash
SL0002730,T001873,2026-07-25 11:46:00,P010,2,7200.0,5600,0,KBZPay
SL0002731,T001873,2026-07-25 11:46:00,P020,1,9600.0,7050,0,Cash
SL0002732,T001874,2026-07-25 12:37:00,P005,1,8700.0,6300,0,Cash
SL0002733,T001874,2026-07-25 12:37:00,P003,1,7250.0,5200,0,Cash
SL0002734,T001875,2026-07-25 15:55:00,P003,1,7250.0,5200,0,Cash
SL0002735,T001875,2026-07-25 15:55:00,P011,1,5600.0,4100,0,Cash
SL0002736,T001875,2026-07-25 15:55:00,P005,1,8700.0,6300,0,Cash
SL0002737,T001876,2026-07-25 17:15:00,P003,4,7250.0,5200,0,KBZPay
SL0002738,T001876,2026-07-25 17:15:00,P024,1,5650.0,4800,0,KBZPay
SL0002739,T001877,2026-07-25 12:22:00,P009,1,9500.0,7150,0,Cash
SL0002740,T001878,2026-07-25 15:17:00,P033,1,550.0,450,50,Cash
SL0002741,T001879,2026-07-25 19:21:00,P026,2,8650.0,7250,0,Cash
SL0002742,T001880,2026-07-25 10:15:00,P011,2,5600.0,4100,550,Cash
SL0002743,T001881,2026-07-25 14:01:00,P006,2,6750.0,4750,0,Cash
SL0002744,T001882,2026-07-25 12:14:00,P012,1,9800.0,8800,0,WavePay
SL0002745,T001883,2026-07-25 07:45:00,P038,2,4500.0,3300,0,Cash
SL0002746,T001883,2026-07-25 07:45:00,P001,1,9400.0,7950,0,KBZPay
SL0002747,T001884,2026-07-25 07:27:00,P008,2,1450.0,1200,0,Cash
SL0002748,T001885,2026-07-25 07:17:00,P009,1,9500.0,7150,0,Cash
SL0002749,T001885,2026-07-25 07:17:00,P005,3,8700.0,6300,1300,KBZPay
SL0002750,T001886,2026-07-26 07:47:00,P030,2,9850.0,8500,0,Cash
SL0002751,T001887,2026-07-26 08:10:00,P002,2,9700.0,7950,0,WavePay
SL0002752,T001888,2026-07-26 17:02:00,P015,1,1050.0,750,0,Cash
SL0002753,T001888,2026-07-26 17:02:00,P025,2,2450.0,2150,0,Cash
SL0002754,T001889,2026-07-26 11:00:00,P030,1,9850.0,8500,0,KBZPay
SL0002755,T001889,2026-07-26 11:00:00,P026,1,8650.0,7250,0,Cash
SL0002756,T001890,2026-07-26 12:45:00,P038,1,4500.0,3300,0,KBZPay
SL0002757,T001891,2026-07-26 11:28:00,P002,1,9700.0,7950,0,Cash
SL0002758,T001892,2026-07-26 15:49:00,P009,1,9500.0,7150,0,Cash
SL0002759,T001892,2026-07-26 15:49:00,P040,1,6800.0,5650,0,Cash
SL0002760,T001893,2026-07-26 18:59:00,P006,1,6750.0,4750,0,Cash
SL0002761,T001893,2026-07-26 18:59:00,P003,1,7250.0,5200,0,Cash
SL0002762,T001894,2026-07-26 13:40:00,P032,2,10850.0,8500,0,Cash
SL0002763,T001894,2026-07-26 13:40:00,P031,2,6800.0,4750,0,Cash
SL0002764,T001894,2026-07-26 13:40:00,P011,1,5600.0,4100,0,KBZPay
SL0002765,T001895,2026-07-26 18:09:00,P012,2,9800.0,8800,0,KBZPay
SL0002766,T001896,2026-07-26 13:33:00,P003,1,7250.0,5200,0,Cash
SL0002767,T001897,2026-07-26 14:35:00,P008,1,1450.0,1200,0,Cash
SL0002768,T001898,2026-07-26 13:11:00,P006,1,6750.0,4750,0,KBZPay
SL0002769,T001898,2026-07-26 13:11:00,P007,1,2750.0,2400,0,Cash
SL0002770,T001899,2026-07-26 15:14:00,P002,1,9700.0,7950,0,WavePay
SL0002771,T001900,2026-07-26 09:19:00,P030,1,9850.0,8500,0,Cash
SL0002772,T001901,2026-07-26 08:04:00,P003,1,7250.0,5200,0,Cash
SL0002773,T001902,2026-07-26 11:18:00,P031,1,6800.0,4750,350,KBZPay
SL0002774,T001903,2026-07-26 09:30:00,P003,1,7250.0,5200,0,Cash
SL0002775,T001904,2026-07-26 19:34:00,P031,1,6800.0,4750,0,KBZPay
SL0002776,T001905,2026-07-26 11:38:00,P018,1,11000.0,7950,0,Cash
SL0002777,T001905,2026-07-26 11:38:00,P039,1,9350.0,7550,0,Cash
SL0002778,T001906,2026-07-26 07:54:00,P034,4,6900.0,5900,0,Cash
SL0002779,T001906,2026-07-26 07:54:00,P003,1,7250.0,5200,0,KBZPay
SL0002780,T001907,2026-07-26 14:34:00,P005,1,8700.0,6300,0,KBZPay
SL0002781,T001907,2026-07-26 14:34:00,P006,1,6750.0,4750,350,Cash
SL0002782,T001908,2026-07-26 14:30:00,P007,1,2750.0,2400,0,Cash
SL0002783,T001909,2026-07-26 16:03:00,P035,1,10250.0,8150,0,Cash
SL0002784,T001910,2026-07-26 11:40:00,P003,1,7250.0,5200,0,KBZPay
SL0002785,T001911,2026-07-26 15:52:00,P030,2,9850.0,8500,0,Cash
SL0002786,T001912,2026-07-26 07:30:00,P036,1,6250.0,4350,0,Cash
SL0002787,T001912,2026-07-26 07:30:00,P023,1,7800.0,6250,0,Cash
SL0002788,T001913,2026-07-26 13:38:00,P016,1,10700.0,8500,0,Cash
SL0002789,T001913,2026-07-26 13:38:00,P015,1,1050.0,750,0,Cash
SL0002790,T001913,2026-07-26 13:38:00,P034,1,6900.0,5900,0,Cash
SL0002791,T001914,2026-07-26 20:19:00,P009,1,9500.0,7150,0,Cash
SL0002792,T001915,2026-07-26 21:05:00,P039,1,9350.0,7550,0,Cash
SL0002793,T001915,2026-07-26 21:05:00,P033,1,550.0,450,0,Cash
SL0002794,T001916,2026-07-26 16:10:00,P015,2,1050.0,750,0,Cash
SL0002795,T001917,2026-07-26 12:03:00,P032,1,10850.0,8500,0,Cash
SL0002796,T001918,2026-07-26 13:58:00,P036,2,6250.0,4350,0,WavePay
SL0002797,T001919,2026-07-26 18:04:00,P030,1,9850.0,8500,0,Cash
SL0002798,T001919,2026-07-26 18:04:00,P039,1,9350.0,7550,0,KBZPay
SL0002799,T001920,2026-07-26 09:11:00,P002,2,9700.0,7950,0,WavePay
SL0002800,T001920,2026-07-26 09:11:00,P024,2,5650.0,4800,0,KBZPay
SL0002801,T001921,2026-07-26 14:00:00,P018,1,11000.0,7950,550,Cash
SL0002802,T001922,2026-07-26 12:58:00,P039,1,9350.0,7550,0,Cash
SL0002803,T001922,2026-07-26 12:58:00,P020,3,9600.0,7050,0,KBZPay
SL0002804,T001923,2026-07-26 13:51:00,P025,2,2450.0,2150,0,Cash
SL0002805,T001924,2026-07-26 10:39:00,P017,2,8050.0,6850,0,Cash
SL0002806,T001925,2026-07-26 15:16:00,P028,1,950.0,750,0,Cash
SL0002807,T001926,2026-07-26 14:44:00,P006,1,6750.0,4750,0,Cash
SL0002808,T001926,2026-07-26 14:44:00,P005,1,8700.0,6300,0,Cash
SL0002809,T001927,2026-07-26 15:05:00,P037,1,4650.0,3300,250,WavePay
SL0002810,T001928,2026-07-26 11:25:00,P038,1,4500.0,3300,0,Cash
SL0002811,T001929,2026-07-27 07:12:00,P032,1,10850.0,8500,550,Cash
SL0002812,T001930,2026-07-27 12:08:00,P015,1,1050.0,750,0,KBZPay
SL0002813,T001931,2026-07-27 07:05:00,P015,1,1050.0,750,0,Cash
SL0002814,T001932,2026-07-27 09:57:00,P035,1,10250.0,8150,0,Cash
SL0002815,T001933,2026-07-27 08:10:00,P015,1,1050.0,750,50,KBZPay
SL0002816,T001933,2026-07-27 08:10:00,P002,3,9700.0,7950,0,Cash
SL0002817,T001933,2026-07-27 08:10:00,P027,1,600.0,500,0,Cash
SL0002818,T001934,2026-07-27 11:45:00,P010,1,7200.0,5600,0,KBZPay
SL0002819,T001935,2026-07-27 12:53:00,P024,2,5650.0,4800,0,Cash
SL0002820,T001935,2026-07-27 12:53:00,P035,1,10250.0,8150,0,Cash
SL0002821,T001935,2026-07-27 12:53:00,P011,1,5600.0,4100,0,Cash
SL0002822,T001936,2026-07-27 16:11:00,P002,1,9700.0,7950,0,KBZPay
SL0002823,T001936,2026-07-27 16:11:00,P017,1,8050.0,6850,0,Cash
SL0002824,T001936,2026-07-27 16:11:00,P031,1,6800.0,4750,0,Cash
SL0002825,T001937,2026-07-27 10:31:00,P014,1,10450.0,8900,0,Cash
SL0002826,T001938,2026-07-27 17:14:00,P015,1,1050.0,750,50,Cash
SL0002827,T001939,2026-07-27 15:00:00,P027,1,600.0,500,0,Cash
SL0002828,T001940,2026-07-27 14:51:00,P039,1,9350.0,7550,0,Cash
SL0002829,T001940,2026-07-27 14:51:00,P010,1,7200.0,5600,0,Cash
SL0002830,T001941,2026-07-27 18:57:00,P014,1,10450.0,8900,0,Cash
SL0002831,T001941,2026-07-27 18:57:00,P030,1,9850.0,8500,0,Cash
SL0002832,T001941,2026-07-27 18:57:00,P008,2,1450.0,1200,0,Cash
SL0002833,T001942,2026-07-27 12:38:00,P014,2,10450.0,8900,0,Cash
SL0002834,T001942,2026-07-27 12:38:00,P009,1,9500.0,7150,0,Cash
SL0002835,T001942,2026-07-27 12:38:00,P026,1,8650.0,7250,450,KBZPay
SL0002836,T001943,2026-07-27 14:51:00,P005,2,8700.0,6300,0,WavePay
SL0002837,T001943,2026-07-27 14:51:00,P002,1,9700.0,7950,0,WavePay
SL0002838,T001944,2026-07-27 16:54:00,P024,2,5650.0,4800,0,Cash
SL0002839,T001945,2026-07-27 13:13:00,P008,1,1450.0,1200,50,Cash
SL0002840,T001946,2026-07-27 16:18:00,P015,1,1050.0,750,50,Cash
SL0002841,T001946,2026-07-27 16:18:00,P006,1,6750.0,4750,0,Cash
SL0002842,T001947,2026-07-27 12:52:00,P037,1,4650.0,3300,0,Cash
SL0002843,T001947,2026-07-27 12:52:00,P012,1,9800.0,8800,0,Cash
SL0002844,T001947,2026-07-27 12:52:00,P026,1,8650.0,7250,0,Cash
SL0002845,T001948,2026-07-27 21:57:00,P020,1,9600.0,7050,0,KBZPay
SL0002846,T001949,2026-07-27 07:51:00,P003,1,7250.0,5200,0,Cash
SL0002847,T001949,2026-07-27 07:51:00,P039,2,9350.0,7550,0,KBZPay
SL0002848,T001950,2026-07-27 11:52:00,P009,2,9500.0,7150,950,Cash
SL0002849,T001951,2026-07-27 14:11:00,P011,4,5600.0,4100,0,Cash
SL0002850,T001952,2026-07-27 12:40:00,P039,1,9350.0,7550,0,Cash
SL0002851,T001953,2026-07-27 14:11:00,P040,1,6800.0,5650,350,Cash
SL0002852,T001954,2026-07-27 17:56:00,P024,1,5650.0,4800,0,Cash
SL0002853,T001955,2026-07-27 17:49:00,P034,1,6900.0,5900,0,Cash
SL0002854,T001956,2026-07-27 10:49:00,P038,1,4500.0,3300,0,Cash
SL0002855,T001956,2026-07-27 10:49:00,P018,2,11000.0,7950,0,KBZPay
SL0002856,T001957,2026-07-27 07:52:00,P034,2,6900.0,5900,0,Cash
SL0002857,T001958,2026-07-27 18:55:00,P026,1,8650.0,7250,0,Cash
SL0002858,T001959,2026-07-27 10:51:00,P037,1,4650.0,3300,0,KBZPay
SL0002859,T001960,2026-07-27 18:46:00,P022,1,8800.0,7450,0,Cash
SL0002860,T001960,2026-07-27 18:46:00,P030,1,9850.0,8500,500,Cash
SL0002861,T001961,2026-07-27 15:58:00,P022,1,8800.0,7450,0,Cash
SL0002862,T001962,2026-07-27 18:30:00,P015,1,1050.0,750,0,Cash
SL0002863,T001963,2026-07-27 12:59:00,P003,2,7250.0,5200,700,Cash
SL0002864,T001963,2026-07-27 12:59:00,P038,2,4500.0,3300,0,Cash
SL0002865,T001963,2026-07-27 12:59:00,P039,1,9350.0,7550,0,KBZPay
SL0002866,T001964,2026-07-27 07:35:00,P034,1,6900.0,5900,0,Cash
SL0002867,T001964,2026-07-27 07:35:00,P004,1,2300.0,1700,0,Cash
SL0002868,T001965,2026-07-28 07:32:00,P009,1,9500.0,7150,0,Cash
SL0002869,T001966,2026-07-28 18:08:00,P031,2,6800.0,4750,0,Cash
SL0002870,T001967,2026-07-28 13:13:00,P030,1,9850.0,8500,0,Cash
SL0002871,T001968,2026-07-28 08:45:00,P011,1,5600.0,4100,0,Cash
SL0002872,T001969,2026-07-28 11:51:00,P015,1,1050.0,750,0,KBZPay
SL0002873,T001970,2026-07-28 19:35:00,P008,1,1450.0,1200,0,KBZPay
SL0002874,T001971,2026-07-28 08:11:00,P011,1,5600.0,4100,0,Cash
SL0002875,T001971,2026-07-28 08:11:00,P037,1,4650.0,3300,0,Cash
SL0002876,T001972,2026-07-28 17:30:00,P020,2,9600.0,7050,0,KBZPay
SL0002877,T001972,2026-07-28 17:30:00,P038,1,4500.0,3300,0,KBZPay
SL0002878,T001972,2026-07-28 17:30:00,P031,2,6800.0,4750,0,Cash
SL0002879,T001973,2026-07-28 12:54:00,P030,1,9850.0,8500,0,Cash
SL0002880,T001973,2026-07-28 12:54:00,P012,1,9800.0,8800,0,WavePay
SL0002881,T001973,2026-07-28 12:54:00,P013,2,8950.0,6450,0,Cash
SL0002882,T001974,2026-07-28 16:51:00,P004,1,2300.0,1700,0,Cash
SL0002883,T001975,2026-07-28 10:58:00,P026,1,8650.0,7250,0,Cash
SL0002884,T001975,2026-07-28 10:58:00,P040,1,6800.0,5650,0,KBZPay
SL0002885,T001976,2026-07-28 16:08:00,P022,1,8800.0,7450,0,Cash
SL0002886,T001977,2026-07-28 16:53:00,P011,1,5600.0,4100,300,KBZPay
SL0002887,T001977,2026-07-28 16:53:00,P006,1,6750.0,4750,0,Cash
SL0002888,T001978,2026-07-28 15:48:00,P015,1,1050.0,750,0,Cash
SL0002889,T001979,2026-07-28 17:54:00,P037,1,4650.0,3300,0,Cash
SL0002890,T001980,2026-07-28 13:08:00,P025,2,2450.0,2150,0,Cash
SL0002891,T001980,2026-07-28 13:08:00,P007,2,2750.0,2400,0,KBZPay
SL0002892,T001981,2026-07-28 11:59:00,P027,1,600.0,500,0,WavePay
SL0002893,T001982,2026-07-28 11:39:00,P033,2,550.0,450,0,Cash
SL0002894,T001983,2026-07-28 12:49:00,P017,1,8050.0,6850,0,Cash
SL0002895,T001984,2026-07-28 17:33:00,P038,1,4500.0,3300,0,Cash
SL0002896,T001984,2026-07-28 17:33:00,P027,1,600.0,500,0,Cash
SL0002897,T001985,2026-07-28 09:55:00,P008,1,1450.0,1200,0,Cash
SL0002898,T001986,2026-07-28 07:52:00,P027,2,600.0,500,0,Cash
SL0002899,T001986,2026-07-28 07:52:00,P024,1,5650.0,4800,0,Cash
SL0002900,T001986,2026-07-28 07:52:00,P004,2,2300.0,1700,0,Cash
SL0002901,T001987,2026-07-28 12:08:00,P015,1,1050.0,750,0,Cash
SL0002902,T001988,2026-07-28 12:23:00,P039,1,9350.0,7550,0,KBZPay
SL0002903,T001988,2026-07-28 12:23:00,P034,1,6900.0,5900,0,KBZPay
SL0002904,T001989,2026-07-28 14:36:00,P025,1,2450.0,2150,0,WavePay
SL0002905,T001990,2026-07-28 11:10:00,P018,1,11000.0,7950,550,Cash
SL0002906,T001990,2026-07-28 11:10:00,P015,3,1050.0,750,0,KBZPay
SL0002907,T001991,2026-07-28 08:00:00,P027,1,600.0,500,0,Cash
SL0002908,T001991,2026-07-28 08:00:00,P012,1,9800.0,8800,0,Cash
SL0002909,T001992,2026-07-28 11:21:00,P012,1,9800.0,8800,0,Cash
SL0002910,T001992,2026-07-28 11:21:00,P033,1,550.0,450,0,Cash
SL0002911,T001993,2026-07-28 15:47:00,P029,1,9250.0,7400,0,Cash
SL0002912,T001993,2026-07-28 15:47:00,P017,1,8050.0,6850,0,Cash
SL0002913,T001994,2026-07-28 18:47:00,P009,1,9500.0,7150,0,Cash
SL0002914,T001995,2026-07-28 12:44:00,P008,1,1450.0,1200,0,KBZPay
SL0002915,T001996,2026-07-28 07:54:00,P008,1,1450.0,1200,50,Cash
SL0002916,T001997,2026-07-28 09:04:00,P020,1,9600.0,7050,0,WavePay
SL0002917,T001998,2026-07-28 11:02:00,P036,1,6250.0,4350,0,Cash
SL0002918,T001998,2026-07-28 11:02:00,P012,1,9800.0,8800,500,WavePay
SL0002919,T001998,2026-07-28 11:02:00,P002,3,9700.0,7950,0,KBZPay
SL0002920,T001999,2026-07-29 15:35:00,P030,4,9850.0,8500,0,KBZPay
SL0002921,T002000,2026-07-29 15:42:00,P015,2,1050.0,750,0,Cash
SL0002922,T002001,2026-07-29 15:40:00,P034,2,6900.0,5900,0,KBZPay
SL0002923,T002001,2026-07-29 15:40:00,P026,1,8650.0,7250,0,Cash
SL0002924,T002001,2026-07-29 15:40:00,P015,1,1050.0,750,0,Cash
SL0002925,T002002,2026-07-29 11:58:00,P006,1,6750.0,4750,0,Cash
SL0002926,T002002,2026-07-29 11:58:00,P011,1,5600.0,4100,0,Cash
SL0002927,T002003,2026-07-29 07:19:00,P030,1,9850.0,8500,0,Cash
SL0002928,T002004,2026-07-29 08:22:00,P026,2,8650.0,7250,0,KBZPay
SL0002929,T002005,2026-07-29 13:28:00,P031,1,6800.0,4750,0,KBZPay
SL0002930,T002005,2026-07-29 13:28:00,P013,2,8950.0,6450,0,Cash
SL0002931,T002006,2026-07-29 12:24:00,P014,1,10450.0,8900,0,Cash
SL0002932,T002007,2026-07-29 18:35:00,P039,1,9350.0,7550,0,Cash
SL0002933,T002008,2026-07-29 15:45:00,P032,1,10850.0,8500,0,Cash
SL0002934,T002008,2026-07-29 15:45:00,P017,1,8050.0,6850,0,Cash
SL0002935,T002009,2026-07-29 13:28:00,P008,1,1450.0,1200,0,Cash
SL0002936,T002010,2026-07-29 19:18:00,P010,1,7200.0,5600,0,KBZPay
SL0002937,T002010,2026-07-29 19:18:00,P036,2,6250.0,4350,0,Cash
SL0002938,T002011,2026-07-29 15:51:00,P026,2,8650.0,7250,0,Cash
SL0002939,T002011,2026-07-29 15:51:00,P027,1,600.0,500,0,KBZPay
SL0002940,T002012,2026-07-29 16:46:00,P021,1,10450.0,8200,0,WavePay
SL0002941,T002013,2026-07-29 13:55:00,P006,2,6750.0,4750,0,Cash
SL0002942,T002014,2026-07-29 17:07:00,P015,1,1050.0,750,0,Cash
SL0002943,T002015,2026-07-29 08:17:00,P006,1,6750.0,4750,0,Cash
SL0002944,T002016,2026-07-29 14:22:00,P015,2,1050.0,750,0,KBZPay
SL0002945,T002017,2026-07-29 18:28:00,P011,1,5600.0,4100,0,Cash
SL0002946,T002017,2026-07-29 18:28:00,P039,3,9350.0,7550,0,Cash
SL0002947,T002017,2026-07-29 18:28:00,P010,1,7200.0,5600,0,Cash
SL0002948,T002018,2026-07-29 19:58:00,P014,1,10450.0,8900,0,Cash
SL0002949,T002018,2026-07-29 19:58:00,P034,4,6900.0,5900,0,Cash
SL0002950,T002019,2026-07-29 07:25:00,P015,1,1050.0,750,0,KBZPay
SL0002951,T002019,2026-07-29 07:25:00,P038,1,4500.0,3300,0,Cash
SL0002952,T002020,2026-07-29 14:30:00,P020,2,9600.0,7050,0,Cash
SL0002953,T002020,2026-07-29 14:30:00,P001,2,9400.0,7950,0,Cash
SL0002954,T002021,2026-07-29 09:09:00,P039,3,9350.0,7550,0,Cash
SL0002955,T002022,2026-07-29 14:44:00,P035,1,10250.0,8150,0,Cash
SL0002956,T002023,2026-07-29 09:45:00,P014,3,10450.0,8900,0,WavePay
SL0002957,T002024,2026-07-29 13:16:00,P040,2,6800.0,5650,0,Cash
SL0002958,T002024,2026-07-29 13:16:00,P016,1,10700.0,8500,0,Cash
SL0002959,T002024,2026-07-29 13:16:00,P036,3,6250.0,4350,0,KBZPay
SL0002960,T002025,2026-07-29 15:17:00,P024,2,5650.0,4800,0,KBZPay
SL0002961,T002026,2026-07-29 09:42:00,P020,1,9600.0,7050,0,Cash
SL0002962,T002026,2026-07-29 09:42:00,P031,1,6800.0,4750,0,Cash
SL0002963,T002027,2026-07-29 10:11:00,P015,1,1050.0,750,0,Cash
SL0002964,T002028,2026-07-29 13:15:00,P030,1,9850.0,8500,0,Cash
SL0002965,T002029,2026-07-29 15:34:00,P012,1,9800.0,8800,0,Cash
SL0002966,T002029,2026-07-29 15:34:00,P024,1,5650.0,4800,0,Cash
SL0002967,T002030,2026-07-30 17:27:00,P008,1,1450.0,1200,0,Cash
SL0002968,T002030,2026-07-30 17:27:00,P034,3,6900.0,5900,0,Cash
SL0002969,T002031,2026-07-30 12:12:00,P008,3,1450.0,1200,0,Cash
SL0002970,T002032,2026-07-30 12:25:00,P008,1,1450.0,1200,50,Cash
SL0002971,T002033,2026-07-30 17:41:00,P009,1,9500.0,7150,0,Cash
SL0002972,T002033,2026-07-30 17:41:00,P014,1,10450.0,8900,0,Cash
SL0002973,T002034,2026-07-30 08:22:00,P034,2,6900.0,5900,0,Cash
SL0002974,T002034,2026-07-30 08:22:00,P033,1,550.0,450,50,KBZPay
SL0002975,T002035,2026-07-30 07:54:00,P015,1,1050.0,750,0,Cash
SL0002976,T002035,2026-07-30 07:54:00,P037,1,4650.0,3300,0,WavePay
SL0002977,T002035,2026-07-30 07:54:00,P014,2,10450.0,8900,0,Cash
SL0002978,T002036,2026-07-30 12:12:00,P029,1,9250.0,7400,0,Cash
SL0002979,T002037,2026-07-30 09:28:00,P033,1,550.0,450,50,KBZPay
SL0002980,T002037,2026-07-30 09:28:00,P010,1,7200.0,5600,0,Cash
SL0002981,T002038,2026-07-30 13:10:00,P039,1,9350.0,7550,0,Cash
SL0002982,T002039,2026-07-30 12:18:00,P003,1,7250.0,5200,350,WavePay
SL0002983,T002040,2026-07-30 07:46:00,P001,1,9400.0,7950,0,Cash
SL0002984,T002041,2026-07-30 17:23:00,P020,2,9600.0,7050,0,WavePay
SL0002985,T002041,2026-07-30 17:23:00,P005,1,8700.0,6300,0,Cash
SL0002986,T002041,2026-07-30 17:23:00,P010,1,7200.0,5600,0,WavePay
SL0002987,T002042,2026-07-30 16:51:00,P029,1,9250.0,7400,0,Cash
SL0002988,T002043,2026-07-30 13:52:00,P039,1,9350.0,7550,0,Cash
SL0002989,T002044,2026-07-30 13:36:00,P033,1,550.0,450,0,Cash
SL0002990,T002045,2026-07-30 15:18:00,P032,1,10850.0,8500,0,Cash
SL0002991,T002045,2026-07-30 15:18:00,P002,2,9700.0,7950,0,KBZPay
SL0002992,T002046,2026-07-30 17:53:00,P030,1,9850.0,8500,0,Cash
SL0002993,T002046,2026-07-30 17:53:00,P031,1,6800.0,4750,0,WavePay
SL0002994,T002047,2026-07-30 13:37:00,P006,2,6750.0,4750,0,Cash
SL0002995,T002048,2026-07-30 21:57:00,P026,1,8650.0,7250,450,Cash
SL0002996,T002048,2026-07-30 21:57:00,P015,2,1050.0,750,0,Cash
SL0002997,T002049,2026-07-30 08:07:00,P016,1,10700.0,8500,550,Cash
SL0002998,T002050,2026-07-30 14:13:00,P020,1,9600.0,7050,0,KBZPay
SL0002999,T002051,2026-07-30 14:41:00,P012,1,9800.0,8800,0,Cash
SL0003000,T002052,2026-07-30 16:24:00,P039,1,9350.0,7550,0,Cash
SL0003001,T002052,2026-07-30 16:24:00,P006,3,6750.0,4750,0,Cash
SL0003002,T002052,2026-07-30 16:24:00,P021,1,10450.0,8200,0,WavePay
SL0003003,T002053,2026-07-30 18:25:00,P037,1,4650.0,3300,0,Cash
SL0003004,T002054,2026-07-30 09:29:00,P003,4,7250.0,5200,0,Cash
SL0003005,T002055,2026-07-30 18:27:00,P003,3,7250.0,5200,0,Cash
SL0003006,T002055,2026-07-30 18:27:00,P006,1,6750.0,4750,0,Cash
SL0003007,T002056,2026-07-30 09:04:00,P011,2,5600.0,4100,0,Cash
SL0003008,T002057,2026-07-30 07:57:00,P037,1,4650.0,3300,0,Cash
SL0003009,T002057,2026-07-30 07:57:00,P028,1,950.0,750,0,Cash
SL0003010,T002057,2026-07-30 07:57:00,P003,1,7250.0,5200,0,Cash
SL0003011,T002058,2026-07-30 11:29:00,P008,2,1450.0,1200,0,KBZPay
SL0003012,T002059,2026-07-30 12:51:00,P039,2,9350.0,7550,0,Cash
SL0003013,T002060,2026-07-30 16:54:00,P005,1,8700.0,6300,0,KBZPay
SL0003014,T002060,2026-07-30 16:54:00,P009,1,9500.0,7150,0,KBZPay
SL0003015,T002061,2026-07-30 15:00:00,P031,1,6800.0,4750,0,WavePay
SL0003016,T002062,2026-07-30 16:10:00,P011,1,5600.0,4100,0,Cash
SL0003017,T002063,2026-07-30 17:33:00,P032,2,10850.0,8500,0,Cash
SL0003018,T002063,2026-07-30 17:33:00,P005,3,8700.0,6300,1300,Cash
SL0003019,T002064,2026-07-30 13:13:00,P037,1,4650.0,3300,0,Cash
SL0003020,T002065,2026-07-31 16:27:00,P011,1,5600.0,4100,0,Cash
SL0003021,T002066,2026-07-31 14:33:00,P009,1,9500.0,7150,0,WavePay
SL0003022,T002066,2026-07-31 14:33:00,P035,3,10250.0,8150,0,Cash
SL0003023,T002066,2026-07-31 14:33:00,P015,2,1050.0,750,0,Cash
SL0003024,T002067,2026-07-31 13:39:00,P026,1,8650.0,7250,0,Cash
SL0003025,T002068,2026-07-31 13:29:00,P029,1,9250.0,7400,0,Cash
SL0003026,T002069,2026-07-31 10:39:00,P034,1,6900.0,5900,0,Cash
SL0003027,T002069,2026-07-31 10:39:00,P020,1,9600.0,7050,0,Cash
SL0003028,T002070,2026-07-31 14:42:00,P028,3,950.0,750,0,Cash
SL0003029,T002070,2026-07-31 14:42:00,P020,1,9600.0,7050,0,Cash
SL0003030,T002070,2026-07-31 14:42:00,P039,2,9350.0,7550,950,Cash
SL0003031,T002071,2026-07-31 18:10:00,P034,1,6900.0,5900,0,KBZPay
SL0003032,T002071,2026-07-31 18:10:00,P008,1,1450.0,1200,0,Cash
SL0003033,T002072,2026-07-31 21:40:00,P008,1,1450.0,1200,0,KBZPay
SL0003034,T002073,2026-07-31 10:19:00,P024,3,5650.0,4800,0,Cash
SL0003035,T002074,2026-07-31 13:24:00,P021,1,10450.0,8200,0,Cash
SL0003036,T002075,2026-07-31 12:41:00,P035,1,10250.0,8150,0,KBZPay
SL0003037,T002076,2026-07-31 12:30:00,P033,1,550.0,450,0,Cash
SL0003038,T002076,2026-07-31 12:30:00,P035,1,10250.0,8150,0,Cash
SL0003039,T002076,2026-07-31 12:30:00,P038,1,4500.0,3300,0,Cash
SL0003040,T002077,2026-07-31 16:09:00,P012,1,9800.0,8800,0,Cash
SL0003041,T002078,2026-07-31 11:26:00,P039,2,9350.0,7550,0,Cash
SL0003042,T002079,2026-07-31 17:00:00,P027,3,600.0,500,0,Cash
SL0003043,T002080,2026-07-31 09:51:00,P018,1,11000.0,7950,0,Cash
SL0003044,T002080,2026-07-31 09:51:00,P030,2,9850.0,8500,0,WavePay
SL0003045,T002081,2026-07-31 07:43:00,P028,2,950.0,750,100,Cash
SL0003046,T002081,2026-07-31 07:43:00,P013,2,8950.0,6450,0,WavePay
SL0003047,T002082,2026-07-31 08:16:00,P039,1,9350.0,7550,0,Cash
SL0003048,T002082,2026-07-31 08:16:00,P025,2,2450.0,2150,0,Cash
SL0003049,T002083,2026-07-31 12:21:00,P018,2,11000.0,7950,0,Cash
SL0003050,T002083,2026-07-31 12:21:00,P029,2,9250.0,7400,0,KBZPay
SL0003051,T002084,2026-07-31 07:44:00,P024,1,5650.0,4800,0,Cash
SL0003052,T002085,2026-07-31 15:27:00,P008,1,1450.0,1200,0,Cash
SL0003053,T002085,2026-07-31 15:27:00,P015,1,1050.0,750,50,KBZPay
SL0003054,T002085,2026-07-31 15:27:00,P031,3,6800.0,4750,0,Cash
SL0003055,T002086,2026-07-31 21:11:00,P002,1,9700.0,7950,0,Cash
SL0003056,T002086,2026-07-31 21:11:00,P011,1,5600.0,4100,0,KBZPay
SL0003057,T002087,2026-07-31 15:25:00,P002,1,9700.0,7950,0,Cash
SL0003058,T002088,2026-07-31 14:44:00,P004,1,2300.0,1700,0,KBZPay
SL0003059,T002089,2026-07-31 14:54:00,P018,1,11000.0,7950,0,KBZPay
SL0003060,T002089,2026-07-31 14:54:00,P014,1,10450.0,8900,0,WavePay
SL0003061,T002090,2026-07-31 17:21:00,P012,3,9800.0,8800,0,KBZPay
SL0003062,T002091,2026-07-31 13:46:00,P012,1,9800.0,8800,500,WavePay
SL0003063,T002092,2026-07-31 12:35:00,P039,3,9350.0,7550,0,Cash
SL0003064,T002092,2026-07-31 12:35:00,P004,2,2300.0,1700,0,Cash
SL0003065,T002093,2026-07-31 12:41:00,P028,2,950.0,750,0,Cash
SL0003066,T002093,2026-07-31 12:41:00,P020,1,9600.0,7050,0,WavePay
SL0003067,T002094,2026-07-31 12:27:00,P026,1,8650.0,7250,0,Cash
SL0003068,T002095,2026-07-31 15:06:00,P017,1,8050.0,6850,0,KBZPay
SL0003069,T002096,2026-08-01 15:53:00,P003,1,7250.0,5200,0,Cash
SL0003070,T002096,2026-08-01 15:53:00,P020,1,9600.0,7050,500,Cash
SL0003071,T002096,2026-08-01 15:53:00,P010,1,7200.0,5600,0,WavePay
SL0003072,T002097,2026-08-01 14:57:00,P006,1,6750.0,4750,350,Cash
SL0003073,T002098,2026-08-01 16:01:00,P024,1,5650.0,4800,0,Cash
SL0003074,T002099,2026-08-01 17:34:00,P036,1,6250.0,4350,0,Cash
SL0003075,T002099,2026-08-01 17:34:00,P018,1,11000.0,7950,550,Cash
SL0003076,T002100,2026-08-01 11:01:00,P033,2,550.0,450,0,WavePay
SL0003077,T002100,2026-08-01 11:01:00,P016,1,10700.0,8500,0,WavePay
SL0003078,T002101,2026-08-01 14:47:00,P017,1,8050.0,6850,0,KBZPay
SL0003079,T002102,2026-08-01 15:16:00,P034,1,6900.0,5900,0,KBZPay
SL0003080,T002102,2026-08-01 15:16:00,P030,1,9850.0,8500,0,Cash
SL0003081,T002102,2026-08-01 15:16:00,P001,2,9400.0,7950,0,Cash
SL0003082,T002103,2026-08-01 15:16:00,P026,1,8650.0,7250,0,Cash
SL0003083,T002104,2026-08-01 18:41:00,P029,1,9250.0,7400,0,Cash
SL0003084,T002105,2026-08-01 14:01:00,P033,1,550.0,450,0,Cash
SL0003085,T002106,2026-08-01 07:34:00,P034,2,6900.0,5900,0,Cash
SL0003086,T002107,2026-08-01 13:23:00,P024,1,5650.0,4800,0,WavePay
SL0003087,T002108,2026-08-01 10:26:00,P035,1,10250.0,8150,0,Cash
SL0003088,T002109,2026-08-01 07:16:00,P007,1,2750.0,2400,0,Cash
SL0003089,T002109,2026-08-01 07:16:00,P011,1,5600.0,4100,0,Cash
SL0003090,T002110,2026-08-01 15:59:00,P024,1,5650.0,4800,0,Cash
SL0003091,T002111,2026-08-01 17:30:00,P005,1,8700.0,6300,0,Cash
SL0003092,T002112,2026-08-01 17:42:00,P003,1,7250.0,5200,0,KBZPay
SL0003093,T002113,2026-08-01 09:22:00,P002,2,9700.0,7950,0,Cash
SL0003094,T002114,2026-08-01 15:10:00,P020,2,9600.0,7050,0,Cash
SL0003095,T002114,2026-08-01 15:10:00,P026,1,8650.0,7250,0,Cash
SL0003096,T002115,2026-08-01 07:01:00,P020,1,9600.0,7050,500,Cash
SL0003097,T002115,2026-08-01 07:01:00,P024,1,5650.0,4800,0,KBZPay
SL0003098,T002115,2026-08-01 07:01:00,P022,4,8800.0,7450,0,Cash
SL0003099,T002116,2026-08-01 13:19:00,P038,4,4500.0,3300,0,KBZPay
SL0003100,T002117,2026-08-01 08:29:00,P039,1,9350.0,7550,0,Cash
SL0003101,T002118,2026-08-01 12:28:00,P017,1,8050.0,6850,0,Cash
SL0003102,T002119,2026-08-01 16:42:00,P008,2,1450.0,1200,0,Cash
SL0003103,T002120,2026-08-01 11:05:00,P020,1,9600.0,7050,0,Cash
SL0003104,T002121,2026-08-01 10:47:00,P035,1,10250.0,8150,0,Cash
SL0003105,T002122,2026-08-01 16:26:00,P007,1,2750.0,2400,0,Cash
SL0003106,T002122,2026-08-01 16:26:00,P005,1,8700.0,6300,0,Cash
SL0003107,T002122,2026-08-01 16:26:00,P010,1,7200.0,5600,0,Cash
SL0003108,T002123,2026-08-01 16:21:00,P035,1,10250.0,8150,0,KBZPay
SL0003109,T002124,2026-08-01 10:46:00,P017,1,8050.0,6850,0,KBZPay
SL0003110,T002125,2026-08-01 08:13:00,P002,1,9700.0,7950,0,Cash
SL0003111,T002126,2026-08-01 11:09:00,P015,1,1050.0,750,0,Cash
SL0003112,T002127,2026-08-01 13:05:00,P020,1,9600.0,7050,0,Cash
SL0003113,T002127,2026-08-01 13:05:00,P006,1,6750.0,4750,350,Cash
SL0003114,T002127,2026-08-01 13:05:00,P027,1,600.0,500,0,KBZPay
SL0003115,T002128,2026-08-01 17:24:00,P029,1,9250.0,7400,0,KBZPay
SL0003116,T002128,2026-08-01 17:24:00,P026,1,8650.0,7250,0,Cash
SL0003117,T002129,2026-08-01 12:09:00,P014,3,10450.0,8900,1550,KBZPay
SL0003118,T002130,2026-08-01 07:22:00,P032,4,10850.0,8500,0,KBZPay
SL0003119,T002131,2026-08-01 12:34:00,P008,1,1450.0,1200,0,Cash
SL0003120,T002132,2026-08-01 11:09:00,P026,2,8650.0,7250,0,Cash
SL0003121,T002133,2026-08-01 21:12:00,P018,1,11000.0,7950,550,WavePay
SL0003122,T002133,2026-08-01 21:12:00,P015,2,1050.0,750,0,Cash
SL0003123,T002134,2026-08-01 12:06:00,P035,1,10250.0,8150,0,Cash
SL0003124,T002134,2026-08-01 12:06:00,P031,1,6800.0,4750,0,Cash
SL0003125,T002134,2026-08-01 12:06:00,P015,1,1050.0,750,0,Cash
SL0003126,T002135,2026-08-01 10:20:00,P024,1,5650.0,4800,0,Cash
SL0003127,T002135,2026-08-01 10:20:00,P038,1,4500.0,3300,0,Cash
SL0003128,T002135,2026-08-01 10:20:00,P022,3,8800.0,7450,0,WavePay
SL0003129,T002136,2026-08-01 17:29:00,P002,3,9700.0,7950,0,Cash
SL0003130,T002136,2026-08-01 17:29:00,P024,1,5650.0,4800,0,Cash
SL0003131,T002137,2026-08-01 07:11:00,P012,1,9800.0,8800,0,Cash
SL0003132,T002138,2026-08-01 14:59:00,P039,1,9350.0,7550,0,Cash
SL0003133,T002139,2026-08-02 15:37:00,P010,1,7200.0,5600,0,KBZPay
SL0003134,T002140,2026-08-02 15:57:00,P034,1,6900.0,5900,0,WavePay
SL0003135,T002140,2026-08-02 15:57:00,P026,1,8650.0,7250,0,Cash
SL0003136,T002141,2026-08-02 15:30:00,P015,2,1050.0,750,0,Cash
SL0003137,T002141,2026-08-02 15:30:00,P008,1,1450.0,1200,0,Cash
SL0003138,T002141,2026-08-02 15:30:00,P024,1,5650.0,4800,0,Cash
SL0003139,T002142,2026-08-02 09:01:00,P029,1,9250.0,7400,0,Cash
SL0003140,T002142,2026-08-02 09:01:00,P003,3,7250.0,5200,0,Cash
SL0003141,T002142,2026-08-02 09:01:00,P002,2,9700.0,7950,0,KBZPay
SL0003142,T002143,2026-08-02 14:05:00,P011,1,5600.0,4100,0,Cash
SL0003143,T002144,2026-08-02 12:46:00,P021,1,10450.0,8200,0,WavePay
SL0003144,T002144,2026-08-02 12:46:00,P019,1,3050.0,2500,0,Cash
SL0003145,T002145,2026-08-02 17:54:00,P034,1,6900.0,5900,0,Cash
SL0003146,T002146,2026-08-02 08:29:00,P030,1,9850.0,8500,0,Cash
SL0003147,T002147,2026-08-02 07:24:00,P039,3,9350.0,7550,0,Cash
SL0003148,T002147,2026-08-02 07:24:00,P011,1,5600.0,4100,0,WavePay
SL0003149,T002148,2026-08-02 18:20:00,P012,3,9800.0,8800,0,Cash
SL0003150,T002149,2026-08-02 17:22:00,P009,1,9500.0,7150,0,Cash
SL0003151,T002150,2026-08-02 10:27:00,P031,1,6800.0,4750,0,Cash
SL0003152,T002150,2026-08-02 10:27:00,P015,2,1050.0,750,0,Cash
SL0003153,T002150,2026-08-02 10:27:00,P009,1,9500.0,7150,0,Cash
SL0003154,T002151,2026-08-02 12:23:00,P010,2,7200.0,5600,0,Cash
SL0003155,T002151,2026-08-02 12:23:00,P020,1,9600.0,7050,0,Cash
SL0003156,T002152,2026-08-02 14:56:00,P003,1,7250.0,5200,0,KBZPay
SL0003157,T002153,2026-08-02 19:20:00,P024,1,5650.0,4800,0,KBZPay
SL0003158,T002154,2026-08-02 16:09:00,P002,2,9700.0,7950,0,KBZPay
SL0003159,T002155,2026-08-02 12:52:00,P025,4,2450.0,2150,0,Cash
SL0003160,T002156,2026-08-02 13:43:00,P028,2,950.0,750,0,Cash
SL0003161,T002157,2026-08-02 11:28:00,P004,2,2300.0,1700,250,Cash
SL0003162,T002158,2026-08-02 17:19:00,P005,1,8700.0,6300,0,KBZPay
SL0003163,T002159,2026-08-02 12:46:00,P033,1,550.0,450,0,Cash
SL0003164,T002159,2026-08-02 12:46:00,P007,3,2750.0,2400,0,WavePay
SL0003165,T002160,2026-08-02 15:24:00,P034,1,6900.0,5900,0,Cash
SL0003166,T002161,2026-08-02 16:33:00,P039,1,9350.0,7550,0,Cash
SL0003167,T002161,2026-08-02 16:33:00,P015,4,1050.0,750,0,Cash
SL0003168,T002162,2026-08-02 15:24:00,P020,1,9600.0,7050,0,KBZPay
SL0003169,T002162,2026-08-02 15:24:00,P011,1,5600.0,4100,0,Cash
SL0003170,T002163,2026-08-02 09:39:00,P020,2,9600.0,7050,950,Cash
SL0003171,T002164,2026-08-02 18:19:00,P026,1,8650.0,7250,0,Cash
SL0003172,T002165,2026-08-02 07:26:00,P011,2,5600.0,4100,0,Cash
SL0003173,T002166,2026-08-02 19:06:00,P039,1,9350.0,7550,0,Cash
SL0003174,T002167,2026-08-02 12:59:00,P004,2,2300.0,1700,0,Cash
SL0003175,T002168,2026-08-02 15:25:00,P002,1,9700.0,7950,0,Cash
SL0003176,T002169,2026-08-02 12:14:00,P039,2,9350.0,7550,0,Cash
SL0003177,T002169,2026-08-02 12:14:00,P033,1,550.0,450,0,Cash
SL0003178,T002170,2026-08-03 13:53:00,P021,1,10450.0,8200,0,WavePay
SL0003179,T002171,2026-08-03 07:48:00,P021,2,10450.0,8200,0,Cash
SL0003180,T002172,2026-08-03 07:04:00,P007,1,2750.0,2400,0,Cash
SL0003181,T002173,2026-08-03 16:02:00,P013,1,8950.0,6450,0,Cash
SL0003182,T002173,2026-08-03 16:02:00,P027,2,600.0,500,0,KBZPay
SL0003183,T002173,2026-08-03 16:02:00,P008,2,1450.0,1200,0,KBZPay
SL0003184,T002174,2026-08-03 12:23:00,P006,1,6750.0,4750,0,Cash
SL0003185,T002175,2026-08-03 07:20:00,P012,1,9800.0,8800,0,Cash
SL0003186,T002175,2026-08-03 07:20:00,P038,1,4500.0,3300,0,Cash
SL0003187,T002176,2026-08-03 13:34:00,P034,1,6900.0,5900,0,Cash
SL0003188,T002177,2026-08-03 20:52:00,P015,3,1050.0,750,0,KBZPay
SL0003189,T002178,2026-08-03 07:43:00,P010,1,7200.0,5600,0,KBZPay
SL0003190,T002179,2026-08-03 21:36:00,P002,1,9700.0,7950,0,Cash
SL0003191,T002180,2026-08-03 15:33:00,P033,1,550.0,450,0,KBZPay
SL0003192,T002180,2026-08-03 15:33:00,P008,2,1450.0,1200,0,WavePay
SL0003193,T002180,2026-08-03 15:33:00,P005,3,8700.0,6300,0,KBZPay
SL0003194,T002181,2026-08-03 09:49:00,P008,2,1450.0,1200,0,Cash
SL0003195,T002182,2026-08-03 12:16:00,P009,1,9500.0,7150,0,Cash
SL0003196,T002182,2026-08-03 12:16:00,P012,2,9800.0,8800,0,Cash
SL0003197,T002183,2026-08-03 18:44:00,P011,2,5600.0,4100,0,Cash
SL0003198,T002183,2026-08-03 18:44:00,P037,1,4650.0,3300,0,Cash
SL0003199,T002184,2026-08-03 07:50:00,P002,1,9700.0,7950,0,Cash
SL0003200,T002184,2026-08-03 07:50:00,P005,1,8700.0,6300,0,Cash
SL0003201,T002185,2026-08-03 07:22:00,P003,3,7250.0,5200,0,Cash
SL0003202,T002186,2026-08-03 12:14:00,P002,1,9700.0,7950,0,Cash
SL0003203,T002187,2026-08-03 13:52:00,P037,3,4650.0,3300,0,Cash
SL0003204,T002187,2026-08-03 13:52:00,P014,1,10450.0,8900,0,KBZPay
SL0003205,T002188,2026-08-03 14:57:00,P003,3,7250.0,5200,0,Cash
SL0003206,T002188,2026-08-03 14:57:00,P001,1,9400.0,7950,450,Cash
SL0003207,T002189,2026-08-03 15:48:00,P023,1,7800.0,6250,0,Cash
SL0003208,T002190,2026-08-03 17:11:00,P007,1,2750.0,2400,0,Cash
SL0003209,T002191,2026-08-03 10:04:00,P014,2,10450.0,8900,0,KBZPay
SL0003210,T002192,2026-08-03 16:42:00,P015,1,1050.0,750,0,Cash
SL0003211,T002193,2026-08-03 12:58:00,P033,1,550.0,450,0,Cash
SL0003212,T002194,2026-08-03 17:37:00,P016,1,10700.0,8500,0,KBZPay
SL0003213,T002194,2026-08-03 17:37:00,P020,1,9600.0,7050,500,KBZPay
SL0003214,T002195,2026-08-03 08:03:00,P038,4,4500.0,3300,0,Cash
SL0003215,T002196,2026-08-03 16:49:00,P015,1,1050.0,750,0,Cash
SL0003216,T002197,2026-08-03 18:00:00,P003,1,7250.0,5200,0,Cash
SL0003217,T002197,2026-08-03 18:00:00,P033,1,550.0,450,0,Cash
SL0003218,T002197,2026-08-03 18:00:00,P015,1,1050.0,750,0,WavePay
SL0003219,T002198,2026-08-03 08:22:00,P021,1,10450.0,8200,0,Cash
SL0003220,T002198,2026-08-03 08:22:00,P003,1,7250.0,5200,0,WavePay
SL0003221,T002199,2026-08-03 14:17:00,P009,2,9500.0,7150,0,Cash
SL0003222,T002199,2026-08-03 14:17:00,P021,1,10450.0,8200,500,Cash
SL0003223,T002200,2026-08-03 13:17:00,P008,1,1450.0,1200,0,Cash
SL0003224,T002200,2026-08-03 13:17:00,P014,2,10450.0,8900,0,Cash
SL0003225,T002201,2026-08-03 10:38:00,P003,3,7250.0,5200,0,Cash
SL0003226,T002202,2026-08-03 07:41:00,P035,1,10250.0,8150,0,Cash
SL0003227,T002202,2026-08-03 07:41:00,P003,1,7250.0,5200,0,Cash
SL0003228,T002203,2026-08-03 08:17:00,P037,1,4650.0,3300,250,Cash
SL0003229,T002204,2026-08-03 18:54:00,P031,1,6800.0,4750,0,Cash
SL0003230,T002205,2026-08-03 09:55:00,P030,1,9850.0,8500,0,Cash
SL0003231,T002206,2026-08-03 17:45:00,P034,1,6900.0,5900,350,Cash
SL0003232,T002207,2026-08-03 11:33:00,P007,1,2750.0,2400,0,KBZPay
SL0003233,T002208,2026-08-04 13:04:00,P027,4,600.0,500,0,Cash
SL0003234,T002208,2026-08-04 13:04:00,P031,1,6800.0,4750,0,Cash
SL0003235,T002209,2026-08-04 10:16:00,P020,1,9600.0,7050,0,Cash
SL0003236,T002210,2026-08-04 13:11:00,P016,1,10700.0,8500,0,Cash
SL0003237,T002211,2026-08-04 09:25:00,P006,1,6750.0,4750,0,Cash
SL0003238,T002211,2026-08-04 09:25:00,P015,2,1050.0,750,0,Cash
SL0003239,T002212,2026-08-04 16:58:00,P008,1,1450.0,1200,0,KBZPay
SL0003240,T002212,2026-08-04 16:58:00,P021,1,10450.0,8200,0,Cash
SL0003241,T002213,2026-08-04 13:15:00,P009,1,9500.0,7150,0,Cash
SL0003242,T002214,2026-08-04 10:47:00,P006,1,6750.0,4750,0,Cash
SL0003243,T002214,2026-08-04 10:47:00,P033,1,550.0,450,0,Cash
SL0003244,T002215,2026-08-04 09:10:00,P026,3,8650.0,7250,0,Cash
SL0003245,T002216,2026-08-04 11:38:00,P034,1,6900.0,5900,0,Cash
SL0003246,T002216,2026-08-04 11:38:00,P005,3,8700.0,6300,0,Cash
SL0003247,T002217,2026-08-04 10:10:00,P030,1,9850.0,8500,0,Cash
SL0003248,T002218,2026-08-04 14:07:00,P031,1,6800.0,4750,0,Cash
SL0003249,T002218,2026-08-04 14:07:00,P012,1,9800.0,8800,0,Cash
SL0003250,T002219,2026-08-04 21:05:00,P003,1,7250.0,5200,0,KBZPay
SL0003251,T002219,2026-08-04 21:05:00,P005,1,8700.0,6300,0,Cash
SL0003252,T002220,2026-08-04 12:26:00,P008,1,1450.0,1200,50,Cash
SL0003253,T002221,2026-08-04 15:38:00,P008,1,1450.0,1200,0,Cash
SL0003254,T002222,2026-08-04 17:05:00,P012,1,9800.0,8800,0,KBZPay
SL0003255,T002222,2026-08-04 17:05:00,P002,1,9700.0,7950,0,KBZPay
SL0003256,T002223,2026-08-04 15:50:00,P008,2,1450.0,1200,0,Cash
SL0003257,T002224,2026-08-04 07:02:00,P020,1,9600.0,7050,0,KBZPay
SL0003258,T002225,2026-08-04 12:35:00,P026,1,8650.0,7250,0,Cash
SL0003259,T002226,2026-08-04 09:38:00,P027,1,600.0,500,0,WavePay
SL0003260,T002226,2026-08-04 09:38:00,P037,1,4650.0,3300,0,KBZPay
SL0003261,T002227,2026-08-04 14:27:00,P039,1,9350.0,7550,0,Cash
SL0003262,T002228,2026-08-04 09:42:00,P002,1,9700.0,7950,0,Cash
SL0003263,T002229,2026-08-04 13:20:00,P027,1,600.0,500,0,Cash
SL0003264,T002230,2026-08-04 21:48:00,P026,1,8650.0,7250,0,Cash
SL0003265,T002231,2026-08-04 07:38:00,P039,1,9350.0,7550,0,KBZPay
SL0003266,T002232,2026-08-04 11:00:00,P030,1,9850.0,8500,0,Cash
SL0003267,T002233,2026-08-04 18:50:00,P011,1,5600.0,4100,300,WavePay
SL0003268,T002233,2026-08-04 18:50:00,P006,1,6750.0,4750,0,Cash
SL0003269,T002234,2026-08-04 20:23:00,P031,2,6800.0,4750,0,Cash
SL0003270,T002235,2026-08-04 10:18:00,P011,2,5600.0,4100,550,Cash
SL0003271,T002236,2026-08-05 21:28:00,P021,1,10450.0,8200,0,KBZPay
SL0003272,T002237,2026-08-05 15:16:00,P031,3,6800.0,4750,0,Cash
SL0003273,T002238,2026-08-05 07:52:00,P020,1,9600.0,7050,0,Cash
SL0003274,T002238,2026-08-05 07:52:00,P033,1,550.0,450,0,Cash
SL0003275,T002239,2026-08-05 14:16:00,P012,1,9800.0,8800,0,Cash
SL0003276,T002240,2026-08-05 10:10:00,P003,1,7250.0,5200,0,KBZPay
SL0003277,T002241,2026-08-05 07:16:00,P006,1,6750.0,4750,0,Cash
SL0003278,T002242,2026-08-05 14:24:00,P008,1,1450.0,1200,0,Cash
SL0003279,T002243,2026-08-05 12:11:00,P011,1,5600.0,4100,0,KBZPay
SL0003280,T002244,2026-08-05 21:37:00,P012,1,9800.0,8800,0,Cash
SL0003281,T002245,2026-08-05 09:39:00,P038,1,4500.0,3300,0,Cash
SL0003282,T002246,2026-08-05 15:16:00,P002,1,9700.0,7950,0,Cash
SL0003283,T002247,2026-08-05 21:56:00,P030,4,9850.0,8500,0,Cash
SL0003284,T002248,2026-08-05 09:21:00,P040,1,6800.0,5650,0,Cash
SL0003285,T002249,2026-08-05 20:39:00,P036,1,6250.0,4350,0,Cash
SL0003286,T002249,2026-08-05 20:39:00,P015,2,1050.0,750,0,Cash
SL0003287,T002250,2026-08-05 12:06:00,P026,2,8650.0,7250,0,KBZPay
SL0003288,T002251,2026-08-05 13:24:00,P019,2,3050.0,2500,300,Cash
SL0003289,T002252,2026-08-05 13:09:00,P038,1,4500.0,3300,0,KBZPay
SL0003290,T002253,2026-08-05 12:47:00,P024,1,5650.0,4800,0,KBZPay
SL0003291,T002254,2026-08-05 10:11:00,P024,1,5650.0,4800,300,Cash
SL0003292,T002254,2026-08-05 10:11:00,P034,3,6900.0,5900,0,WavePay
SL0003293,T002255,2026-08-05 10:28:00,P002,3,9700.0,7950,0,WavePay
SL0003294,T002255,2026-08-05 10:28:00,P014,1,10450.0,8900,500,Cash
SL0003295,T002256,2026-08-05 17:49:00,P027,1,600.0,500,0,Cash
SL0003296,T002257,2026-08-05 10:08:00,P008,1,1450.0,1200,0,Cash
SL0003297,T002257,2026-08-05 10:08:00,P015,2,1050.0,750,0,Cash
SL0003298,T002258,2026-08-05 10:54:00,P025,1,2450.0,2150,0,Cash
SL0003299,T002259,2026-08-06 21:37:00,P010,1,7200.0,5600,350,Cash
SL0003300,T002259,2026-08-06 21:37:00,P004,1,2300.0,1700,0,Cash
SL0003301,T002260,2026-08-06 14:35:00,P011,1,5600.0,4100,0,KBZPay
SL0003302,T002261,2026-08-06 16:41:00,P003,3,7250.0,5200,0,Cash
SL0003303,T002262,2026-08-06 11:45:00,P024,1,5650.0,4800,0,KBZPay
SL0003304,T002263,2026-08-06 10:14:00,P030,1,9850.0,8500,0,Cash
SL0003305,T002263,2026-08-06 10:14:00,P034,1,6900.0,5900,0,Cash
SL0003306,T002264,2026-08-06 16:04:00,P010,2,7200.0,5600,0,Cash
SL0003307,T002264,2026-08-06 16:04:00,P002,1,9700.0,7950,0,KBZPay
SL0003308,T002265,2026-08-06 10:49:00,P020,1,9600.0,7050,500,Cash
SL0003309,T002265,2026-08-06 10:49:00,P030,1,9850.0,8500,0,Cash
SL0003310,T002266,2026-08-06 07:05:00,P032,1,10850.0,8500,550,Cash
SL0003311,T002266,2026-08-06 07:05:00,P038,1,4500.0,3300,0,Cash
SL0003312,T002266,2026-08-06 07:05:00,P012,1,9800.0,8800,0,Cash
SL0003313,T002267,2026-08-06 12:06:00,P004,1,2300.0,1700,0,Cash
SL0003314,T002268,2026-08-06 10:46:00,P008,1,1450.0,1200,0,Cash
SL0003315,T002268,2026-08-06 10:46:00,P003,1,7250.0,5200,0,Cash
SL0003316,T002269,2026-08-06 20:25:00,P006,2,6750.0,4750,0,Cash
SL0003317,T002269,2026-08-06 20:25:00,P035,4,10250.0,8150,0,Cash
SL0003318,T002270,2026-08-06 15:39:00,P030,3,9850.0,8500,1500,Cash
SL0003319,T002270,2026-08-06 15:39:00,P006,2,6750.0,4750,0,Cash
SL0003320,T002271,2026-08-06 14:16:00,P010,1,7200.0,5600,350,Cash
SL0003321,T002272,2026-08-06 07:50:00,P018,1,11000.0,7950,0,Cash
SL0003322,T002273,2026-08-06 17:51:00,P008,1,1450.0,1200,0,KBZPay
SL0003323,T002273,2026-08-06 17:51:00,P036,1,6250.0,4350,0,Cash
SL0003324,T002273,2026-08-06 17:51:00,P012,2,9800.0,8800,0,Cash
SL0003325,T002274,2026-08-06 16:25:00,P030,1,9850.0,8500,0,Cash
SL0003326,T002275,2026-08-06 07:44:00,P012,1,9800.0,8800,0,Cash
SL0003327,T002276,2026-08-06 08:08:00,P008,1,1450.0,1200,0,Cash
SL0003328,T002277,2026-08-06 16:05:00,P034,1,6900.0,5900,0,Cash
SL0003329,T002277,2026-08-06 16:05:00,P017,1,8050.0,6850,0,Cash
SL0003330,T002278,2026-08-06 11:23:00,P007,1,2750.0,2400,0,Cash
SL0003331,T002279,2026-08-06 10:48:00,P008,1,1450.0,1200,0,Cash
SL0003332,T002280,2026-08-06 10:07:00,P029,3,9250.0,7400,0,Cash
SL0003333,T002281,2026-08-06 17:04:00,P031,1,6800.0,4750,0,KBZPay
SL0003334,T002281,2026-08-06 17:04:00,P038,1,4500.0,3300,0,KBZPay
SL0003335,T002282,2026-08-06 15:38:00,P033,1,550.0,450,0,Cash
SL0003336,T002283,2026-08-06 07:26:00,P015,1,1050.0,750,0,Cash
SL0003337,T002283,2026-08-06 07:26:00,P034,1,6900.0,5900,0,KBZPay
SL0003338,T002283,2026-08-06 07:26:00,P012,2,9800.0,8800,0,KBZPay
SL0003339,T002284,2026-08-06 14:09:00,P004,1,2300.0,1700,0,Cash
SL0003340,T002285,2026-08-06 11:59:00,P011,1,5600.0,4100,300,Cash
SL0003341,T002286,2026-08-06 21:21:00,P035,1,10250.0,8150,0,Cash
SL0003342,T002287,2026-08-06 11:09:00,P039,2,9350.0,7550,0,Cash
SL0003343,T002288,2026-08-06 11:16:00,P013,1,8950.0,6450,0,Cash
SL0003344,T002288,2026-08-06 11:16:00,P003,1,7250.0,5200,0,Cash
SL0003345,T002288,2026-08-06 11:16:00,P018,1,11000.0,7950,0,Cash
SL0003346,T002289,2026-08-06 13:36:00,P034,1,6900.0,5900,0,Cash
SL0003347,T002290,2026-08-06 11:56:00,P034,1,6900.0,5900,0,Cash
SL0003348,T002290,2026-08-06 11:56:00,P008,2,1450.0,1200,0,Cash
SL0003349,T002291,2026-08-06 10:44:00,P005,3,8700.0,6300,0,Cash
SL0003350,T002292,2026-08-06 15:14:00,P014,1,10450.0,8900,0,KBZPay
SL0003351,T002293,2026-08-06 14:41:00,P026,1,8650.0,7250,0,Cash
SL0003352,T002294,2026-08-06 14:25:00,P037,1,4650.0,3300,250,Cash
SL0003353,T002294,2026-08-06 14:25:00,P039,1,9350.0,7550,0,Cash
SL0003354,T002295,2026-08-06 13:49:00,P034,1,6900.0,5900,0,Cash
SL0003355,T002295,2026-08-06 13:49:00,P031,3,6800.0,4750,0,Cash
SL0003356,T002296,2026-08-06 12:41:00,P010,3,7200.0,5600,0,Cash
SL0003357,T002296,2026-08-06 12:41:00,P024,1,5650.0,4800,0,Cash
SL0003358,T002296,2026-08-06 12:41:00,P003,1,7250.0,5200,0,Cash
SL0003359,T002297,2026-08-06 14:02:00,P040,1,6800.0,5650,0,Cash
SL0003360,T002298,2026-08-06 21:15:00,P020,1,9600.0,7050,0,Cash
SL0003361,T002298,2026-08-06 21:15:00,P039,1,9350.0,7550,0,Cash
SL0003362,T002299,2026-08-06 08:04:00,P031,1,6800.0,4750,0,KBZPay
SL0003363,T002300,2026-08-06 13:20:00,P011,2,5600.0,4100,0,Cash
SL0003364,T002300,2026-08-06 13:20:00,P010,3,7200.0,5600,1100,Cash
SL0003365,T002301,2026-08-06 08:50:00,P025,2,2450.0,2150,0,Cash
SL0003366,T002302,2026-08-07 10:29:00,P004,1,2300.0,1700,0,Cash
SL0003367,T002303,2026-08-07 16:07:00,P024,2,5650.0,4800,0,Cash
SL0003368,T002304,2026-08-07 07:52:00,P028,1,950.0,750,0,Cash
SL0003369,T002305,2026-08-07 12:05:00,P010,1,7200.0,5600,0,Cash
SL0003370,T002306,2026-08-07 17:22:00,P006,2,6750.0,4750,0,KBZPay
SL0003371,T002307,2026-08-07 13:46:00,P016,1,10700.0,8500,0,Cash
SL0003372,T002307,2026-08-07 13:46:00,P015,1,1050.0,750,0,Cash
SL0003373,T002307,2026-08-07 13:46:00,P003,1,7250.0,5200,0,Cash
SL0003374,T002308,2026-08-07 10:56:00,P006,1,6750.0,4750,0,KBZPay
SL0003375,T002309,2026-08-07 12:06:00,P033,1,550.0,450,0,Cash
SL0003376,T002310,2026-08-07 19:51:00,P003,1,7250.0,5200,0,KBZPay
SL0003377,T002310,2026-08-07 19:51:00,P015,2,1050.0,750,0,Cash
SL0003378,T002311,2026-08-07 07:12:00,P003,1,7250.0,5200,0,Cash
SL0003379,T002312,2026-08-07 17:49:00,P026,1,8650.0,7250,0,KBZPay
SL0003380,T002312,2026-08-07 17:49:00,P011,2,5600.0,4100,0,Cash
SL0003381,T002313,2026-08-07 13:53:00,P020,2,9600.0,7050,0,Cash
SL0003382,T002313,2026-08-07 13:53:00,P029,1,9250.0,7400,450,Cash
SL0003383,T002313,2026-08-07 13:53:00,P007,4,2750.0,2400,0,Cash
SL0003384,T002314,2026-08-07 11:26:00,P014,1,10450.0,8900,0,KBZPay
SL0003385,T002315,2026-08-07 16:36:00,P026,1,8650.0,7250,0,Cash
SL0003386,T002316,2026-08-07 17:43:00,P030,3,9850.0,8500,1500,KBZPay
SL0003387,T002316,2026-08-07 17:43:00,P020,3,9600.0,7050,0,Cash
SL0003388,T002317,2026-08-07 12:55:00,P018,1,11000.0,7950,0,Cash
SL0003389,T002318,2026-08-07 14:21:00,P038,1,4500.0,3300,0,Cash
SL0003390,T002318,2026-08-07 14:21:00,P006,1,6750.0,4750,0,Cash
SL0003391,T002319,2026-08-07 16:04:00,P005,1,8700.0,6300,0,WavePay
SL0003392,T002319,2026-08-07 16:04:00,P008,3,1450.0,1200,0,WavePay
SL0003393,T002320,2026-08-07 13:33:00,P017,2,8050.0,6850,0,Cash
SL0003394,T002321,2026-08-07 12:09:00,P034,1,6900.0,5900,0,KBZPay
SL0003395,T002322,2026-08-07 15:59:00,P005,2,8700.0,6300,0,Cash
SL0003396,T002323,2026-08-07 07:10:00,P015,1,1050.0,750,0,Cash
SL0003397,T002324,2026-08-07 21:59:00,P018,1,11000.0,7950,0,WavePay
SL0003398,T002324,2026-08-07 21:59:00,P030,1,9850.0,8500,0,Cash
SL0003399,T002325,2026-08-07 17:11:00,P015,1,1050.0,750,0,Cash
SL0003400,T002326,2026-08-07 18:30:00,P008,1,1450.0,1200,0,Cash
SL0003401,T002327,2026-08-07 19:35:00,P008,2,1450.0,1200,0,WavePay
SL0003402,T002328,2026-08-07 18:08:00,P031,1,6800.0,4750,0,Cash
SL0003403,T002328,2026-08-07 18:08:00,P033,1,550.0,450,0,Cash
SL0003404,T002328,2026-08-07 18:08:00,P010,3,7200.0,5600,0,Cash
SL0003405,T002329,2026-08-07 14:26:00,P003,1,7250.0,5200,0,Cash
SL0003406,T002330,2026-08-07 14:36:00,P009,2,9500.0,7150,0,KBZPay
SL0003407,T002331,2026-08-07 12:24:00,P035,1,10250.0,8150,500,Cash
SL0003408,T002332,2026-08-07 21:16:00,P032,1,10850.0,8500,0,Cash
SL0003409,T002333,2026-08-07 17:41:00,P018,1,11000.0,7950,550,Cash
SL0003410,T002333,2026-08-07 17:41:00,P025,1,2450.0,2150,100,Cash
SL0003411,T002333,2026-08-07 17:41:00,P015,1,1050.0,750,0,Cash
SL0003412,T002334,2026-08-07 19:17:00,P021,1,10450.0,8200,500,Cash
SL0003413,T002335,2026-08-07 13:19:00,P020,1,9600.0,7050,0,Cash
SL0003414,T002335,2026-08-07 13:19:00,P016,1,10700.0,8500,0,Cash
SL0003415,T002336,2026-08-07 11:26:00,P009,1,9500.0,7150,0,Cash
SL0003416,T002336,2026-08-07 11:26:00,P026,1,8650.0,7250,0,KBZPay
SL0003417,T002337,2026-08-07 13:22:00,P026,1,8650.0,7250,0,KBZPay
SL0003418,T002337,2026-08-07 13:22:00,P008,1,1450.0,1200,0,WavePay
SL0003419,T002338,2026-08-07 15:21:00,P028,1,950.0,750,0,Cash
SL0003420,T002339,2026-08-07 15:28:00,P033,2,550.0,450,0,Cash
SL0003421,T002340,2026-08-07 14:49:00,P005,1,8700.0,6300,0,Cash
SL0003422,T002341,2026-08-08 18:31:00,P021,1,10450.0,8200,0,Cash
SL0003423,T002342,2026-08-08 11:48:00,P033,1,550.0,450,0,Cash
SL0003424,T002343,2026-08-08 18:19:00,P032,1,10850.0,8500,0,Cash
SL0003425,T002344,2026-08-08 10:52:00,P019,1,3050.0,2500,0,WavePay
SL0003426,T002345,2026-08-08 17:54:00,P026,4,8650.0,7250,0,Cash
SL0003427,T002346,2026-08-08 12:54:00,P034,1,6900.0,5900,0,Cash
SL0003428,T002347,2026-08-08 20:32:00,P007,1,2750.0,2400,0,Cash
SL0003429,T002348,2026-08-08 21:59:00,P033,1,550.0,450,0,Cash
SL0003430,T002349,2026-08-08 18:32:00,P008,1,1450.0,1200,0,Cash
SL0003431,T002350,2026-08-08 12:18:00,P024,1,5650.0,4800,0,KBZPay
SL0003432,T002351,2026-08-08 21:25:00,P018,1,11000.0,7950,0,Cash
SL0003433,T002352,2026-08-08 12:28:00,P039,1,9350.0,7550,0,Cash
SL0003434,T002352,2026-08-08 12:28:00,P021,3,10450.0,8200,0,Cash
SL0003435,T002352,2026-08-08 12:28:00,P031,1,6800.0,4750,0,Cash
SL0003436,T002353,2026-08-08 09:55:00,P015,1,1050.0,750,0,Cash
SL0003437,T002353,2026-08-08 09:55:00,P037,2,4650.0,3300,0,KBZPay
SL0003438,T002354,2026-08-08 11:24:00,P006,2,6750.0,4750,0,WavePay
SL0003439,T002355,2026-08-08 13:05:00,P021,1,10450.0,8200,0,Cash
SL0003440,T002355,2026-08-08 13:05:00,P003,1,7250.0,5200,0,Cash
SL0003441,T002356,2026-08-08 13:17:00,P021,2,10450.0,8200,0,KBZPay
SL0003442,T002357,2026-08-08 17:50:00,P010,2,7200.0,5600,0,Cash
SL0003443,T002358,2026-08-08 16:04:00,P020,1,9600.0,7050,0,Cash
SL0003444,T002358,2026-08-08 16:04:00,P037,1,4650.0,3300,0,KBZPay
SL0003445,T002359,2026-08-08 07:11:00,P013,2,8950.0,6450,900,Cash
SL0003446,T002360,2026-08-08 11:58:00,P003,1,7250.0,5200,0,Cash
SL0003447,T002361,2026-08-08 07:00:00,P024,1,5650.0,4800,0,Cash
SL0003448,T002362,2026-08-08 13:58:00,P025,1,2450.0,2150,0,Cash
SL0003449,T002363,2026-08-08 10:17:00,P037,1,4650.0,3300,0,KBZPay
SL0003450,T002363,2026-08-08 10:17:00,P020,1,9600.0,7050,0,Cash
SL0003451,T002364,2026-08-08 15:04:00,P006,2,6750.0,4750,0,Cash
SL0003452,T002365,2026-08-08 12:42:00,P003,1,7250.0,5200,0,Cash
SL0003453,T002366,2026-08-08 13:31:00,P006,2,6750.0,4750,700,Cash
SL0003454,T002367,2026-08-08 21:31:00,P020,2,9600.0,7050,0,Cash
SL0003455,T002367,2026-08-08 21:31:00,P021,1,10450.0,8200,0,Cash
SL0003456,T002368,2026-08-08 09:17:00,P011,1,5600.0,4100,0,Cash
SL0003457,T002369,2026-08-08 11:01:00,P027,1,600.0,500,0,KBZPay
SL0003458,T002369,2026-08-08 11:01:00,P015,1,1050.0,750,0,Cash
SL0003459,T002370,2026-08-08 11:17:00,P007,3,2750.0,2400,0,Cash
SL0003460,T002371,2026-08-08 18:45:00,P003,1,7250.0,5200,0,Cash
SL0003461,T002371,2026-08-08 18:45:00,P028,2,950.0,750,0,Cash
SL0003462,T002372,2026-08-08 14:20:00,P031,1,6800.0,4750,0,Cash
SL0003463,T002373,2026-08-08 16:55:00,P031,1,6800.0,4750,0,Cash
SL0003464,T002373,2026-08-08 16:55:00,P040,1,6800.0,5650,0,Cash
SL0003465,T002374,2026-08-08 08:54:00,P019,1,3050.0,2500,0,Cash
SL0003466,T002375,2026-08-08 07:17:00,P023,1,7800.0,6250,0,Cash
SL0003467,T002375,2026-08-08 07:17:00,P039,4,9350.0,7550,0,KBZPay
SL0003468,T002376,2026-08-08 17:49:00,P034,1,6900.0,5900,0,Cash
SL0003469,T002377,2026-08-08 18:57:00,P014,1,10450.0,8900,0,Cash
SL0003470,T002378,2026-08-08 19:00:00,P020,1,9600.0,7050,500,Cash
SL0003471,T002378,2026-08-08 19:00:00,P039,1,9350.0,7550,0,Cash
SL0003472,T002379,2026-08-08 14:00:00,P020,1,9600.0,7050,500,Cash
SL0003473,T002379,2026-08-08 14:00:00,P026,1,8650.0,7250,0,KBZPay
SL0003474,T002379,2026-08-08 14:00:00,P027,1,600.0,500,0,Cash
SL0003475,T002380,2026-08-08 18:07:00,P005,1,8700.0,6300,0,KBZPay
SL0003476,T002380,2026-08-08 18:07:00,P010,1,7200.0,5600,0,WavePay
SL0003477,T002381,2026-08-08 11:33:00,P008,1,1450.0,1200,0,Cash
SL0003478,T002381,2026-08-08 11:33:00,P003,4,7250.0,5200,0,WavePay
SL0003479,T002382,2026-08-08 21:47:00,P006,2,6750.0,4750,0,WavePay
SL0003480,T002383,2026-08-08 11:01:00,P034,1,6900.0,5900,350,WavePay
SL0003481,T002384,2026-08-08 16:37:00,P024,1,5650.0,4800,0,Cash
SL0003482,T002385,2026-08-09 11:25:00,P024,1,5650.0,4800,0,Cash
SL0003483,T002386,2026-08-09 17:40:00,P031,2,6800.0,4750,0,Cash
SL0003484,T002387,2026-08-09 17:58:00,P039,1,9350.0,7550,0,Cash
SL0003485,T002388,2026-08-09 10:02:00,P016,1,10700.0,8500,0,WavePay
SL0003486,T002389,2026-08-09 17:41:00,P036,1,6250.0,4350,0,Cash
SL0003487,T002390,2026-08-09 07:28:00,P020,1,9600.0,7050,0,Cash
SL0003488,T002391,2026-08-09 14:47:00,P010,1,7200.0,5600,0,Cash
SL0003489,T002391,2026-08-09 14:47:00,P038,1,4500.0,3300,200,KBZPay
SL0003490,T002392,2026-08-09 09:56:00,P025,2,2450.0,2150,0,KBZPay
SL0003491,T002392,2026-08-09 09:56:00,P008,2,1450.0,1200,0,Cash
SL0003492,T002393,2026-08-09 10:33:00,P039,1,9350.0,7550,0,Cash
SL0003493,T002394,2026-08-09 14:42:00,P027,1,600.0,500,0,Cash
SL0003494,T002395,2026-08-09 17:00:00,P024,2,5650.0,4800,0,Cash
SL0003495,T002396,2026-08-09 10:26:00,P002,1,9700.0,7950,500,WavePay
SL0003496,T002397,2026-08-09 21:13:00,P030,1,9850.0,8500,0,Cash
SL0003497,T002397,2026-08-09 21:13:00,P007,1,2750.0,2400,0,Cash
SL0003498,T002398,2026-08-09 14:21:00,P007,1,2750.0,2400,0,Cash
SL0003499,T002399,2026-08-09 21:25:00,P006,1,6750.0,4750,0,Cash
SL0003500,T002400,2026-08-09 19:08:00,P020,1,9600.0,7050,0,Cash
SL0003501,T002400,2026-08-09 19:08:00,P021,1,10450.0,8200,0,Cash
SL0003502,T002401,2026-08-09 10:46:00,P027,1,600.0,500,0,Cash
SL0003503,T002402,2026-08-09 15:05:00,P006,1,6750.0,4750,0,Cash
SL0003504,T002402,2026-08-09 15:05:00,P025,2,2450.0,2150,0,Cash
SL0003505,T002403,2026-08-09 16:48:00,P006,1,6750.0,4750,0,KBZPay
SL0003506,T002403,2026-08-09 16:48:00,P031,1,6800.0,4750,0,Cash
SL0003507,T002404,2026-08-09 14:08:00,P021,1,10450.0,8200,0,KBZPay
SL0003508,T002405,2026-08-09 16:08:00,P039,1,9350.0,7550,0,WavePay
SL0003509,T002405,2026-08-09 16:08:00,P031,1,6800.0,4750,0,WavePay
SL0003510,T002406,2026-08-09 11:07:00,P012,1,9800.0,8800,0,KBZPay
SL0003511,T002407,2026-08-09 21:47:00,P008,1,1450.0,1200,0,Cash
SL0003512,T002407,2026-08-09 21:47:00,P028,3,950.0,750,0,WavePay
SL0003513,T002407,2026-08-09 21:47:00,P034,1,6900.0,5900,0,WavePay
SL0003514,T002408,2026-08-09 09:47:00,P003,1,7250.0,5200,0,Cash
SL0003515,T002409,2026-08-09 18:48:00,P030,1,9850.0,8500,0,Cash
SL0003516,T002410,2026-08-09 19:03:00,P006,1,6750.0,4750,0,Cash
SL0003517,T002411,2026-08-09 11:47:00,P003,2,7250.0,5200,0,Cash
SL0003518,T002412,2026-08-09 12:27:00,P020,1,9600.0,7050,0,KBZPay
SL0003519,T002413,2026-08-09 10:49:00,P028,1,950.0,750,0,KBZPay
SL0003520,T002414,2026-08-09 13:13:00,P039,1,9350.0,7550,0,KBZPay
SL0003521,T002415,2026-08-09 12:49:00,P010,2,7200.0,5600,0,Cash
SL0003522,T002415,2026-08-09 12:49:00,P007,1,2750.0,2400,0,Cash
SL0003523,T002416,2026-08-09 13:02:00,P015,1,1050.0,750,0,Cash
SL0003524,T002417,2026-08-09 18:46:00,P036,1,6250.0,4350,0,Cash
SL0003525,T002418,2026-08-09 11:21:00,P037,2,4650.0,3300,0,Cash
SL0003526,T002418,2026-08-09 11:21:00,P039,2,9350.0,7550,0,KBZPay
SL0003527,T002419,2026-08-09 19:59:00,P018,1,11000.0,7950,0,Cash
SL0003528,T002419,2026-08-09 19:59:00,P006,1,6750.0,4750,0,WavePay
SL0003529,T002419,2026-08-09 19:59:00,P016,2,10700.0,8500,1050,Cash
SL0003530,T002420,2026-08-09 13:52:00,P015,1,1050.0,750,0,Cash
SL0003531,T002421,2026-08-09 13:15:00,P003,1,7250.0,5200,0,WavePay
SL0003532,T002421,2026-08-09 13:15:00,P015,2,1050.0,750,0,KBZPay
SL0003533,T002422,2026-08-09 16:03:00,P020,1,9600.0,7050,0,Cash
SL0003534,T002422,2026-08-09 16:03:00,P009,1,9500.0,7150,0,KBZPay
SL0003535,T002423,2026-08-09 15:13:00,P004,3,2300.0,1700,0,KBZPay
SL0003536,T002424,2026-08-09 16:49:00,P039,1,9350.0,7550,0,WavePay
SL0003537,T002425,2026-08-09 17:42:00,P015,1,1050.0,750,0,KBZPay
SL0003538,T002426,2026-08-09 12:27:00,P037,1,4650.0,3300,0,WavePay
SL0003539,T002426,2026-08-09 12:27:00,P026,1,8650.0,7250,0,KBZPay
SL0003540,T002427,2026-08-09 13:16:00,P020,1,9600.0,7050,0,Cash
SL0003541,T002428,2026-08-09 10:15:00,P018,1,11000.0,7950,0,Cash
SL0003542,T002429,2026-08-09 19:20:00,P011,1,5600.0,4100,0,KBZPay
SL0003543,T002429,2026-08-09 19:20:00,P002,1,9700.0,7950,0,WavePay
SL0003544,T002430,2026-08-09 20:17:00,P008,1,1450.0,1200,0,Cash
SL0003545,T002431,2026-08-09 14:13:00,P032,1,10850.0,8500,0,WavePay
SL0003546,T002431,2026-08-09 14:13:00,P024,2,5650.0,4800,0,Cash
SL0003547,T002431,2026-08-09 14:13:00,P039,2,9350.0,7550,0,Cash
SL0003548,T002432,2026-08-09 15:12:00,P027,2,600.0,500,0,Cash
SL0003549,T002432,2026-08-09 15:12:00,P024,1,5650.0,4800,0,Cash
SL0003550,T002433,2026-08-10 07:45:00,P034,2,6900.0,5900,700,Cash
SL0003551,T002434,2026-08-10 17:49:00,P020,1,9600.0,7050,0,Cash
SL0003552,T002435,2026-08-10 14:21:00,P008,1,1450.0,1200,0,Cash
SL0003553,T002436,2026-08-10 10:00:00,P037,1,4650.0,3300,0,KBZPay
SL0003554,T002436,2026-08-10 10:00:00,P014,1,10450.0,8900,0,Cash
SL0003555,T002437,2026-08-10 07:00:00,P002,2,9700.0,7950,0,WavePay
SL0003556,T002438,2026-08-10 11:04:00,P030,1,9850.0,8500,0,WavePay
SL0003557,T002438,2026-08-10 11:04:00,P003,2,7250.0,5200,700,KBZPay
SL0003558,T002438,2026-08-10 11:04:00,P012,1,9800.0,8800,0,KBZPay
SL0003559,T002439,2026-08-10 14:29:00,P020,2,9600.0,7050,0,Cash
SL0003560,T002440,2026-08-10 14:53:00,P027,2,600.0,500,0,Cash
SL0003561,T002441,2026-08-10 18:54:00,P020,1,9600.0,7050,0,KBZPay
SL0003562,T002441,2026-08-10 18:54:00,P008,1,1450.0,1200,0,Cash
SL0003563,T002442,2026-08-10 12:11:00,P006,1,6750.0,4750,0,Cash
SL0003564,T002443,2026-08-10 13:12:00,P011,1,5600.0,4100,0,Cash
SL0003565,T002444,2026-08-10 17:06:00,P024,1,5650.0,4800,0,WavePay
SL0003566,T002445,2026-08-10 15:19:00,P030,1,9850.0,8500,0,KBZPay
SL0003567,T002446,2026-08-10 10:28:00,P012,1,9800.0,8800,0,Cash
SL0003568,T002446,2026-08-10 10:28:00,P009,2,9500.0,7150,0,Cash
SL0003569,T002446,2026-08-10 10:28:00,P005,2,8700.0,6300,0,KBZPay
SL0003570,T002447,2026-08-10 20:26:00,P025,1,2450.0,2150,0,Cash
SL0003571,T002448,2026-08-10 11:29:00,P037,1,4650.0,3300,0,Cash
SL0003572,T002449,2026-08-10 13:13:00,P020,1,9600.0,7050,0,WavePay
SL0003573,T002449,2026-08-10 13:13:00,P018,2,11000.0,7950,0,Cash
SL0003574,T002450,2026-08-10 12:18:00,P025,1,2450.0,2150,0,Cash
SL0003575,T002451,2026-08-10 18:24:00,P040,1,6800.0,5650,0,Cash
SL0003576,T002451,2026-08-10 18:24:00,P020,1,9600.0,7050,0,KBZPay
SL0003577,T002451,2026-08-10 18:24:00,P015,1,1050.0,750,0,Cash
SL0003578,T002452,2026-08-10 12:32:00,P026,1,8650.0,7250,0,Cash
SL0003579,T002453,2026-08-10 09:44:00,P030,1,9850.0,8500,0,Cash
SL0003580,T002453,2026-08-10 09:44:00,P013,3,8950.0,6450,0,Cash
SL0003581,T002453,2026-08-10 09:44:00,P031,1,6800.0,4750,0,Cash
SL0003582,T002454,2026-08-10 20:40:00,P016,1,10700.0,8500,0,Cash
SL0003583,T002455,2026-08-10 17:23:00,P018,2,11000.0,7950,0,Cash
SL0003584,T002456,2026-08-10 11:51:00,P039,1,9350.0,7550,0,Cash
SL0003585,T002456,2026-08-10 11:51:00,P008,2,1450.0,1200,0,Cash
SL0003586,T002457,2026-08-11 17:14:00,P038,1,4500.0,3300,0,Cash
SL0003587,T002457,2026-08-11 17:14:00,P008,1,1450.0,1200,0,Cash
SL0003588,T002458,2026-08-11 20:43:00,P028,2,950.0,750,0,Cash
SL0003589,T002459,2026-08-11 16:00:00,P031,2,6800.0,4750,0,Cash
SL0003590,T002459,2026-08-11 16:00:00,P038,1,4500.0,3300,0,Cash
SL0003591,T002460,2026-08-11 15:19:00,P025,3,2450.0,2150,0,Cash
SL0003592,T002460,2026-08-11 15:19:00,P024,1,5650.0,4800,0,Cash
SL0003593,T002461,2026-08-11 21:06:00,P033,2,550.0,450,50,Cash
SL0003594,T002461,2026-08-11 21:06:00,P003,1,7250.0,5200,0,Cash
SL0003595,T002462,2026-08-11 07:02:00,P006,1,6750.0,4750,0,Cash
SL0003596,T002463,2026-08-11 17:12:00,P006,1,6750.0,4750,350,Cash
SL0003597,T002464,2026-08-11 09:27:00,P029,1,9250.0,7400,0,Cash
SL0003598,T002464,2026-08-11 09:27:00,P016,1,10700.0,8500,0,KBZPay
SL0003599,T002465,2026-08-11 09:32:00,P034,1,6900.0,5900,0,Cash
SL0003600,T002466,2026-08-11 20:01:00,P008,1,1450.0,1200,0,Cash
SL0003601,T002466,2026-08-11 20:01:00,P030,3,9850.0,8500,0,Cash
SL0003602,T002466,2026-08-11 20:01:00,P010,1,7200.0,5600,0,WavePay
SL0003603,T002467,2026-08-11 08:04:00,P015,4,1050.0,750,0,Cash
SL0003604,T002467,2026-08-11 08:04:00,P013,1,8950.0,6450,0,Cash
SL0003605,T002467,2026-08-11 08:04:00,P033,1,550.0,450,0,Cash
SL0003606,T002468,2026-08-11 21:53:00,P037,2,4650.0,3300,0,KBZPay
SL0003607,T002469,2026-08-11 15:01:00,P026,1,8650.0,7250,0,WavePay
SL0003608,T002470,2026-08-11 11:44:00,P033,1,550.0,450,0,Cash
SL0003609,T002471,2026-08-11 16:33:00,P023,1,7800.0,6250,0,Cash
SL0003610,T002472,2026-08-11 07:19:00,P014,1,10450.0,8900,0,Cash
SL0003611,T002473,2026-08-11 17:25:00,P038,1,4500.0,3300,0,WavePay
SL0003612,T002473,2026-08-11 17:25:00,P020,1,9600.0,7050,0,Cash
SL0003613,T002473,2026-08-11 17:25:00,P034,1,6900.0,5900,0,KBZPay
SL0003614,T002474,2026-08-11 15:31:00,P007,1,2750.0,2400,0,Cash
SL0003615,T002475,2026-08-11 15:47:00,P039,1,9350.0,7550,450,Cash
SL0003616,T002476,2026-08-11 08:23:00,P006,1,6750.0,4750,0,Cash
SL0003617,T002477,2026-08-11 07:22:00,P024,2,5650.0,4800,0,Cash
SL0003618,T002478,2026-08-11 21:13:00,P015,2,1050.0,750,0,KBZPay
SL0003619,T002479,2026-08-11 17:28:00,P024,1,5650.0,4800,0,Cash
SL0003620,T002479,2026-08-11 17:28:00,P009,1,9500.0,7150,0,Cash
SL0003621,T002480,2026-08-11 15:16:00,P016,1,10700.0,8500,550,Cash
SL0003622,T002481,2026-08-11 14:48:00,P034,1,6900.0,5900,350,Cash
SL0003623,T002482,2026-08-11 11:49:00,P010,2,7200.0,5600,0,KBZPay
SL0003624,T002483,2026-08-11 15:06:00,P005,1,8700.0,6300,0,Cash
SL0003625,T002483,2026-08-11 15:06:00,P028,1,950.0,750,0,Cash
SL0003626,T002483,2026-08-11 15:06:00,P020,1,9600.0,7050,0,Cash
SL0003627,T002484,2026-08-11 18:57:00,P016,1,10700.0,8500,0,Cash
SL0003628,T002484,2026-08-11 18:57:00,P003,1,7250.0,5200,0,Cash
SL0003629,T002485,2026-08-11 11:27:00,P023,2,7800.0,6250,0,Cash
SL0003630,T002486,2026-08-11 20:04:00,P035,3,10250.0,8150,1550,KBZPay
SL0003631,T002486,2026-08-11 20:04:00,P014,2,10450.0,8900,0,Cash
SL0003632,T002486,2026-08-11 20:04:00,P021,2,10450.0,8200,0,KBZPay
SL0003633,T002487,2026-08-11 21:13:00,P003,1,7250.0,5200,350,KBZPay
SL0003634,T002488,2026-08-11 20:04:00,P030,1,9850.0,8500,0,WavePay
SL0003635,T002488,2026-08-11 20:04:00,P014,1,10450.0,8900,0,Cash
SL0003636,T002489,2026-08-11 17:13:00,P035,1,10250.0,8150,0,Cash
SL0003637,T002490,2026-08-11 07:42:00,P024,1,5650.0,4800,0,WavePay
SL0003638,T002491,2026-08-11 16:22:00,P002,3,9700.0,7950,0,Cash
SL0003639,T002491,2026-08-11 16:22:00,P026,1,8650.0,7250,0,KBZPay
SL0003640,T002492,2026-08-12 07:30:00,P030,1,9850.0,8500,0,Cash
SL0003641,T002493,2026-08-12 14:46:00,P015,1,1050.0,750,0,WavePay
SL0003642,T002493,2026-08-12 14:46:00,P035,1,10250.0,8150,0,KBZPay
SL0003643,T002494,2026-08-12 09:53:00,P014,1,10450.0,8900,0,Cash
SL0003644,T002495,2026-08-12 20:10:00,P024,1,5650.0,4800,0,Cash
SL0003645,T002495,2026-08-12 20:10:00,P015,1,1050.0,750,50,Cash
SL0003646,T002496,2026-08-12 09:05:00,P011,1,5600.0,4100,0,Cash
SL0003647,T002497,2026-08-12 15:26:00,P025,3,2450.0,2150,0,Cash
SL0003648,T002497,2026-08-12 15:26:00,P015,1,1050.0,750,0,Cash
SL0003649,T002498,2026-08-12 16:44:00,P033,2,550.0,450,0,Cash
SL0003650,T002499,2026-08-12 14:56:00,P020,1,9600.0,7050,0,WavePay
SL0003651,T002499,2026-08-12 14:56:00,P012,1,9800.0,8800,0,WavePay
SL0003652,T002499,2026-08-12 14:56:00,P018,2,11000.0,7950,0,Cash
SL0003653,T002500,2026-08-12 13:44:00,P038,3,4500.0,3300,0,Cash
SL0003654,T002501,2026-08-12 11:15:00,P020,1,9600.0,7050,0,KBZPay
SL0003655,T002501,2026-08-12 11:15:00,P008,1,1450.0,1200,0,KBZPay
SL0003656,T002502,2026-08-12 14:14:00,P034,1,6900.0,5900,0,Cash
SL0003657,T002503,2026-08-12 18:14:00,P037,1,4650.0,3300,0,Cash
SL0003658,T002504,2026-08-12 17:17:00,P011,1,5600.0,4100,0,Cash
SL0003659,T002504,2026-08-12 17:17:00,P008,1,1450.0,1200,0,WavePay
SL0003660,T002505,2026-08-12 15:21:00,P005,1,8700.0,6300,0,Cash
SL0003661,T002506,2026-08-12 09:12:00,P025,4,2450.0,2150,0,WavePay
SL0003662,T002507,2026-08-12 15:42:00,P002,1,9700.0,7950,500,Cash
SL0003663,T002507,2026-08-12 15:42:00,P022,1,8800.0,7450,0,Cash
SL0003664,T002507,2026-08-12 15:42:00,P014,1,10450.0,8900,0,Cash
SL0003665,T002508,2026-08-12 08:10:00,P032,2,10850.0,8500,0,Cash
SL0003666,T002509,2026-08-12 08:25:00,P015,1,1050.0,750,0,KBZPay
SL0003667,T002510,2026-08-12 14:47:00,P034,2,6900.0,5900,0,Cash
SL0003668,T002510,2026-08-12 14:47:00,P026,1,8650.0,7250,0,KBZPay
SL0003669,T002511,2026-08-12 12:44:00,P020,2,9600.0,7050,0,Cash
SL0003670,T002512,2026-08-12 14:01:00,P037,2,4650.0,3300,0,KBZPay
SL0003671,T002513,2026-08-12 07:59:00,P032,2,10850.0,8500,0,Cash
SL0003672,T002514,2026-08-12 16:25:00,P038,2,4500.0,3300,0,Cash
SL0003673,T002514,2026-08-12 16:25:00,P028,1,950.0,750,0,Cash
SL0003674,T002515,2026-08-12 20:53:00,P033,3,550.0,450,0,Cash
SL0003675,T002515,2026-08-12 20:53:00,P009,2,9500.0,7150,0,Cash
SL0003676,T002516,2026-08-12 11:43:00,P025,1,2450.0,2150,0,Cash
SL0003677,T002517,2026-08-12 13:47:00,P014,1,10450.0,8900,0,WavePay
SL0003678,T002517,2026-08-12 13:47:00,P024,1,5650.0,4800,0,Cash
SL0003679,T002518,2026-08-12 07:08:00,P008,1,1450.0,1200,50,Cash
SL0003680,T002519,2026-08-12 07:31:00,P026,1,8650.0,7250,0,Cash
SL0003681,T002519,2026-08-12 07:31:00,P004,2,2300.0,1700,0,WavePay
SL0003682,T002519,2026-08-12 07:31:00,P032,1,10850.0,8500,0,Cash
SL0003683,T002520,2026-08-12 16:30:00,P018,1,11000.0,7950,550,Cash
SL0003684,T002521,2026-08-12 19:57:00,P014,2,10450.0,8900,0,KBZPay
SL0003685,T002521,2026-08-12 19:57:00,P003,1,7250.0,5200,0,KBZPay
SL0003686,T002522,2026-08-12 09:59:00,P011,2,5600.0,4100,0,Cash
SL0003687,T002522,2026-08-12 09:59:00,P009,2,9500.0,7150,0,WavePay
SL0003688,T002523,2026-08-12 07:02:00,P028,1,950.0,750,0,Cash
SL0003689,T002523,2026-08-12 07:02:00,P017,1,8050.0,6850,0,KBZPay
SL0003690,T002524,2026-08-12 13:57:00,P021,1,10450.0,8200,0,Cash
SL0003691,T002525,2026-08-12 08:52:00,P015,1,1050.0,750,0,Cash
SL0003692,T002526,2026-08-12 07:35:00,P020,1,9600.0,7050,0,Cash
SL0003693,T002527,2026-08-13 10:48:00,P037,1,4650.0,3300,0,Cash
SL0003694,T002527,2026-08-13 10:48:00,P027,1,600.0,500,0,WavePay
SL0003695,T002528,2026-08-13 14:33:00,P037,2,4650.0,3300,0,Cash
SL0003696,T002529,2026-08-13 16:40:00,P039,1,9350.0,7550,0,Cash
SL0003697,T002530,2026-08-13 13:09:00,P031,1,6800.0,4750,0,Cash
SL0003698,T002531,2026-08-13 09:46:00,P018,3,11000.0,7950,1650,WavePay
SL0003699,T002531,2026-08-13 09:46:00,P004,1,2300.0,1700,0,Cash
SL0003700,T002532,2026-08-13 17:09:00,P020,1,9600.0,7050,0,Cash
SL0003701,T002532,2026-08-13 17:09:00,P031,1,6800.0,4750,0,Cash
SL0003702,T002532,2026-08-13 17:09:00,P008,2,1450.0,1200,0,Cash
SL0003703,T002533,2026-08-13 07:51:00,P005,1,8700.0,6300,0,Cash
SL0003704,T002534,2026-08-13 13:21:00,P020,1,9600.0,7050,0,WavePay
SL0003705,T002534,2026-08-13 13:21:00,P033,1,550.0,450,0,KBZPay
SL0003706,T002535,2026-08-13 18:45:00,P003,2,7250.0,5200,0,Cash
SL0003707,T002536,2026-08-13 09:14:00,P014,1,10450.0,8900,0,Cash
SL0003708,T002536,2026-08-13 09:14:00,P024,1,5650.0,4800,0,Cash
SL0003709,T002537,2026-08-13 14:27:00,P033,1,550.0,450,0,KBZPay
SL0003710,T002538,2026-08-13 17:03:00,P008,1,1450.0,1200,0,Cash
SL0003711,T002539,2026-08-13 18:01:00,P037,1,4650.0,3300,0,WavePay
SL0003712,T002540,2026-08-13 10:30:00,P003,1,7250.0,5200,0,WavePay
SL0003713,T002540,2026-08-13 10:30:00,P020,3,9600.0,7050,0,Cash
SL0003714,T002541,2026-08-13 15:21:00,P012,1,9800.0,8800,0,Cash
SL0003715,T002541,2026-08-13 15:21:00,P005,1,8700.0,6300,0,Cash
SL0003716,T002542,2026-08-13 16:28:00,P037,1,4650.0,3300,0,Cash
SL0003717,T002543,2026-08-13 14:36:00,P018,1,11000.0,7950,0,Cash
SL0003718,T002544,2026-08-13 17:15:00,P033,1,550.0,450,0,WavePay
SL0003719,T002545,2026-08-13 14:23:00,P020,1,9600.0,7050,0,Cash
SL0003720,T002546,2026-08-13 15:43:00,P019,1,3050.0,2500,0,WavePay
SL0003721,T002546,2026-08-13 15:43:00,P029,2,9250.0,7400,900,Cash
SL0003722,T002547,2026-08-13 08:37:00,P002,1,9700.0,7950,0,WavePay
SL0003723,T002548,2026-08-13 09:26:00,P015,1,1050.0,750,0,Cash
SL0003724,T002549,2026-08-13 11:39:00,P019,1,3050.0,2500,150,KBZPay
SL0003725,T002550,2026-08-13 09:54:00,P010,1,7200.0,5600,350,WavePay
SL0003726,T002551,2026-08-13 12:57:00,P032,1,10850.0,8500,0,Cash
SL0003727,T002551,2026-08-13 12:57:00,P005,1,8700.0,6300,0,Cash
SL0003728,T002552,2026-08-13 12:29:00,P003,1,7250.0,5200,0,Cash
SL0003729,T002552,2026-08-13 12:29:00,P006,1,6750.0,4750,0,Cash
SL0003730,T002553,2026-08-13 18:02:00,P037,1,4650.0,3300,0,Cash
SL0003731,T002554,2026-08-13 13:38:00,P039,3,9350.0,7550,0,Cash
SL0003732,T002555,2026-08-13 20:59:00,P031,1,6800.0,4750,0,KBZPay
SL0003733,T002555,2026-08-13 20:59:00,P004,1,2300.0,1700,100,Cash
SL0003734,T002555,2026-08-13 20:59:00,P020,2,9600.0,7050,0,Cash
SL0003735,T002556,2026-08-13 19:37:00,P011,1,5600.0,4100,0,WavePay
SL0003736,T002557,2026-08-14 14:37:00,P030,1,9850.0,8500,0,KBZPay
SL0003737,T002558,2026-08-14 13:39:00,P003,1,7250.0,5200,0,KBZPay
SL0003738,T002559,2026-08-14 11:15:00,P002,3,9700.0,7950,0,Cash
SL0003739,T002560,2026-08-14 18:55:00,P012,1,9800.0,8800,0,WavePay
SL0003740,T002561,2026-08-14 07:11:00,P014,1,10450.0,8900,0,Cash
SL0003741,T002562,2026-08-14 17:09:00,P039,1,9350.0,7550,0,KBZPay
SL0003742,T002562,2026-08-14 17:09:00,P024,3,5650.0,4800,0,KBZPay
SL0003743,T002563,2026-08-14 19:13:00,P021,1,10450.0,8200,500,Cash
SL0003744,T002564,2026-08-14 15:13:00,P024,2,5650.0,4800,0,Cash
SL0003745,T002564,2026-08-14 15:13:00,P034,2,6900.0,5900,0,Cash
SL0003746,T002565,2026-08-14 10:14:00,P010,1,7200.0,5600,0,Cash
SL0003747,T002566,2026-08-14 16:35:00,P039,2,9350.0,7550,0,Cash
SL0003748,T002566,2026-08-14 16:35:00,P006,2,6750.0,4750,0,Cash
SL0003749,T002567,2026-08-14 19:25:00,P015,1,1050.0,750,0,Cash
SL0003750,T002568,2026-08-14 21:07:00,P030,1,9850.0,8500,0,Cash
SL0003751,T002568,2026-08-14 21:07:00,P015,1,1050.0,750,0,KBZPay
SL0003752,T002568,2026-08-14 21:07:00,P024,1,5650.0,4800,0,Cash
SL0003753,T002569,2026-08-14 12:34:00,P030,1,9850.0,8500,500,KBZPay
SL0003754,T002570,2026-08-14 14:12:00,P024,1,5650.0,4800,0,Cash
SL0003755,T002571,2026-08-14 12:21:00,P002,1,9700.0,7950,0,Cash
SL0003756,T002572,2026-08-14 13:03:00,P027,1,600.0,500,0,Cash
SL0003757,T002573,2026-08-14 09:58:00,P003,1,7250.0,5200,0,Cash
SL0003758,T002574,2026-08-14 09:34:00,P024,1,5650.0,4800,0,WavePay
SL0003759,T002574,2026-08-14 09:34:00,P018,1,11000.0,7950,0,KBZPay
SL0003760,T002575,2026-08-14 09:44:00,P020,1,9600.0,7050,0,Cash
SL0003761,T002576,2026-08-14 19:13:00,P001,1,9400.0,7950,0,Cash
SL0003762,T002577,2026-08-14 13:18:00,P033,2,550.0,450,0,Cash
SL0003763,T002578,2026-08-14 11:52:00,P033,1,550.0,450,0,WavePay
SL0003764,T002579,2026-08-14 11:53:00,P020,1,9600.0,7050,0,KBZPay
SL0003765,T002580,2026-08-14 12:10:00,P039,1,9350.0,7550,0,KBZPay
SL0003766,T002581,2026-08-14 17:32:00,P014,1,10450.0,8900,0,KBZPay
SL0003767,T002582,2026-08-14 12:29:00,P003,1,7250.0,5200,0,WavePay
SL0003768,T002582,2026-08-14 12:29:00,P026,1,8650.0,7250,0,Cash
SL0003769,T002583,2026-08-14 10:02:00,P016,2,10700.0,8500,0,Cash
SL0003770,T002583,2026-08-14 10:02:00,P003,1,7250.0,5200,350,Cash
SL0003771,T002584,2026-08-15 08:31:00,P003,2,7250.0,5200,0,Cash
SL0003772,T002584,2026-08-15 08:31:00,P020,1,9600.0,7050,0,KBZPay
SL0003773,T002585,2026-08-15 16:31:00,P039,2,9350.0,7550,0,Cash
SL0003774,T002585,2026-08-15 16:31:00,P018,1,11000.0,7950,0,Cash
SL0003775,T002585,2026-08-15 16:31:00,P021,2,10450.0,8200,0,WavePay
SL0003776,T002586,2026-08-15 10:23:00,P033,1,550.0,450,0,Cash
SL0003777,T002587,2026-08-15 11:14:00,P008,2,1450.0,1200,0,Cash
SL0003778,T002588,2026-08-15 11:01:00,P036,1,6250.0,4350,0,Cash
SL0003779,T002589,2026-08-15 11:57:00,P034,1,6900.0,5900,0,Cash
SL0003780,T002590,2026-08-15 09:15:00,P037,3,4650.0,3300,0,Cash
SL0003781,T002591,2026-08-15 18:15:00,P038,1,4500.0,3300,0,Cash
SL0003782,T002592,2026-08-15 17:11:00,P020,1,9600.0,7050,500,WavePay
SL0003783,T002593,2026-08-15 15:18:00,P016,1,10700.0,8500,0,KBZPay
SL0003784,T002594,2026-08-15 11:51:00,P028,2,950.0,750,100,Cash
SL0003785,T002595,2026-08-15 13:15:00,P038,1,4500.0,3300,0,Cash
SL0003786,T002596,2026-08-15 10:45:00,P011,2,5600.0,4100,0,Cash
SL0003787,T002597,2026-08-15 19:18:00,P020,1,9600.0,7050,0,Cash
SL0003788,T002598,2026-08-15 12:44:00,P015,3,1050.0,750,0,Cash
SL0003789,T002598,2026-08-15 12:44:00,P008,4,1450.0,1200,0,Cash
SL0003790,T002598,2026-08-15 12:44:00,P039,3,9350.0,7550,0,Cash
SL0003791,T002599,2026-08-15 10:38:00,P018,1,11000.0,7950,0,Cash
SL0003792,T002599,2026-08-15 10:38:00,P027,1,600.0,500,0,Cash
SL0003793,T002600,2026-08-15 12:57:00,P003,1,7250.0,5200,0,WavePay
SL0003794,T002601,2026-08-15 12:26:00,P033,1,550.0,450,0,WavePay
SL0003795,T002602,2026-08-15 14:36:00,P004,1,2300.0,1700,0,Cash
SL0003796,T002603,2026-08-15 13:27:00,P005,1,8700.0,6300,0,Cash
SL0003797,T002603,2026-08-15 13:27:00,P022,1,8800.0,7450,0,Cash
SL0003798,T002604,2026-08-15 18:38:00,P011,2,5600.0,4100,0,KBZPay
SL0003799,T002604,2026-08-15 18:38:00,P033,3,550.0,450,0,Cash
SL0003800,T002605,2026-08-15 11:05:00,P034,2,6900.0,5900,0,Cash
SL0003801,T002605,2026-08-15 11:05:00,P024,1,5650.0,4800,0,KBZPay
SL0003802,T002606,2026-08-15 10:18:00,P037,1,4650.0,3300,0,Cash
SL0003803,T002606,2026-08-15 10:18:00,P026,2,8650.0,7250,0,KBZPay
SL0003804,T002607,2026-08-15 10:10:00,P012,1,9800.0,8800,0,Cash
SL0003805,T002608,2026-08-15 11:13:00,P038,1,4500.0,3300,0,Cash
SL0003806,T002609,2026-08-15 19:53:00,P033,1,550.0,450,0,Cash
SL0003807,T002610,2026-08-15 14:25:00,P033,2,550.0,450,50,KBZPay
SL0003808,T002610,2026-08-15 14:25:00,P038,1,4500.0,3300,0,Cash
SL0003809,T002610,2026-08-15 14:25:00,P016,1,10700.0,8500,0,Cash
SL0003810,T002611,2026-08-15 09:28:00,P010,1,7200.0,5600,0,Cash
SL0003811,T002611,2026-08-15 09:28:00,P012,1,9800.0,8800,0,Cash
SL0003812,T002611,2026-08-15 09:28:00,P004,2,2300.0,1700,0,Cash
SL0003813,T002612,2026-08-15 14:23:00,P024,2,5650.0,4800,0,Cash
SL0003814,T002613,2026-08-15 18:51:00,P006,1,6750.0,4750,0,Cash
SL0003815,T002614,2026-08-15 08:06:00,P018,3,11000.0,7950,0,Cash
SL0003816,T002615,2026-08-15 08:36:00,P002,2,9700.0,7950,0,Cash
SL0003817,T002616,2026-08-15 10:00:00,P008,2,1450.0,1200,150,KBZPay
SL0003818,T002617,2026-08-15 17:04:00,P034,1,6900.0,5900,0,WavePay
SL0003819,T002618,2026-08-15 20:16:00,P022,1,8800.0,7450,0,WavePay
SL0003820,T002619,2026-08-15 21:15:00,P035,1,10250.0,8150,500,Cash
SL0003821,T002620,2026-08-16 21:07:00,P016,1,10700.0,8500,550,Cash
SL0003822,T002621,2026-08-16 10:03:00,P031,2,6800.0,4750,0,Cash
SL0003823,T002622,2026-08-16 11:59:00,P017,1,8050.0,6850,0,WavePay
SL0003824,T002622,2026-08-16 11:59:00,P032,1,10850.0,8500,0,WavePay
SL0003825,T002623,2026-08-16 15:11:00,P020,1,9600.0,7050,0,Cash
SL0003826,T002624,2026-08-16 09:40:00,P010,1,7200.0,5600,0,WavePay
SL0003827,T002624,2026-08-16 09:40:00,P004,1,2300.0,1700,0,Cash
SL0003828,T002624,2026-08-16 09:40:00,P026,1,8650.0,7250,0,Cash
SL0003829,T002625,2026-08-16 17:25:00,P028,1,950.0,750,0,Cash
SL0003830,T002626,2026-08-16 08:20:00,P009,1,9500.0,7150,0,Cash
SL0003831,T002626,2026-08-16 08:20:00,P015,2,1050.0,750,0,KBZPay
SL0003832,T002626,2026-08-16 08:20:00,P002,1,9700.0,7950,0,Cash
SL0003833,T002627,2026-08-16 09:28:00,P011,2,5600.0,4100,0,Cash
SL0003834,T002628,2026-08-16 17:49:00,P019,1,3050.0,2500,0,Cash
SL0003835,T002629,2026-08-16 14:29:00,P008,1,1450.0,1200,0,Cash
SL0003836,T002630,2026-08-16 15:52:00,P018,1,11000.0,7950,550,Cash
SL0003837,T002630,2026-08-16 15:52:00,P022,1,8800.0,7450,0,Cash
SL0003838,T002631,2026-08-16 15:26:00,P015,1,1050.0,750,0,KBZPay
SL0003839,T002632,2026-08-16 17:04:00,P013,3,8950.0,6450,0,Cash
SL0003840,T002633,2026-08-16 11:00:00,P027,1,600.0,500,0,Cash
SL0003841,T002633,2026-08-16 11:00:00,P038,1,4500.0,3300,0,KBZPay
SL0003842,T002634,2026-08-16 07:16:00,P008,1,1450.0,1200,0,Cash
SL0003843,T002634,2026-08-16 07:16:00,P034,1,6900.0,5900,0,Cash
SL0003844,T002635,2026-08-16 11:59:00,P025,1,2450.0,2150,0,KBZPay
SL0003845,T002635,2026-08-16 11:59:00,P027,1,600.0,500,0,Cash
SL0003846,T002635,2026-08-16 11:59:00,P024,2,5650.0,4800,0,WavePay
SL0003847,T002636,2026-08-16 12:25:00,P037,1,4650.0,3300,0,WavePay
SL0003848,T002637,2026-08-16 19:00:00,P031,1,6800.0,4750,0,KBZPay
SL0003849,T002638,2026-08-16 11:02:00,P030,1,9850.0,8500,0,Cash
SL0003850,T002638,2026-08-16 11:02:00,P020,1,9600.0,7050,0,KBZPay
SL0003851,T002639,2026-08-16 16:10:00,P038,2,4500.0,3300,0,WavePay
SL0003852,T002639,2026-08-16 16:10:00,P039,1,9350.0,7550,0,Cash
SL0003853,T002639,2026-08-16 16:10:00,P018,1,11000.0,7950,0,WavePay
SL0003854,T002640,2026-08-16 13:15:00,P020,1,9600.0,7050,0,Cash
SL0003855,T002641,2026-08-16 10:46:00,P015,2,1050.0,750,0,KBZPay
SL0003856,T002642,2026-08-16 08:10:00,P039,1,9350.0,7550,0,KBZPay
SL0003857,T002643,2026-08-16 15:19:00,P032,1,10850.0,8500,0,WavePay
SL0003858,T002644,2026-08-16 16:14:00,P006,1,6750.0,4750,0,Cash
SL0003859,T002644,2026-08-16 16:14:00,P005,1,8700.0,6300,0,Cash
SL0003860,T002645,2026-08-16 12:31:00,P033,1,550.0,450,0,Cash
SL0003861,T002646,2026-08-16 07:18:00,P010,1,7200.0,5600,0,Cash
SL0003862,T002647,2026-08-16 13:19:00,P005,1,8700.0,6300,450,Cash
SL0003863,T002648,2026-08-16 10:46:00,P025,3,2450.0,2150,0,Cash
SL0003864,T002649,2026-08-16 12:42:00,P011,1,5600.0,4100,0,Cash
SL0003865,T002649,2026-08-16 12:42:00,P016,1,10700.0,8500,0,WavePay
SL0003866,T002649,2026-08-16 12:42:00,P015,1,1050.0,750,0,WavePay
SL0003867,T002650,2026-08-16 16:55:00,P038,1,4500.0,3300,0,Cash
SL0003868,T002650,2026-08-16 16:55:00,P003,1,7250.0,5200,0,Cash
SL0003869,T002650,2026-08-16 16:55:00,P009,1,9500.0,7150,0,KBZPay
SL0003870,T002651,2026-08-16 21:14:00,P038,1,4500.0,3300,0,KBZPay
SL0003871,T002652,2026-08-16 13:06:00,P033,4,550.0,450,0,KBZPay
SL0003872,T002652,2026-08-16 13:06:00,P039,1,9350.0,7550,0,Cash
SL0003873,T002653,2026-08-16 11:04:00,P008,1,1450.0,1200,0,Cash
SL0003874,T002654,2026-08-16 14:33:00,P031,2,6800.0,4750,700,KBZPay
SL0003875,T002654,2026-08-16 14:33:00,P034,2,6900.0,5900,0,Cash
SL0003876,T002655,2026-08-17 18:52:00,P003,3,7250.0,5200,0,KBZPay
SL0003877,T002655,2026-08-17 18:52:00,P002,2,9700.0,7950,0,Cash
SL0003878,T002655,2026-08-17 18:52:00,P020,1,9600.0,7050,0,Cash
SL0003879,T002656,2026-08-17 15:54:00,P040,1,6800.0,5650,0,Cash
SL0003880,T002657,2026-08-17 13:35:00,P036,1,6250.0,4350,0,KBZPay
SL0003881,T002658,2026-08-17 14:58:00,P015,3,1050.0,750,0,Cash
SL0003882,T002659,2026-08-17 13:23:00,P039,1,9350.0,7550,0,Cash
SL0003883,T002659,2026-08-17 13:23:00,P025,1,2450.0,2150,100,Cash
SL0003884,T002660,2026-08-17 10:35:00,P008,1,1450.0,1200,0,Cash
SL0003885,T002661,2026-08-17 14:09:00,P011,1,5600.0,4100,0,KBZPay
SL0003886,T002662,2026-08-17 12:27:00,P017,1,8050.0,6850,0,Cash
SL0003887,T002662,2026-08-17 12:27:00,P027,2,600.0,500,0,Cash
SL0003888,T002663,2026-08-17 09:17:00,P006,2,6750.0,4750,0,KBZPay
SL0003889,T002664,2026-08-17 07:46:00,P038,2,4500.0,3300,0,Cash
SL0003890,T002664,2026-08-17 07:46:00,P037,3,4650.0,3300,0,Cash
SL0003891,T002665,2026-08-17 07:54:00,P006,1,6750.0,4750,0,Cash
SL0003892,T002665,2026-08-17 07:54:00,P010,3,7200.0,5600,0,Cash
SL0003893,T002665,2026-08-17 07:54:00,P016,1,10700.0,8500,0,Cash
SL0003894,T002666,2026-08-17 07:04:00,P033,1,550.0,450,0,Cash
SL0003895,T002667,2026-08-17 17:11:00,P034,1,6900.0,5900,350,Cash
SL0003896,T002667,2026-08-17 17:11:00,P013,1,8950.0,6450,0,Cash
SL0003897,T002668,2026-08-17 10:04:00,P034,1,6900.0,5900,0,Cash
SL0003898,T002669,2026-08-17 12:10:00,P034,4,6900.0,5900,0,Cash
SL0003899,T002670,2026-08-17 16:55:00,P038,1,4500.0,3300,0,KBZPay
SL0003900,T002670,2026-08-17 16:55:00,P030,1,9850.0,8500,0,Cash
SL0003901,T002671,2026-08-17 19:38:00,P039,1,9350.0,7550,0,KBZPay
SL0003902,T002672,2026-08-17 15:08:00,P020,1,9600.0,7050,0,Cash
SL0003903,T002673,2026-08-17 11:48:00,P020,1,9600.0,7050,0,Cash
SL0003904,T002673,2026-08-17 11:48:00,P025,2,2450.0,2150,0,Cash
SL0003905,T002674,2026-08-17 07:56:00,P034,2,6900.0,5900,0,KBZPay
SL0003906,T002675,2026-08-17 21:01:00,P039,1,9350.0,7550,0,Cash
SL0003907,T002676,2026-08-17 12:27:00,P002,2,9700.0,7950,0,Cash
SL0003908,T002677,2026-08-17 13:44:00,P026,1,8650.0,7250,0,KBZPay
SL0003909,T002678,2026-08-17 11:02:00,P027,2,600.0,500,0,KBZPay
SL0003910,T002679,2026-08-17 11:23:00,P009,1,9500.0,7150,0,KBZPay
SL0003911,T002680,2026-08-17 15:14:00,P030,1,9850.0,8500,0,Cash
SL0003912,T002680,2026-08-17 15:14:00,P033,2,550.0,450,0,KBZPay
SL0003913,T002681,2026-08-17 12:12:00,P024,3,5650.0,4800,0,WavePay
SL0003914,T002682,2026-08-17 16:02:00,P016,1,10700.0,8500,0,WavePay
SL0003915,T002682,2026-08-17 16:02:00,P006,1,6750.0,4750,0,Cash
SL0003916,T002683,2026-08-17 15:02:00,P024,1,5650.0,4800,0,Cash
SL0003917,T002684,2026-08-17 07:52:00,P012,1,9800.0,8800,0,KBZPay
SL0003918,T002685,2026-08-17 19:28:00,P015,1,1050.0,750,0,KBZPay
SL0003919,T002685,2026-08-17 19:28:00,P008,1,1450.0,1200,0,KBZPay
SL0003920,T002686,2026-08-17 10:10:00,P031,1,6800.0,4750,0,WavePay
SL0003921,T002687,2026-08-17 16:21:00,P037,1,4650.0,3300,0,Cash
SL0003922,T002688,2026-08-17 13:44:00,P008,2,1450.0,1200,0,Cash
SL0003923,T002689,2026-08-17 07:39:00,P033,1,550.0,450,0,Cash
SL0003924,T002690,2026-08-17 14:10:00,P034,1,6900.0,5900,350,Cash
SL0003925,T002691,2026-08-17 13:30:00,P005,1,8700.0,6300,0,KBZPay
SL0003926,T002691,2026-08-17 13:30:00,P034,2,6900.0,5900,0,Cash
SL0003927,T002691,2026-08-17 13:30:00,P021,1,10450.0,8200,0,Cash
SL0003928,T002692,2026-08-17 10:56:00,P034,3,6900.0,5900,0,KBZPay
SL0003929,T002693,2026-08-17 21:36:00,P024,1,5650.0,4800,0,Cash
SL0003930,T002693,2026-08-17 21:36:00,P021,1,10450.0,8200,0,Cash
SL0003931,T002694,2026-08-17 16:51:00,P018,2,11000.0,7950,0,KBZPay
SL0003932,T002695,2026-08-17 18:57:00,P036,3,6250.0,4350,0,KBZPay
SL0003933,T002696,2026-08-17 19:31:00,P005,3,8700.0,6300,0,KBZPay
SL0003934,T002697,2026-08-17 19:52:00,P011,1,5600.0,4100,0,Cash
SL0003935,T002698,2026-08-17 16:03:00,P011,2,5600.0,4100,0,Cash
SL0003936,T002699,2026-08-17 12:01:00,P008,1,1450.0,1200,0,Cash
SL0003937,T002699,2026-08-17 12:01:00,P027,1,600.0,500,0,Cash
SL0003938,T002699,2026-08-17 12:01:00,P024,4,5650.0,4800,0,Cash
SL0003939,T002700,2026-08-17 12:13:00,P018,2,11000.0,7950,0,Cash
SL0003940,T002700,2026-08-17 12:13:00,P012,1,9800.0,8800,500,Cash
SL0003941,T002701,2026-08-18 16:04:00,P035,2,10250.0,8150,0,Cash
SL0003942,T002702,2026-08-18 14:03:00,P020,1,9600.0,7050,0,Cash
SL0003943,T002702,2026-08-18 14:03:00,P039,1,9350.0,7550,0,Cash
SL0003944,T002703,2026-08-18 15:20:00,P032,1,10850.0,8500,0,Cash
SL0003945,T002704,2026-08-18 14:31:00,P008,1,1450.0,1200,0,Cash
SL0003946,T002705,2026-08-18 21:28:00,P011,1,5600.0,4100,0,Cash
SL0003947,T002705,2026-08-18 21:28:00,P026,1,8650.0,7250,0,Cash
SL0003948,T002705,2026-08-18 21:28:00,P021,1,10450.0,8200,0,KBZPay
SL0003949,T002706,2026-08-18 14:34:00,P018,1,11000.0,7950,0,WavePay
SL0003950,T002707,2026-08-18 12:29:00,P024,1,5650.0,4800,0,Cash
SL0003951,T002707,2026-08-18 12:29:00,P009,1,9500.0,7150,500,Cash
SL0003952,T002708,2026-08-18 08:10:00,P024,1,5650.0,4800,0,WavePay
SL0003953,T002709,2026-08-18 13:16:00,P034,1,6900.0,5900,0,Cash
SL0003954,T002710,2026-08-18 10:48:00,P022,1,8800.0,7450,0,Cash
SL0003955,T002710,2026-08-18 10:48:00,P011,1,5600.0,4100,0,WavePay
SL0003956,T002711,2026-08-18 10:41:00,P009,1,9500.0,7150,0,Cash
SL0003957,T002712,2026-08-18 07:23:00,P003,2,7250.0,5200,0,Cash
SL0003958,T002713,2026-08-18 11:50:00,P008,1,1450.0,1200,0,Cash
SL0003959,T002714,2026-08-18 10:22:00,P039,2,9350.0,7550,0,Cash
SL0003960,T002715,2026-08-18 14:47:00,P003,3,7250.0,5200,0,Cash
SL0003961,T002716,2026-08-18 14:15:00,P025,1,2450.0,2150,0,Cash
SL0003962,T002716,2026-08-18 14:15:00,P038,1,4500.0,3300,0,KBZPay
SL0003963,T002717,2026-08-18 11:56:00,P035,2,10250.0,8150,0,Cash
SL0003964,T002718,2026-08-18 15:05:00,P031,2,6800.0,4750,0,WavePay
SL0003965,T002718,2026-08-18 15:05:00,P027,3,600.0,500,0,Cash
SL0003966,T002719,2026-08-18 18:03:00,P020,1,9600.0,7050,0,WavePay
SL0003967,T002719,2026-08-18 18:03:00,P037,1,4650.0,3300,0,Cash
SL0003968,T002720,2026-08-18 18:45:00,P031,1,6800.0,4750,0,KBZPay
SL0003969,T002720,2026-08-18 18:45:00,P030,1,9850.0,8500,0,Cash
SL0003970,T002721,2026-08-18 17:23:00,P003,2,7250.0,5200,0,Cash
SL0003971,T002722,2026-08-18 11:54:00,P006,1,6750.0,4750,0,Cash
SL0003972,T002723,2026-08-18 09:36:00,P030,1,9850.0,8500,0,WavePay
SL0003973,T002723,2026-08-18 09:36:00,P012,1,9800.0,8800,0,KBZPay
SL0003974,T002724,2026-08-18 12:04:00,P014,2,10450.0,8900,0,KBZPay
SL0003975,T002725,2026-08-18 21:44:00,P026,1,8650.0,7250,0,WavePay
SL0003976,T002726,2026-08-18 11:11:00,P015,2,1050.0,750,100,WavePay
SL0003977,T002726,2026-08-18 11:11:00,P030,2,9850.0,8500,0,Cash
SL0003978,T002726,2026-08-18 11:11:00,P020,1,9600.0,7050,0,Cash
SL0003979,T002727,2026-08-18 12:34:00,P033,1,550.0,450,0,Cash
SL0003980,T002728,2026-08-18 11:49:00,P039,1,9350.0,7550,0,Cash
SL0003981,T002729,2026-08-18 16:48:00,P009,1,9500.0,7150,0,Cash
SL0003982,T002729,2026-08-18 16:48:00,P020,1,9600.0,7050,0,WavePay
SL0003983,T002730,2026-08-19 07:00:00,P039,2,9350.0,7550,0,WavePay
SL0003984,T002731,2026-08-19 18:47:00,P010,1,7200.0,5600,0,Cash
SL0003985,T002731,2026-08-19 18:47:00,P031,1,6800.0,4750,0,Cash
SL0003986,T002732,2026-08-19 19:17:00,P012,1,9800.0,8800,0,Cash
SL0003987,T002733,2026-08-19 15:11:00,P025,2,2450.0,2150,250,WavePay
SL0003988,T002733,2026-08-19 15:11:00,P040,4,6800.0,5650,0,Cash
SL0003989,T002733,2026-08-19 15:11:00,P008,1,1450.0,1200,0,Cash
SL0003990,T002734,2026-08-19 08:56:00,P020,2,9600.0,7050,950,Cash
SL0003991,T002735,2026-08-19 16:56:00,P011,1,5600.0,4100,0,WavePay
SL0003992,T002736,2026-08-19 07:59:00,P027,1,600.0,500,0,KBZPay
SL0003993,T002737,2026-08-19 20:44:00,P036,2,6250.0,4350,0,Cash
SL0003994,T002738,2026-08-19 14:49:00,P026,3,8650.0,7250,0,Cash
SL0003995,T002739,2026-08-19 16:40:00,P024,1,5650.0,4800,0,KBZPay
SL0003996,T002739,2026-08-19 16:40:00,P028,2,950.0,750,0,Cash
SL0003997,T002739,2026-08-19 16:40:00,P027,1,600.0,500,0,Cash
SL0003998,T002740,2026-08-19 14:42:00,P015,2,1050.0,750,0,Cash
SL0003999,T002740,2026-08-19 14:42:00,P012,1,9800.0,8800,500,Cash
SL0004000,T002741,2026-08-19 10:52:00,P038,1,4500.0,3300,0,Cash
SL0004001,T002742,2026-08-19 14:33:00,P034,4,6900.0,5900,0,Cash
SL0004002,T002742,2026-08-19 14:33:00,P038,1,4500.0,3300,0,Cash
SL0004003,T002743,2026-08-19 11:40:00,P015,1,1050.0,750,0,Cash
SL0004004,T002744,2026-08-19 11:57:00,P004,1,2300.0,1700,0,Cash
SL0004005,T002745,2026-08-19 12:12:00,P035,1,10250.0,8150,0,Cash
SL0004006,T002745,2026-08-19 12:12:00,P038,1,4500.0,3300,0,KBZPay
SL0004007,T002746,2026-08-19 14:16:00,P012,1,9800.0,8800,0,Cash
SL0004008,T002746,2026-08-19 14:16:00,P017,1,8050.0,6850,0,Cash
SL0004009,T002746,2026-08-19 14:16:00,P015,2,1050.0,750,0,WavePay
SL0004010,T002747,2026-08-19 11:37:00,P028,2,950.0,750,0,Cash
SL0004011,T002747,2026-08-19 11:37:00,P026,2,8650.0,7250,0,KBZPay
SL0004012,T002747,2026-08-19 11:37:00,P034,1,6900.0,5900,350,Cash
SL0004013,T002748,2026-08-19 11:33:00,P006,2,6750.0,4750,0,Cash
SL0004014,T002748,2026-08-19 11:33:00,P016,1,10700.0,8500,0,Cash
SL0004015,T002749,2026-08-19 14:43:00,P006,1,6750.0,4750,0,Cash
SL0004016,T002749,2026-08-19 14:43:00,P008,2,1450.0,1200,0,Cash
SL0004017,T002750,2026-08-19 18:59:00,P015,2,1050.0,750,0,KBZPay
SL0004018,T002751,2026-08-19 07:33:00,P033,2,550.0,450,0,Cash
SL0004019,T002752,2026-08-19 08:11:00,P020,1,9600.0,7050,0,Cash
SL0004020,T002753,2026-08-19 13:04:00,P025,1,2450.0,2150,0,Cash
SL0004021,T002754,2026-08-19 12:06:00,P008,1,1450.0,1200,0,Cash
SL0004022,T002755,2026-08-19 13:45:00,P039,3,9350.0,7550,0,Cash
SL0004023,T002755,2026-08-19 13:45:00,P030,1,9850.0,8500,0,KBZPay
SL0004024,T002756,2026-08-19 19:01:00,P031,1,6800.0,4750,0,Cash
SL0004025,T002757,2026-08-19 10:12:00,P017,1,8050.0,6850,0,Cash
SL0004026,T002758,2026-08-19 10:18:00,P024,1,5650.0,4800,0,Cash
SL0004027,T002759,2026-08-19 19:59:00,P021,1,10450.0,8200,500,Cash
SL0004028,T002760,2026-08-19 14:27:00,P021,1,10450.0,8200,0,Cash
SL0004029,T002760,2026-08-19 14:27:00,P033,1,550.0,450,0,Cash
SL0004030,T002760,2026-08-19 14:27:00,P003,1,7250.0,5200,0,Cash
SL0004031,T002761,2026-08-19 10:34:00,P020,2,9600.0,7050,0,WavePay
SL0004032,T002761,2026-08-19 10:34:00,P039,1,9350.0,7550,0,Cash
SL0004033,T002761,2026-08-19 10:34:00,P005,1,8700.0,6300,0,Cash
SL0004034,T002762,2026-08-19 14:28:00,P006,2,6750.0,4750,0,Cash
SL0004035,T002763,2026-08-20 15:46:00,P037,1,4650.0,3300,0,WavePay
SL0004036,T002764,2026-08-20 16:32:00,P028,2,950.0,750,0,KBZPay
SL0004037,T002764,2026-08-20 16:32:00,P039,1,9350.0,7550,0,Cash
SL0004038,T002765,2026-08-20 10:08:00,P024,1,5650.0,4800,0,Cash
SL0004039,T002766,2026-08-20 15:54:00,P016,2,10700.0,8500,0,Cash
SL0004040,T002767,2026-08-20 13:59:00,P007,1,2750.0,2400,0,Cash
SL0004041,T002767,2026-08-20 13:59:00,P025,1,2450.0,2150,0,WavePay
SL0004042,T002767,2026-08-20 13:59:00,P029,1,9250.0,7400,450,Cash
SL0004043,T002768,2026-08-20 11:47:00,P008,1,1450.0,1200,0,Cash
SL0004044,T002769,2026-08-20 15:37:00,P015,1,1050.0,750,0,Cash
SL0004045,T002770,2026-08-20 15:03:00,P030,1,9850.0,8500,0,Cash
SL0004046,T002771,2026-08-20 15:04:00,P034,2,6900.0,5900,0,Cash
SL0004047,T002772,2026-08-20 16:31:00,P037,1,4650.0,3300,250,Cash
SL0004048,T002773,2026-08-20 10:37:00,P039,2,9350.0,7550,0,Cash
SL0004049,T002774,2026-08-20 09:16:00,P010,1,7200.0,5600,350,KBZPay
SL0004050,T002774,2026-08-20 09:16:00,P034,1,6900.0,5900,0,Cash
SL0004051,T002774,2026-08-20 09:16:00,P036,3,6250.0,4350,0,Cash
SL0004052,T002775,2026-08-20 13:25:00,P025,3,2450.0,2150,0,KBZPay
SL0004053,T002776,2026-08-20 20:47:00,P005,1,8700.0,6300,0,Cash
SL0004054,T002776,2026-08-20 20:47:00,P017,2,8050.0,6850,0,KBZPay
SL0004055,T002777,2026-08-20 10:25:00,P012,4,9800.0,8800,0,KBZPay
SL0004056,T002778,2026-08-20 07:32:00,P039,2,9350.0,7550,0,Cash
SL0004057,T002778,2026-08-20 07:32:00,P038,1,4500.0,3300,0,Cash
SL0004058,T002779,2026-08-20 13:19:00,P008,1,1450.0,1200,0,Cash
SL0004059,T002779,2026-08-20 13:19:00,P016,1,10700.0,8500,0,WavePay
SL0004060,T002780,2026-08-20 07:50:00,P034,1,6900.0,5900,0,Cash
SL0004061,T002780,2026-08-20 07:50:00,P039,1,9350.0,7550,0,KBZPay
SL0004062,T002781,2026-08-20 13:35:00,P003,1,7250.0,5200,0,Cash
SL0004063,T002782,2026-08-20 08:49:00,P015,1,1050.0,750,0,Cash
SL0004064,T002783,2026-08-20 14:40:00,P016,1,10700.0,8500,0,Cash
SL0004065,T002784,2026-08-20 13:17:00,P030,1,9850.0,8500,0,KBZPay
SL0004066,T002785,2026-08-20 16:31:00,P005,2,8700.0,6300,0,KBZPay
SL0004067,T002786,2026-08-20 16:39:00,P031,1,6800.0,4750,0,KBZPay
SL0004068,T002787,2026-08-20 14:19:00,P006,1,6750.0,4750,0,Cash
SL0004069,T002787,2026-08-20 14:19:00,P003,1,7250.0,5200,0,KBZPay
SL0004070,T002788,2026-08-20 16:20:00,P033,2,550.0,450,0,WavePay
SL0004071,T002789,2026-08-20 17:12:00,P025,4,2450.0,2150,0,WavePay
SL0004072,T002789,2026-08-20 17:12:00,P034,1,6900.0,5900,0,Cash
SL0004073,T002790,2026-08-20 10:05:00,P003,1,7250.0,5200,0,KBZPay
SL0004074,T002790,2026-08-20 10:05:00,P026,1,8650.0,7250,0,KBZPay
SL0004075,T002791,2026-08-20 13:09:00,P012,1,9800.0,8800,0,Cash
SL0004076,T002792,2026-08-20 09:56:00,P016,2,10700.0,8500,0,KBZPay
SL0004077,T002792,2026-08-20 09:56:00,P008,3,1450.0,1200,0,Cash
SL0004078,T002793,2026-08-20 11:46:00,P010,1,7200.0,5600,350,Cash
SL0004079,T002794,2026-08-20 11:06:00,P016,1,10700.0,8500,0,Cash
SL0004080,T002795,2026-08-20 18:35:00,P011,1,5600.0,4100,0,Cash
SL0004081,T002796,2026-08-20 14:45:00,P030,1,9850.0,8500,500,Cash
SL0004082,T002796,2026-08-20 14:45:00,P021,1,10450.0,8200,0,KBZPay
SL0004083,T002797,2026-08-20 10:23:00,P005,1,8700.0,6300,0,WavePay
SL0004084,T002798,2026-08-21 12:52:00,P004,4,2300.0,1700,0,WavePay
SL0004085,T002798,2026-08-21 12:52:00,P003,1,7250.0,5200,0,Cash
SL0004086,T002799,2026-08-21 17:21:00,P034,1,6900.0,5900,0,WavePay
SL0004087,T002800,2026-08-21 15:10:00,P020,2,9600.0,7050,0,Cash
SL0004088,T002801,2026-08-21 11:17:00,P012,2,9800.0,8800,0,Cash
SL0004089,T002802,2026-08-21 13:22:00,P015,1,1050.0,750,0,Cash
SL0004090,T002802,2026-08-21 13:22:00,P002,1,9700.0,7950,0,Cash
SL0004091,T002803,2026-08-21 08:26:00,P021,1,10450.0,8200,0,Cash
SL0004092,T002804,2026-08-21 10:47:00,P005,2,8700.0,6300,0,Cash
SL0004093,T002805,2026-08-21 21:20:00,P029,3,9250.0,7400,0,Cash
SL0004094,T002806,2026-08-21 08:55:00,P003,1,7250.0,5200,0,KBZPay
SL0004095,T002806,2026-08-21 08:55:00,P026,1,8650.0,7250,450,KBZPay
SL0004096,T002807,2026-08-21 16:50:00,P006,1,6750.0,4750,0,WavePay
SL0004097,T002808,2026-08-21 12:32:00,P015,1,1050.0,750,0,KBZPay
SL0004098,T002808,2026-08-21 12:32:00,P007,2,2750.0,2400,0,Cash
SL0004099,T002809,2026-08-21 13:54:00,P034,1,6900.0,5900,0,Cash
SL0004100,T002810,2026-08-21 14:49:00,P039,1,9350.0,7550,0,Cash
SL0004101,T002810,2026-08-21 14:49:00,P003,2,7250.0,5200,0,WavePay
SL0004102,T002810,2026-08-21 14:49:00,P022,1,8800.0,7450,0,Cash
SL0004103,T002811,2026-08-21 12:10:00,P021,1,10450.0,8200,0,Cash
SL0004104,T002812,2026-08-21 17:16:00,P038,2,4500.0,3300,0,Cash
SL0004105,T002813,2026-08-21 15:07:00,P030,1,9850.0,8500,0,Cash
SL0004106,T002813,2026-08-21 15:07:00,P006,1,6750.0,4750,0,KBZPay
SL0004107,T002814,2026-08-21 20:02:00,P039,1,9350.0,7550,0,Cash
SL0004108,T002815,2026-08-21 14:48:00,P016,1,10700.0,8500,0,Cash
SL0004109,T002815,2026-08-21 14:48:00,P009,1,9500.0,7150,0,WavePay
SL0004110,T002816,2026-08-21 11:00:00,P003,1,7250.0,5200,0,Cash
SL0004111,T002817,2026-08-21 10:38:00,P033,1,550.0,450,0,WavePay
SL0004112,T002818,2026-08-21 15:45:00,P038,1,4500.0,3300,0,Cash
SL0004113,T002819,2026-08-21 15:48:00,P035,2,10250.0,8150,0,Cash
SL0004114,T002820,2026-08-21 07:20:00,P029,1,9250.0,7400,0,Cash
SL0004115,T002821,2026-08-22 15:38:00,P034,1,6900.0,5900,0,Cash
SL0004116,T002822,2026-08-22 21:57:00,P010,2,7200.0,5600,700,KBZPay
SL0004117,T002822,2026-08-22 21:57:00,P015,3,1050.0,750,0,Cash
SL0004118,T002822,2026-08-22 21:57:00,P019,1,3050.0,2500,0,Cash
SL0004119,T002823,2026-08-22 14:20:00,P005,2,8700.0,6300,0,KBZPay
SL0004120,T002824,2026-08-22 14:44:00,P011,3,5600.0,4100,0,Cash
SL0004121,T002825,2026-08-22 10:40:00,P030,2,9850.0,8500,0,Cash
SL0004122,T002826,2026-08-22 19:10:00,P034,2,6900.0,5900,0,KBZPay
SL0004123,T002826,2026-08-22 19:10:00,P012,1,9800.0,8800,0,Cash
SL0004124,T002826,2026-08-22 19:10:00,P026,1,8650.0,7250,0,WavePay
SL0004125,T002827,2026-08-22 12:48:00,P008,1,1450.0,1200,0,KBZPay
SL0004126,T002828,2026-08-22 16:09:00,P039,1,9350.0,7550,0,Cash
SL0004127,T002829,2026-08-22 08:22:00,P030,1,9850.0,8500,0,Cash
SL0004128,T002830,2026-08-22 07:42:00,P038,1,4500.0,3300,0,Cash
SL0004129,T002831,2026-08-22 13:33:00,P021,4,10450.0,8200,0,Cash
SL0004130,T002832,2026-08-22 14:21:00,P017,2,8050.0,6850,800,Cash
SL0004131,T002833,2026-08-22 17:55:00,P008,1,1450.0,1200,0,Cash
SL0004132,T002833,2026-08-22 17:55:00,P009,2,9500.0,7150,0,Cash
SL0004133,T002834,2026-08-22 07:44:00,P018,1,11000.0,7950,0,Cash
SL0004134,T002835,2026-08-22 18:39:00,P012,3,9800.0,8800,0,KBZPay
SL0004135,T002835,2026-08-22 18:39:00,P031,3,6800.0,4750,0,Cash
SL0004136,T002836,2026-08-22 17:14:00,P030,1,9850.0,8500,0,KBZPay
SL0004137,T002836,2026-08-22 17:14:00,P003,1,7250.0,5200,0,WavePay
SL0004138,T002837,2026-08-22 12:11:00,P032,4,10850.0,8500,0,WavePay
SL0004139,T002838,2026-08-22 12:32:00,P038,2,4500.0,3300,0,Cash
SL0004140,T002839,2026-08-22 08:01:00,P024,2,5650.0,4800,0,KBZPay
SL0004141,T002840,2026-08-22 17:54:00,P015,1,1050.0,750,0,WavePay
SL0004142,T002841,2026-08-22 11:00:00,P032,1,10850.0,8500,0,Cash
SL0004143,T002841,2026-08-22 11:00:00,P001,1,9400.0,7950,450,Cash
SL0004144,T002842,2026-08-22 07:11:00,P017,2,8050.0,6850,0,Cash
SL0004145,T002843,2026-08-22 17:12:00,P039,2,9350.0,7550,0,WavePay
SL0004146,T002844,2026-08-22 21:05:00,P028,2,950.0,750,0,Cash
SL0004147,T002844,2026-08-22 21:05:00,P039,1,9350.0,7550,0,Cash
SL0004148,T002845,2026-08-22 12:54:00,P037,2,4650.0,3300,0,Cash
SL0004149,T002845,2026-08-22 12:54:00,P007,1,2750.0,2400,0,KBZPay
SL0004150,T002846,2026-08-22 14:44:00,P009,3,9500.0,7150,0,WavePay
SL0004151,T002847,2026-08-22 09:22:00,P005,2,8700.0,6300,0,Cash
SL0004152,T002847,2026-08-22 09:22:00,P032,2,10850.0,8500,0,Cash
SL0004153,T002847,2026-08-22 09:22:00,P011,2,5600.0,4100,0,Cash
SL0004154,T002848,2026-08-22 19:58:00,P014,1,10450.0,8900,0,KBZPay
SL0004155,T002849,2026-08-22 16:11:00,P031,2,6800.0,4750,0,Cash
SL0004156,T002849,2026-08-22 16:11:00,P011,1,5600.0,4100,0,Cash
SL0004157,T002850,2026-08-23 17:22:00,P005,2,8700.0,6300,0,Cash
SL0004158,T002851,2026-08-23 18:39:00,P011,2,5600.0,4100,0,Cash
SL0004159,T002851,2026-08-23 18:39:00,P033,3,550.0,450,0,WavePay
SL0004160,T002852,2026-08-23 14:42:00,P026,1,8650.0,7250,0,Cash
SL0004161,T002853,2026-08-23 18:05:00,P015,1,1050.0,750,0,Cash
SL0004162,T002853,2026-08-23 18:05:00,P020,2,9600.0,7050,0,KBZPay
SL0004163,T002854,2026-08-23 11:38:00,P011,1,5600.0,4100,0,Cash
SL0004164,T002855,2026-08-23 09:37:00,P034,1,6900.0,5900,0,Cash
SL0004165,T002855,2026-08-23 09:37:00,P021,1,10450.0,8200,0,Cash
SL0004166,T002856,2026-08-23 07:42:00,P024,2,5650.0,4800,0,Cash
SL0004167,T002856,2026-08-23 07:42:00,P015,2,1050.0,750,0,Cash
SL0004168,T002857,2026-08-23 11:27:00,P037,2,4650.0,3300,0,Cash
SL0004169,T002858,2026-08-23 13:58:00,P006,1,6750.0,4750,0,Cash
SL0004170,T002858,2026-08-23 13:58:00,P039,4,9350.0,7550,0,Cash
SL0004171,T002858,2026-08-23 13:58:00,P030,1,9850.0,8500,0,Cash
SL0004172,T002859,2026-08-23 16:59:00,P024,1,5650.0,4800,0,Cash
SL0004173,T002859,2026-08-23 16:59:00,P025,1,2450.0,2150,100,Cash
SL0004174,T002860,2026-08-23 20:06:00,P034,1,6900.0,5900,0,Cash
SL0004175,T002861,2026-08-23 13:06:00,P030,1,9850.0,8500,0,WavePay
SL0004176,T002862,2026-08-23 10:18:00,P030,1,9850.0,8500,0,Cash
SL0004177,T002862,2026-08-23 10:18:00,P008,1,1450.0,1200,0,Cash
SL0004178,T002862,2026-08-23 10:18:00,P002,1,9700.0,7950,0,Cash
SL0004179,T002863,2026-08-23 12:33:00,P010,2,7200.0,5600,0,Cash
SL0004180,T002864,2026-08-23 07:02:00,P019,1,3050.0,2500,0,Cash
SL0004181,T002865,2026-08-23 13:33:00,P032,2,10850.0,8500,0,KBZPay
SL0004182,T002866,2026-08-23 16:49:00,P037,1,4650.0,3300,0,KBZPay
SL0004183,T002866,2026-08-23 16:49:00,P039,1,9350.0,7550,0,KBZPay
SL0004184,T002867,2026-08-23 17:28:00,P002,1,9700.0,7950,0,Cash
SL0004185,T002868,2026-08-23 17:37:00,P036,3,6250.0,4350,0,WavePay
SL0004186,T002868,2026-08-23 17:37:00,P025,1,2450.0,2150,0,Cash
SL0004187,T002869,2026-08-23 07:13:00,P034,2,6900.0,5900,0,Cash
SL0004188,T002870,2026-08-23 11:13:00,P009,2,9500.0,7150,0,KBZPay
SL0004189,T002871,2026-08-23 12:26:00,P022,2,8800.0,7450,0,Cash
SL0004190,T002871,2026-08-23 12:26:00,P006,1,6750.0,4750,0,Cash
SL0004191,T002871,2026-08-23 12:26:00,P019,1,3050.0,2500,0,Cash
SL0004192,T002872,2026-08-23 12:58:00,P016,1,10700.0,8500,0,Cash
SL0004193,T002872,2026-08-23 12:58:00,P011,3,5600.0,4100,0,Cash
SL0004194,T002873,2026-08-23 14:17:00,P012,2,9800.0,8800,0,Cash
SL0004195,T002873,2026-08-23 14:17:00,P020,2,9600.0,7050,0,WavePay
SL0004196,T002874,2026-08-23 10:20:00,P031,1,6800.0,4750,0,Cash
SL0004197,T002875,2026-08-23 14:04:00,P036,1,6250.0,4350,0,Cash
SL0004198,T002876,2026-08-23 15:39:00,P007,2,2750.0,2400,0,KBZPay
SL0004199,T002877,2026-08-23 10:36:00,P011,1,5600.0,4100,300,Cash
SL0004200,T002877,2026-08-23 10:36:00,P031,1,6800.0,4750,0,Cash
SL0004201,T002878,2026-08-23 07:07:00,P026,1,8650.0,7250,0,KBZPay
SL0004202,T002879,2026-08-23 17:24:00,P010,1,7200.0,5600,0,Cash
SL0004203,T002880,2026-08-23 07:11:00,P032,1,10850.0,8500,0,Cash
SL0004204,T002881,2026-08-23 15:42:00,P009,2,9500.0,7150,0,KBZPay
SL0004205,T002882,2026-08-23 13:14:00,P002,3,9700.0,7950,0,KBZPay
SL0004206,T002883,2026-08-23 14:48:00,P009,1,9500.0,7150,500,Cash
SL0004207,T002884,2026-08-23 15:19:00,P014,1,10450.0,8900,0,Cash
SL0004208,T002885,2026-08-23 10:33:00,P004,3,2300.0,1700,0,Cash
SL0004209,T002886,2026-08-23 10:30:00,P002,1,9700.0,7950,0,Cash
SL0004210,T002887,2026-08-23 19:23:00,P010,1,7200.0,5600,0,Cash
SL0004211,T002888,2026-08-23 08:00:00,P020,1,9600.0,7050,500,WavePay
SL0004212,T002889,2026-08-23 11:04:00,P015,1,1050.0,750,0,Cash
SL0004213,T002889,2026-08-23 11:04:00,P024,1,5650.0,4800,0,KBZPay
SL0004214,T002890,2026-08-23 11:01:00,P008,1,1450.0,1200,0,KBZPay
SL0004215,T002891,2026-08-23 09:50:00,P024,2,5650.0,4800,0,Cash
SL0004216,T002892,2026-08-24 12:11:00,P015,1,1050.0,750,0,Cash
SL0004217,T002893,2026-08-24 16:33:00,P024,1,5650.0,4800,0,Cash
SL0004218,T002894,2026-08-24 09:33:00,P011,1,5600.0,4100,0,Cash
SL0004219,T002894,2026-08-24 09:33:00,P016,2,10700.0,8500,0,Cash
SL0004220,T002895,2026-08-24 16:08:00,P014,2,10450.0,8900,0,Cash
SL0004221,T002895,2026-08-24 16:08:00,P016,1,10700.0,8500,0,Cash
SL0004222,T002896,2026-08-24 09:59:00,P026,1,8650.0,7250,450,Cash
SL0004223,T002896,2026-08-24 09:59:00,P024,1,5650.0,4800,0,Cash
SL0004224,T002897,2026-08-24 14:22:00,P006,2,6750.0,4750,0,Cash
SL0004225,T002898,2026-08-24 14:13:00,P027,2,600.0,500,0,KBZPay
SL0004226,T002899,2026-08-24 14:34:00,P021,1,10450.0,8200,0,Cash
SL0004227,T002900,2026-08-24 07:12:00,P005,2,8700.0,6300,0,Cash
SL0004228,T002901,2026-08-24 17:02:00,P018,1,11000.0,7950,0,KBZPay
SL0004229,T002901,2026-08-24 17:02:00,P007,2,2750.0,2400,0,Cash
SL0004230,T002902,2026-08-24 08:22:00,P039,2,9350.0,7550,0,Cash
SL0004231,T002903,2026-08-24 12:46:00,P020,1,9600.0,7050,0,Cash
SL0004232,T002903,2026-08-24 12:46:00,P039,1,9350.0,7550,0,Cash
SL0004233,T002903,2026-08-24 12:46:00,P005,1,8700.0,6300,0,WavePay
SL0004234,T002904,2026-08-24 16:42:00,P002,1,9700.0,7950,0,KBZPay
SL0004235,T002904,2026-08-24 16:42:00,P005,1,8700.0,6300,0,KBZPay
SL0004236,T002905,2026-08-24 19:57:00,P024,2,5650.0,4800,0,Cash
SL0004237,T002905,2026-08-24 19:57:00,P008,1,1450.0,1200,0,Cash
SL0004238,T002906,2026-08-24 17:25:00,P039,1,9350.0,7550,0,Cash
SL0004239,T002907,2026-08-24 07:47:00,P021,1,10450.0,8200,0,Cash
SL0004240,T002908,2026-08-24 09:22:00,P027,1,600.0,500,0,WavePay
SL0004241,T002909,2026-08-24 18:54:00,P025,2,2450.0,2150,0,Cash
SL0004242,T002910,2026-08-24 13:14:00,P025,1,2450.0,2150,0,WavePay
SL0004243,T002911,2026-08-24 18:30:00,P030,1,9850.0,8500,0,Cash
SL0004244,T002912,2026-08-24 19:32:00,P021,3,10450.0,8200,0,Cash
SL0004245,T002912,2026-08-24 19:32:00,P038,1,4500.0,3300,0,Cash
SL0004246,T002913,2026-08-24 14:18:00,P033,1,550.0,450,0,Cash
SL0004247,T002914,2026-08-24 14:21:00,P005,1,8700.0,6300,450,Cash
SL0004248,T002914,2026-08-24 14:21:00,P002,1,9700.0,7950,500,WavePay
SL0004249,T002915,2026-08-24 10:40:00,P011,2,5600.0,4100,0,Cash
SL0004250,T002915,2026-08-24 10:40:00,P027,3,600.0,500,0,Cash
SL0004251,T002915,2026-08-24 10:40:00,P028,4,950.0,750,0,Cash
SL0004252,T002916,2026-08-24 08:32:00,P016,1,10700.0,8500,0,KBZPay
SL0004253,T002916,2026-08-24 08:32:00,P013,2,8950.0,6450,0,Cash
SL0004254,T002916,2026-08-24 08:32:00,P029,1,9250.0,7400,0,Cash
SL0004255,T002917,2026-08-25 13:12:00,P020,2,9600.0,7050,0,Cash
SL0004256,T002918,2026-08-25 16:53:00,P022,1,8800.0,7450,0,WavePay
SL0004257,T002918,2026-08-25 16:53:00,P029,1,9250.0,7400,0,KBZPay
SL0004258,T002919,2026-08-25 14:34:00,P008,1,1450.0,1200,0,Cash
SL0004259,T002920,2026-08-25 15:31:00,P002,1,9700.0,7950,0,Cash
SL0004260,T002920,2026-08-25 15:31:00,P008,2,1450.0,1200,0,Cash
SL0004261,T002921,2026-08-25 11:14:00,P037,1,4650.0,3300,0,Cash
SL0004262,T002922,2026-08-25 18:43:00,P003,1,7250.0,5200,0,Cash
SL0004263,T002922,2026-08-25 18:43:00,P039,1,9350.0,7550,0,Cash
SL0004264,T002922,2026-08-25 18:43:00,P031,1,6800.0,4750,0,Cash
SL0004265,T002923,2026-08-25 11:52:00,P031,3,6800.0,4750,0,Cash
SL0004266,T002924,2026-08-25 10:57:00,P018,1,11000.0,7950,0,Cash
SL0004267,T002925,2026-08-25 14:59:00,P008,2,1450.0,1200,0,Cash
SL0004268,T002926,2026-08-25 12:31:00,P010,1,7200.0,5600,0,Cash
SL0004269,T002927,2026-08-25 13:22:00,P039,1,9350.0,7550,0,Cash
SL0004270,T002928,2026-08-25 19:28:00,P039,1,9350.0,7550,0,Cash
SL0004271,T002929,2026-08-25 13:03:00,P015,1,1050.0,750,0,Cash
SL0004272,T002929,2026-08-25 13:03:00,P039,1,9350.0,7550,0,KBZPay
SL0004273,T002930,2026-08-25 17:34:00,P020,1,9600.0,7050,0,Cash
SL0004274,T002931,2026-08-25 09:02:00,P037,1,4650.0,3300,0,KBZPay
SL0004275,T002931,2026-08-25 09:02:00,P009,3,9500.0,7150,0,Cash
SL0004276,T002932,2026-08-25 16:11:00,P002,1,9700.0,7950,0,Cash
SL0004277,T002932,2026-08-25 16:11:00,P005,1,8700.0,6300,450,KBZPay
SL0004278,T002933,2026-08-25 14:24:00,P019,2,3050.0,2500,0,Cash
SL0004279,T002934,2026-08-25 12:33:00,P002,1,9700.0,7950,0,Cash
SL0004280,T002934,2026-08-25 12:33:00,P020,1,9600.0,7050,0,Cash
SL0004281,T002935,2026-08-25 10:53:00,P021,1,10450.0,8200,500,Cash
SL0004282,T002935,2026-08-25 10:53:00,P026,4,8650.0,7250,0,Cash
SL0004283,T002935,2026-08-25 10:53:00,P007,1,2750.0,2400,0,WavePay
SL0004284,T002936,2026-08-25 12:52:00,P024,3,5650.0,4800,0,Cash
SL0004285,T002936,2026-08-25 12:52:00,P020,1,9600.0,7050,0,Cash
SL0004286,T002936,2026-08-25 12:52:00,P017,1,8050.0,6850,0,Cash
SL0004287,T002937,2026-08-25 13:22:00,P013,1,8950.0,6450,0,Cash
SL0004288,T002938,2026-08-25 16:48:00,P030,1,9850.0,8500,0,Cash
SL0004289,T002939,2026-08-25 18:05:00,P010,3,7200.0,5600,0,KBZPay
SL0004290,T002940,2026-08-25 16:11:00,P007,2,2750.0,2400,0,Cash
SL0004291,T002941,2026-08-25 09:40:00,P015,1,1050.0,750,0,Cash
SL0004292,T002941,2026-08-25 09:40:00,P030,1,9850.0,8500,0,Cash
SL0004293,T002942,2026-08-25 12:44:00,P010,1,7200.0,5600,0,Cash
SL0004294,T002943,2026-08-25 13:18:00,P003,2,7250.0,5200,0,Cash
SL0004295,T002944,2026-08-25 16:53:00,P012,1,9800.0,8800,0,Cash
SL0004296,T002945,2026-08-25 16:03:00,P023,1,7800.0,6250,0,Cash
SL0004297,T002945,2026-08-25 16:03:00,P003,1,7250.0,5200,0,Cash
SL0004298,T002946,2026-08-25 15:34:00,P034,1,6900.0,5900,0,Cash
SL0004299,T002947,2026-08-25 10:51:00,P033,3,550.0,450,0,Cash
SL0004300,T002948,2026-08-26 09:01:00,P020,1,9600.0,7050,0,Cash
SL0004301,T002948,2026-08-26 09:01:00,P004,2,2300.0,1700,0,Cash
SL0004302,T002949,2026-08-26 17:15:00,P027,1,600.0,500,0,Cash
SL0004303,T002950,2026-08-26 14:56:00,P008,3,1450.0,1200,0,KBZPay
SL0004304,T002951,2026-08-26 11:03:00,P024,1,5650.0,4800,0,Cash
SL0004305,T002951,2026-08-26 11:03:00,P020,1,9600.0,7050,0,Cash
SL0004306,T002952,2026-08-26 18:59:00,P031,2,6800.0,4750,0,Cash
SL0004307,T002952,2026-08-26 18:59:00,P026,2,8650.0,7250,0,WavePay
SL0004308,T002953,2026-08-26 10:12:00,P020,1,9600.0,7050,0,Cash
SL0004309,T002953,2026-08-26 10:12:00,P005,1,8700.0,6300,450,Cash
SL0004310,T002954,2026-08-26 07:16:00,P039,2,9350.0,7550,0,Cash
SL0004311,T002955,2026-08-26 19:54:00,P011,1,5600.0,4100,300,Cash
SL0004312,T002956,2026-08-26 08:24:00,P031,2,6800.0,4750,0,Cash
SL0004313,T002956,2026-08-26 08:24:00,P008,4,1450.0,1200,0,Cash
SL0004314,T002957,2026-08-26 08:46:00,P038,1,4500.0,3300,0,Cash
SL0004315,T002958,2026-08-26 18:52:00,P013,1,8950.0,6450,0,KBZPay
SL0004316,T002959,2026-08-26 21:16:00,P026,1,8650.0,7250,0,KBZPay
SL0004317,T002960,2026-08-26 10:00:00,P039,2,9350.0,7550,0,Cash
SL0004318,T002961,2026-08-26 21:18:00,P024,2,5650.0,4800,0,Cash
SL0004319,T002962,2026-08-26 12:04:00,P039,4,9350.0,7550,0,Cash
SL0004320,T002962,2026-08-26 12:04:00,P014,1,10450.0,8900,0,Cash
SL0004321,T002963,2026-08-26 15:50:00,P012,2,9800.0,8800,0,Cash
SL0004322,T002964,2026-08-26 12:46:00,P030,2,9850.0,8500,0,WavePay
SL0004323,T002965,2026-08-26 12:04:00,P018,1,11000.0,7950,0,WavePay
SL0004324,T002965,2026-08-26 12:04:00,P033,1,550.0,450,0,KBZPay
SL0004325,T002965,2026-08-26 12:04:00,P038,1,4500.0,3300,0,KBZPay
SL0004326,T002966,2026-08-26 08:07:00,P027,1,600.0,500,0,Cash
SL0004327,T002967,2026-08-26 07:11:00,P006,1,6750.0,4750,0,KBZPay
SL0004328,T002967,2026-08-26 07:11:00,P033,1,550.0,450,0,KBZPay
SL0004329,T002968,2026-08-26 15:47:00,P008,1,1450.0,1200,0,Cash
SL0004330,T002968,2026-08-26 15:47:00,P009,1,9500.0,7150,0,Cash
SL0004331,T002969,2026-08-26 09:54:00,P036,2,6250.0,4350,0,Cash
SL0004332,T002970,2026-08-26 12:41:00,P005,1,8700.0,6300,0,WavePay
SL0004333,T002971,2026-08-26 19:51:00,P033,1,550.0,450,0,Cash
SL0004334,T002972,2026-08-26 21:50:00,P031,2,6800.0,4750,0,Cash
SL0004335,T002973,2026-08-26 21:42:00,P015,1,1050.0,750,0,KBZPay
SL0004336,T002974,2026-08-26 15:41:00,P010,1,7200.0,5600,0,Cash
SL0004337,T002975,2026-08-26 11:27:00,P012,1,9800.0,8800,0,Cash
SL0004338,T002976,2026-08-26 12:38:00,P011,1,5600.0,4100,0,Cash
SL0004339,T002977,2026-08-26 09:06:00,P015,2,1050.0,750,0,Cash
SL0004340,T002978,2026-08-26 11:23:00,P028,3,950.0,750,0,WavePay
SL0004341,T002979,2026-08-26 09:52:00,P012,1,9800.0,8800,0,Cash
SL0004342,T002979,2026-08-26 09:52:00,P037,1,4650.0,3300,250,WavePay
SL0004343,T002980,2026-08-26 17:00:00,P004,1,2300.0,1700,0,Cash
SL0004344,T002980,2026-08-26 17:00:00,P024,1,5650.0,4800,0,Cash
SL0004345,T002980,2026-08-26 17:00:00,P030,1,9850.0,8500,0,Cash
SL0004346,T002981,2026-08-26 13:43:00,P008,1,1450.0,1200,0,KBZPay
SL0004347,T002981,2026-08-26 13:43:00,P027,2,600.0,500,50,Cash
SL0004348,T002982,2026-08-26 07:25:00,P020,1,9600.0,7050,0,Cash
SL0004349,T002983,2026-08-26 16:50:00,P009,1,9500.0,7150,0,Cash
SL0004350,T002983,2026-08-26 16:50:00,P005,1,8700.0,6300,0,Cash
SL0004351,T002984,2026-08-26 11:06:00,P025,2,2450.0,2150,0,Cash
SL0004352,T002985,2026-08-26 13:42:00,P005,1,8700.0,6300,0,WavePay
SL0004353,T002986,2026-08-26 19:09:00,P039,1,9350.0,7550,0,Cash
SL0004354,T002987,2026-08-27 10:47:00,P039,1,9350.0,7550,0,Cash
SL0004355,T002987,2026-08-27 10:47:00,P021,2,10450.0,8200,0,KBZPay
SL0004356,T002988,2026-08-27 10:03:00,P001,2,9400.0,7950,0,Cash
SL0004357,T002989,2026-08-27 12:49:00,P021,1,10450.0,8200,0,Cash
SL0004358,T002989,2026-08-27 12:49:00,P039,1,9350.0,7550,0,Cash
SL0004359,T002989,2026-08-27 12:49:00,P036,1,6250.0,4350,0,WavePay
SL0004360,T002990,2026-08-27 07:41:00,P015,1,1050.0,750,0,KBZPay
SL0004361,T002991,2026-08-27 21:07:00,P002,1,9700.0,7950,0,Cash
SL0004362,T002992,2026-08-27 11:27:00,P015,1,1050.0,750,0,Cash
SL0004363,T002993,2026-08-27 11:31:00,P020,1,9600.0,7050,0,KBZPay
SL0004364,T002994,2026-08-27 11:54:00,P033,2,550.0,450,0,Cash
SL0004365,T002995,2026-08-27 16:53:00,P034,1,6900.0,5900,0,Cash
SL0004366,T002996,2026-08-27 10:50:00,P026,1,8650.0,7250,0,KBZPay
SL0004367,T002997,2026-08-27 12:28:00,P014,2,10450.0,8900,1050,Cash
SL0004368,T002998,2026-08-27 16:25:00,P021,1,10450.0,8200,500,Cash
SL0004369,T002998,2026-08-27 16:25:00,P006,1,6750.0,4750,0,Cash
SL0004370,T002998,2026-08-27 16:25:00,P012,1,9800.0,8800,0,Cash
SL0004371,T002999,2026-08-27 11:04:00,P019,1,3050.0,2500,0,Cash
SL0004372,T003000,2026-08-27 13:18:00,P006,1,6750.0,4750,0,Cash
SL0004373,T003000,2026-08-27 13:18:00,P024,1,5650.0,4800,0,Cash
SL0004374,T003000,2026-08-27 13:18:00,P002,1,9700.0,7950,0,Cash
SL0004375,T003001,2026-08-27 14:53:00,P003,1,7250.0,5200,0,Cash
SL0004376,T003001,2026-08-27 14:53:00,P026,1,8650.0,7250,0,Cash
SL0004377,T003002,2026-08-27 12:27:00,P038,1,4500.0,3300,200,KBZPay
SL0004378,T003002,2026-08-27 12:27:00,P033,1,550.0,450,50,Cash
SL0004379,T003003,2026-08-27 11:40:00,P037,2,4650.0,3300,0,Cash
SL0004380,T003003,2026-08-27 11:40:00,P026,1,8650.0,7250,0,WavePay
SL0004381,T003004,2026-08-27 19:59:00,P014,1,10450.0,8900,0,Cash
SL0004382,T003005,2026-08-27 20:28:00,P028,2,950.0,750,0,Cash
SL0004383,T003006,2026-08-27 15:34:00,P034,1,6900.0,5900,0,Cash
SL0004384,T003007,2026-08-27 17:00:00,P039,1,9350.0,7550,0,KBZPay
SL0004385,T003008,2026-08-27 21:52:00,P016,1,10700.0,8500,0,Cash
SL0004386,T003009,2026-08-27 13:27:00,P003,1,7250.0,5200,0,KBZPay
SL0004387,T003010,2026-08-27 07:17:00,P033,1,550.0,450,0,WavePay
SL0004388,T003010,2026-08-27 07:17:00,P025,2,2450.0,2150,0,KBZPay
SL0004389,T003011,2026-08-27 19:24:00,P006,1,6750.0,4750,0,KBZPay
SL0004390,T003012,2026-08-27 21:12:00,P011,1,5600.0,4100,0,Cash
SL0004391,T003013,2026-08-27 14:14:00,P028,1,950.0,750,0,Cash
SL0004392,T003013,2026-08-27 14:14:00,P007,1,2750.0,2400,0,WavePay
SL0004393,T003014,2026-08-27 12:02:00,P015,2,1050.0,750,0,Cash
SL0004394,T003015,2026-08-27 10:20:00,P006,1,6750.0,4750,0,KBZPay
SL0004395,T003015,2026-08-27 10:20:00,P023,1,7800.0,6250,0,Cash
SL0004396,T003016,2026-08-27 11:57:00,P030,1,9850.0,8500,0,Cash
SL0004397,T003017,2026-08-27 11:19:00,P037,1,4650.0,3300,0,WavePay
SL0004398,T003017,2026-08-27 11:19:00,P015,2,1050.0,750,0,Cash
SL0004399,T003018,2026-08-27 14:44:00,P003,1,7250.0,5200,0,Cash
SL0004400,T003018,2026-08-27 14:44:00,P024,2,5650.0,4800,0,Cash
SL0004401,T003019,2026-08-27 17:00:00,P005,1,8700.0,6300,0,Cash
SL0004402,T003020,2026-08-27 10:09:00,P003,1,7250.0,5200,0,Cash
SL0004403,T003021,2026-08-27 15:57:00,P014,1,10450.0,8900,0,Cash
SL0004404,T003021,2026-08-27 15:57:00,P040,1,6800.0,5650,0,Cash
SL0004405,T003022,2026-08-27 21:58:00,P002,3,9700.0,7950,0,Cash
SL0004406,T003023,2026-08-28 14:54:00,P012,1,9800.0,8800,0,KBZPay
SL0004407,T003023,2026-08-28 14:54:00,P027,1,600.0,500,0,Cash
SL0004408,T003024,2026-08-28 12:10:00,P005,1,8700.0,6300,0,Cash
SL0004409,T003025,2026-08-28 15:40:00,P031,1,6800.0,4750,350,KBZPay
SL0004410,T003025,2026-08-28 15:40:00,P039,1,9350.0,7550,0,Cash
SL0004411,T003026,2026-08-28 18:22:00,P031,1,6800.0,4750,0,Cash
SL0004412,T003026,2026-08-28 18:22:00,P012,2,9800.0,8800,0,Cash
SL0004413,T003026,2026-08-28 18:22:00,P024,1,5650.0,4800,0,Cash
SL0004414,T003027,2026-08-28 15:50:00,P037,3,4650.0,3300,0,KBZPay
SL0004415,T003027,2026-08-28 15:50:00,P030,1,9850.0,8500,0,Cash
SL0004416,T003028,2026-08-28 11:47:00,P024,1,5650.0,4800,0,Cash
SL0004417,T003028,2026-08-28 11:47:00,P021,1,10450.0,8200,0,Cash
SL0004418,T003029,2026-08-28 12:32:00,P012,1,9800.0,8800,0,Cash
SL0004419,T003029,2026-08-28 12:32:00,P015,1,1050.0,750,0,Cash
SL0004420,T003030,2026-08-28 11:07:00,P009,1,9500.0,7150,0,Cash
SL0004421,T003030,2026-08-28 11:07:00,P012,2,9800.0,8800,0,Cash
SL0004422,T003031,2026-08-28 16:10:00,P008,1,1450.0,1200,0,KBZPay
SL0004423,T003032,2026-08-28 16:39:00,P003,3,7250.0,5200,0,KBZPay
SL0004424,T003032,2026-08-28 16:39:00,P005,1,8700.0,6300,0,Cash
SL0004425,T003033,2026-08-28 07:27:00,P006,1,6750.0,4750,0,Cash
SL0004426,T003034,2026-08-28 21:28:00,P025,1,2450.0,2150,0,WavePay
SL0004427,T003035,2026-08-28 21:33:00,P001,1,9400.0,7950,450,Cash
SL0004428,T003036,2026-08-28 15:27:00,P015,2,1050.0,750,0,Cash
SL0004429,T003037,2026-08-28 15:35:00,P027,1,600.0,500,0,Cash
SL0004430,T003038,2026-08-28 19:42:00,P034,1,6900.0,5900,0,Cash
SL0004431,T003039,2026-08-28 11:06:00,P009,1,9500.0,7150,0,Cash
SL0004432,T003039,2026-08-28 11:06:00,P010,1,7200.0,5600,350,KBZPay
SL0004433,T003039,2026-08-28 11:06:00,P030,2,9850.0,8500,0,Cash
SL0004434,T003040,2026-08-28 15:49:00,P007,1,2750.0,2400,0,WavePay
SL0004435,T003041,2026-08-28 18:41:00,P013,1,8950.0,6450,450,Cash
SL0004436,T003042,2026-08-28 12:36:00,P016,1,10700.0,8500,0,Cash
SL0004437,T003043,2026-08-28 18:53:00,P010,1,7200.0,5600,350,Cash
SL0004438,T003044,2026-08-28 17:46:00,P017,1,8050.0,6850,0,Cash
SL0004439,T003045,2026-08-28 10:22:00,P003,2,7250.0,5200,0,Cash
SL0004440,T003046,2026-08-28 16:03:00,P022,1,8800.0,7450,0,Cash
SL0004441,T003046,2026-08-28 16:03:00,P027,2,600.0,500,0,Cash
SL0004442,T003047,2026-08-28 12:18:00,P004,4,2300.0,1700,0,Cash
SL0004443,T003048,2026-08-28 14:30:00,P010,1,7200.0,5600,0,Cash
SL0004444,T003049,2026-08-28 10:07:00,P024,1,5650.0,4800,0,Cash
SL0004445,T003050,2026-08-28 07:59:00,P002,1,9700.0,7950,0,KBZPay
SL0004446,T003050,2026-08-28 07:59:00,P015,1,1050.0,750,0,Cash
SL0004447,T003051,2026-08-28 20:27:00,P038,1,4500.0,3300,0,Cash
SL0004448,T003052,2026-08-28 11:39:00,P020,1,9600.0,7050,0,Cash
SL0004449,T003053,2026-08-28 16:44:00,P020,2,9600.0,7050,0,Cash
SL0004450,T003054,2026-08-28 07:45:00,P002,1,9700.0,7950,0,Cash
SL0004451,T003054,2026-08-28 07:45:00,P020,1,9600.0,7050,0,Cash
SL0004452,T003054,2026-08-28 07:45:00,P034,1,6900.0,5900,0,KBZPay
SL0004453,T003055,2026-08-28 18:47:00,P020,2,9600.0,7050,0,Cash
SL0004454,T003056,2026-08-28 15:03:00,P004,1,2300.0,1700,0,Cash
SL0004455,T003057,2026-08-29 14:08:00,P024,1,5650.0,4800,0,Cash
SL0004456,T003058,2026-08-29 07:32:00,P020,1,9600.0,7050,0,Cash
SL0004457,T003059,2026-08-29 12:56:00,P037,1,4650.0,3300,0,Cash
SL0004458,T003059,2026-08-29 12:56:00,P032,1,10850.0,8500,0,KBZPay
SL0004459,T003060,2026-08-29 17:51:00,P008,1,1450.0,1200,0,Cash
SL0004460,T003060,2026-08-29 17:51:00,P020,1,9600.0,7050,0,Cash
SL0004461,T003060,2026-08-29 17:51:00,P022,1,8800.0,7450,0,Cash
SL0004462,T003061,2026-08-29 15:43:00,P021,1,10450.0,8200,0,Cash
SL0004463,T003061,2026-08-29 15:43:00,P007,1,2750.0,2400,0,Cash
SL0004464,T003062,2026-08-29 21:14:00,P021,1,10450.0,8200,0,KBZPay
SL0004465,T003062,2026-08-29 21:14:00,P030,1,9850.0,8500,0,Cash
SL0004466,T003063,2026-08-29 11:25:00,P015,1,1050.0,750,0,WavePay
SL0004467,T003064,2026-08-29 11:29:00,P014,2,10450.0,8900,0,Cash
SL0004468,T003064,2026-08-29 11:29:00,P021,1,10450.0,8200,0,Cash
SL0004469,T003065,2026-08-29 16:22:00,P008,1,1450.0,1200,0,Cash
SL0004470,T003066,2026-08-29 13:54:00,P019,1,3050.0,2500,0,WavePay
SL0004471,T003067,2026-08-29 07:15:00,P009,1,9500.0,7150,0,WavePay
SL0004472,T003067,2026-08-29 07:15:00,P022,2,8800.0,7450,0,Cash
SL0004473,T003068,2026-08-29 09:57:00,P021,2,10450.0,8200,0,Cash
SL0004474,T003069,2026-08-29 14:40:00,P020,2,9600.0,7050,0,Cash
SL0004475,T003070,2026-08-29 20:05:00,P036,1,6250.0,4350,0,Cash
SL0004476,T003071,2026-08-29 13:58:00,P024,1,5650.0,4800,0,Cash
SL0004477,T003072,2026-08-29 19:51:00,P038,1,4500.0,3300,0,Cash
SL0004478,T003073,2026-08-29 17:35:00,P022,1,8800.0,7450,0,WavePay
SL0004479,T003073,2026-08-29 17:35:00,P039,1,9350.0,7550,450,Cash
SL0004480,T003074,2026-08-29 16:19:00,P030,1,9850.0,8500,0,Cash
SL0004481,T003075,2026-08-29 15:49:00,P028,1,950.0,750,0,Cash
SL0004482,T003076,2026-08-29 17:17:00,P014,1,10450.0,8900,0,KBZPay
SL0004483,T003076,2026-08-29 17:17:00,P018,2,11000.0,7950,1100,Cash
SL0004484,T003077,2026-08-29 18:31:00,P002,1,9700.0,7950,0,WavePay
SL0004485,T003077,2026-08-29 18:31:00,P034,2,6900.0,5900,0,Cash
SL0004486,T003077,2026-08-29 18:31:00,P006,2,6750.0,4750,0,Cash
SL0004487,T003078,2026-08-29 16:42:00,P039,3,9350.0,7550,0,Cash
SL0004488,T003079,2026-08-29 16:13:00,P013,1,8950.0,6450,0,Cash
SL0004489,T003079,2026-08-29 16:13:00,P008,1,1450.0,1200,0,Cash
SL0004490,T003080,2026-08-29 07:32:00,P015,3,1050.0,750,150,Cash
SL0004491,T003081,2026-08-29 17:11:00,P003,1,7250.0,5200,0,Cash
SL0004492,T003082,2026-08-29 14:39:00,P030,1,9850.0,8500,0,Cash
SL0004493,T003082,2026-08-29 14:39:00,P031,1,6800.0,4750,0,Cash
SL0004494,T003083,2026-08-29 11:07:00,P013,1,8950.0,6450,0,Cash
SL0004495,T003084,2026-08-29 07:54:00,P002,1,9700.0,7950,0,Cash
SL0004496,T003084,2026-08-29 07:54:00,P039,1,9350.0,7550,0,Cash
SL0004497,T003085,2026-08-29 21:23:00,P039,1,9350.0,7550,0,KBZPay
SL0004498,T003086,2026-08-29 09:31:00,P038,1,4500.0,3300,0,KBZPay
SL0004499,T003087,2026-08-29 07:36:00,P011,1,5600.0,4100,0,Cash
SL0004500,T003087,2026-08-29 07:36:00,P033,1,550.0,450,0,Cash
SL0004501,T003088,2026-08-29 20:57:00,P006,1,6750.0,4750,0,Cash
SL0004502,T003089,2026-08-29 10:22:00,P020,1,9600.0,7050,0,Cash
SL0004503,T003090,2026-08-29 12:54:00,P028,4,950.0,750,0,KBZPay
SL0004504,T003091,2026-08-29 14:14:00,P003,1,7250.0,5200,0,Cash
SL0004505,T003092,2026-08-29 13:53:00,P024,1,5650.0,4800,0,Cash
SL0004506,T003092,2026-08-29 13:53:00,P015,1,1050.0,750,0,KBZPay
SL0004507,T003093,2026-08-29 16:04:00,P024,1,5650.0,4800,0,Cash
SL0004508,T003094,2026-08-29 21:37:00,P005,1,8700.0,6300,0,Cash
SL0004509,T003095,2026-08-29 17:17:00,P012,1,9800.0,8800,0,Cash
SL0004510,T003095,2026-08-29 17:17:00,P015,1,1050.0,750,50,Cash
SL0004511,T003096,2026-08-29 10:10:00,P002,2,9700.0,7950,0,Cash
SL0004512,T003096,2026-08-29 10:10:00,P028,1,950.0,750,0,KBZPay
SL0000051,T000038,2026-06-02 11:23:00,P012,1,9800.0,8800,500,KBZPay
